vessel_id,vessel_name,carrier,vessel_class,cargo_volume_teu,length_m,draft_m,berth_id,cranes_allocated,carrier_reported_eta,actual_arrival_time,departure_time,arrival_speed_knots,wind_speed_knots,tidal_restriction_flag,scheduled_dwell_hours,actual_dwell_hours,delay_minutes,delay_cause,shift_id,eta_bias_hours
IMO9300001,Maersk Panamax 0001,Maersk,Panamax,3571,271.9,10.5,B-04,3,2025-05-19T07:08:17.467629+00:00,2025-05-19T08:45:29.467629+00:00,2025-05-20T18:09:29.467629+00:00,14.0,13.7,0,34.4,33.4,0,NONE,SHIFT_A (06:00-14:00),1.62
IMO9300002,KMTC Feeder 0002,KMTC,Feeder,2457,143.2,8.5,B-08,2,2025-03-21T05:17:57.547228+00:00,2025-03-21T06:49:45.547228+00:00,2025-03-22T02:31:45.547228+00:00,13.2,8.1,0,19.3,19.7,0,NONE,SHIFT_A (06:00-14:00),1.53
IMO9300003,X-Press Feeders Feeder 0003,X-Press Feeders,Feeder,2036,135.8,9.1,B-09,2,2025-02-14T10:53:38.080930+00:00,2025-02-14T14:14:02.080930+00:00,2025-02-15T16:38:02.080930+00:00,9.4,32.3,1,20.0,26.4,385,WEATHER,SHIFT_B (14:00-22:00),3.34
IMO9300004,CMA CGM Feeder 0004,CMA CGM,Feeder,1392,132.7,7.6,B-08,2,2025-01-10T18:45:30.700015+00:00,2025-01-10T18:54:30.700015+00:00,2025-01-11T18:00:30.700015+00:00,13.1,24.7,0,20.2,23.1,173,WEATHER,SHIFT_B (14:00-22:00),0.15
IMO9300005,ONE Handymax 0005,ONE,Handymax,3399,206.8,10.3,B-06,3,2025-07-06T21:54:38.622290+00:00,2025-07-07T00:14:26.622290+00:00,2025-07-07T18:14:26.622290+00:00,17.1,8.2,0,18.0,18.0,0,NONE,SHIFT_C (22:00-06:00),2.33
IMO9300006,MSC Post-Panamax 0006,MSC,Post-Panamax,9084,311.5,12.6,B-04,3,2026-03-09T13:02:07.756523+00:00,2026-03-09T18:51:19.756523+00:00,2026-03-11T14:21:19.756523+00:00,17.9,9.4,0,43.3,43.5,0,NONE,SHIFT_B (14:00-22:00),5.82
IMO9300007,SITC Handymax 0007,SITC,Handymax,3149,185.7,8.8,B-08,2,2025-03-29T16:57:01.564777+00:00,2025-03-29T17:05:25.564777+00:00,2025-03-30T18:59:25.564777+00:00,15.5,12.5,0,25.5,25.9,0,NONE,SHIFT_B (14:00-22:00),0.14
IMO9300008,Hapag-Lloyd Neo-Panamax 0008,Hapag-Lloyd,Neo-Panamax,13458,356.3,15.1,B-03,4,2026-08-03T11:23:18.615982+00:00,2026-08-03T12:19:42.615982+00:00,2026-08-05T15:25:42.615982+00:00,9.8,12.9,0,49.5,51.1,95,WEATHER,SHIFT_A (06:00-14:00),0.94
IMO9300009,COSCO Post-Panamax 0009,COSCO,Post-Panamax,8685,334.1,13.6,B-03,4,2026-06-29T22:06:07.202224+00:00,2026-06-29T22:41:31.202224+00:00,2026-07-01T22:59:31.202224+00:00,15.3,30.0,1,49.0,48.3,0,NONE,SHIFT_C (22:00-06:00),0.59
IMO9300010,ZIM Neo-Panamax 0010,ZIM,Neo-Panamax,11629,361.9,14.5,B-01,4,2025-12-23T03:38:25.899819+00:00,2025-12-23T04:55:13.899819+00:00,2025-12-25T09:01:13.899819+00:00,18.4,8.2,0,48.6,52.1,210,YARD_CONGESTION,SHIFT_C (22:00-06:00),1.28
IMO9300011,COSCO Panamax 0011,COSCO,Panamax,4259,285.0,11.8,B-05,3,2026-08-07T12:07:59.373299+00:00,2026-08-07T16:51:11.373299+00:00,2026-08-09T01:39:11.373299+00:00,11.5,6.0,0,30.7,32.8,124,CRANE_OUTAGE,SHIFT_B (14:00-22:00),4.72
IMO9300012,OOCL Feeder 0012,OOCL,Feeder,1880,186.8,7.4,B-10,2,2025-11-17T17:38:20.338377+00:00,2025-11-17T18:58:08.338377+00:00,2025-11-18T12:10:08.338377+00:00,11.7,9.4,0,17.6,17.2,0,NONE,SHIFT_B (14:00-22:00),1.33
IMO9300013,PIL ULCV 0013,PIL,ULCV,15982,380.9,15.5,B-01,4,2026-04-09T12:18:40.746278+00:00,2026-04-09T13:19:52.746278+00:00,2026-04-12T13:55:52.746278+00:00,16.5,9.8,1,72.0,72.6,0,NONE,SHIFT_A (06:00-14:00),1.02
IMO9300014,CMA CGM Neo-Panamax 0014,CMA CGM,Neo-Panamax,13976,353.4,14.1,B-01,4,2025-08-26T04:53:36.265008+00:00,2025-08-26T07:30:48.265008+00:00,2025-08-28T06:48:48.265008+00:00,16.2,20.2,0,47.4,47.3,0,NONE,SHIFT_A (06:00-14:00),2.62
IMO9300015,COSCO Panamax 0015,COSCO,Panamax,4734,226.8,10.9,B-07,3,2025-10-17T03:48:10.679811+00:00,2025-10-17T07:37:22.679811+00:00,2025-10-18T11:13:22.679811+00:00,9.6,34.4,1,28.3,27.6,0,NONE,SHIFT_A (06:00-14:00),3.82
IMO9300016,KMTC Panamax 0016,KMTC,Panamax,3308,232.8,10.9,B-07,3,2025-02-13T19:27:24.524080+00:00,2025-02-13T22:32:12.524080+00:00,2025-02-15T08:26:12.524080+00:00,16.6,24.3,0,34.9,33.9,0,NONE,SHIFT_C (22:00-06:00),3.08
IMO9300017,Yang Ming Feeder 0017,Yang Ming,Feeder,1237,140.0,8.2,B-09,2,2024-12-07T21:00:05.517487+00:00,2024-12-07T22:47:29.517487+00:00,2024-12-08T21:05:29.517487+00:00,14.6,13.1,0,22.0,22.3,0,NONE,SHIFT_C (22:00-06:00),1.79
IMO9300018,OOCL Post-Panamax 0018,OOCL,Post-Panamax,6979,307.7,13.1,B-05,3,2025-04-06T19:40:31.191392+00:00,2025-04-06T20:11:43.191392+00:00,2025-04-08T20:41:43.191392+00:00,14.3,5.1,0,47.8,48.5,0,NONE,SHIFT_B (14:00-22:00),0.52
IMO9300019,MSC Panamax 0019,MSC,Panamax,3761,287.3,10.2,B-04,3,2025-07-17T01:19:07.377932+00:00,2025-07-17T03:10:07.377932+00:00,2025-07-18T13:16:07.377932+00:00,13.3,7.1,0,34.0,34.1,0,NONE,SHIFT_C (22:00-06:00),1.85
IMO9300020,Wan Hai Panamax 0020,Wan Hai,Panamax,4286,285.4,10.4,B-05,3,2026-03-11T01:45:12.714768+00:00,2026-03-11T02:46:24.714768+00:00,2026-03-12T09:04:24.714768+00:00,13.3,7.4,0,28.9,30.3,82,YARD_CONGESTION,SHIFT_C (22:00-06:00),1.02
IMO9300021,COSCO Feeder 0021,COSCO,Feeder,1343,134.4,7.5,B-08,2,2024-11-15T16:51:43.182274+00:00,2024-11-15T21:13:19.182274+00:00,2024-11-17T00:13:19.182274+00:00,12.0,12.7,0,20.8,27.0,373,CRANE_OUTAGE,SHIFT_B (14:00-22:00),4.36
IMO9300022,Maersk ULCV 0022,Maersk,ULCV,15697,388.7,15.6,B-01,4,2026-03-11T21:35:14.647314+00:00,2026-03-12T00:34:38.647314+00:00,2026-03-14T20:22:38.647314+00:00,15.3,25.8,0,68.2,67.8,0,NONE,SHIFT_C (22:00-06:00),2.99
IMO9300023,HMM Post-Panamax 0023,HMM,Post-Panamax,6916,325.3,13.0,B-01,4,2025-06-18T19:33:39.953290+00:00,2025-06-18T21:03:39.953290+00:00,2025-06-21T03:57:39.953290+00:00,14.0,11.9,0,55.1,54.9,0,NONE,SHIFT_B (14:00-22:00),1.5
IMO9300024,Maersk Post-Panamax 0024,Maersk,Post-Panamax,7721,305.6,14.4,B-05,3,2026-08-23T06:15:03.766453+00:00,2026-08-23T09:45:03.766453+00:00,2026-08-25T06:27:03.766453+00:00,12.7,12.7,0,45.0,44.7,0,NONE,SHIFT_A (06:00-14:00),3.5
IMO9300025,MSC ULCV 0025,MSC,ULCV,18088,396.6,14.9,B-03,4,2026-07-06T05:20:40.830875+00:00,2026-07-06T08:23:04.830875+00:00,2026-07-09T16:47:04.830875+00:00,10.8,13.4,0,72.1,80.4,499,WEATHER,SHIFT_A (06:00-14:00),3.04
IMO9300026,KMTC Post-Panamax 0026,KMTC,Post-Panamax,9221,301.2,14.0,B-04,3,2025-02-17T23:23:18.798378+00:00,2025-02-18T02:41:18.798378+00:00,2025-02-20T00:17:18.798378+00:00,15.0,24.6,0,43.2,45.6,145,WEATHER,SHIFT_C (22:00-06:00),3.3
IMO9300027,MSC Handymax 0027,MSC,Handymax,2942,214.3,9.1,B-08,2,2026-02-10T14:20:56.533446+00:00,2026-02-10T17:04:44.533446+00:00,2026-02-12T02:04:44.533446+00:00,13.3,3.3,0,24.9,33.0,485,WEATHER,SHIFT_B (14:00-22:00),2.73
IMO9300028,X-Press Feeders Handymax 0028,X-Press Feeders,Handymax,2678,207.2,10.6,B-06,3,2026-06-27T04:39:48.827883+00:00,2026-06-27T07:47:00.827883+00:00,2026-06-28T14:29:00.827883+00:00,13.8,31.9,1,30.4,30.7,0,NONE,SHIFT_A (06:00-14:00),3.12
IMO9300029,COSCO Handymax 0029,COSCO,Handymax,2521,195.4,9.9,B-06,3,2025-04-26T05:04:50.350883+00:00,2025-04-26T10:36:02.350883+00:00,2025-04-27T13:48:02.350883+00:00,14.5,16.0,0,23.1,27.2,246,CRANE_OUTAGE,SHIFT_A (06:00-14:00),5.52
IMO9300030,Wan Hai Panamax 0030,Wan Hai,Panamax,3510,263.6,11.3,B-06,3,2025-09-18T07:23:36.724525+00:00,2025-09-18T07:23:36.724525+00:00,2025-09-19T19:29:36.724525+00:00,13.2,18.8,0,36.8,36.1,0,NONE,SHIFT_A (06:00-14:00),0.0
IMO9300031,X-Press Feeders Post-Panamax 0031,X-Press Feeders,Post-Panamax,8965,333.9,14.3,B-04,3,2025-08-19T22:36:18.496239+00:00,2025-08-20T00:26:42.496239+00:00,2025-08-21T16:56:42.496239+00:00,14.5,13.9,0,40.7,40.5,0,NONE,SHIFT_C (22:00-06:00),1.84
IMO9300032,OOCL Feeder 0032,OOCL,Feeder,2307,177.6,9.4,B-08,2,2025-06-01T03:21:00.970699+00:00,2025-06-01T03:57:00.970699+00:00,2025-06-01T20:27:00.970699+00:00,13.2,10.9,0,15.8,16.5,0,NONE,SHIFT_C (22:00-06:00),0.6
IMO9300033,ZIM Feeder 0033,ZIM,Feeder,850,143.5,7.5,B-08,2,2026-03-26T00:26:37.979255+00:00,2026-03-26T00:26:37.979255+00:00,2026-03-26T16:32:37.979255+00:00,15.0,5.6,0,15.8,16.1,0,NONE,SHIFT_C (22:00-06:00),0.0
IMO9300034,Yang Ming Panamax 0034,Yang Ming,Panamax,3436,230.3,11.4,B-07,3,2026-04-13T17:26:10.261667+00:00,2026-04-13T20:07:34.261667+00:00,2026-04-15T01:07:34.261667+00:00,13.8,22.5,0,28.3,29.0,0,NONE,SHIFT_B (14:00-22:00),2.69
IMO9300035,Hapag-Lloyd Feeder 0035,Hapag-Lloyd,Feeder,1944,178.1,8.7,B-10,2,2026-02-01T21:17:01.697135+00:00,2026-02-01T22:15:49.697135+00:00,2026-02-02T23:09:49.697135+00:00,12.6,22.8,0,20.3,24.9,273,YARD_CONGESTION,SHIFT_C (22:00-06:00),0.98
IMO9300036,OOCL Neo-Panamax 0036,OOCL,Neo-Panamax,12271,351.7,15.0,B-03,4,2025-10-04T12:21:49.116607+00:00,2025-10-04T13:00:13.116607+00:00,2025-10-06T13:54:13.116607+00:00,14.2,10.0,0,48.3,48.9,0,NONE,SHIFT_A (06:00-14:00),0.64
IMO9300037,Hapag-Lloyd Feeder 0037,Hapag-Lloyd,Feeder,2246,143.9,8.7,B-08,2,2026-08-02T23:16:52.104519+00:00,2026-08-02T23:20:28.104519+00:00,2026-08-03T19:20:28.104519+00:00,15.7,13.6,0,19.1,20.0,55,YARD_CONGESTION,SHIFT_C (22:00-06:00),0.06
IMO9300038,X-Press Feeders Neo-Panamax 0038,X-Press Feeders,Neo-Panamax,12446,352.4,15.4,B-02,4,2025-01-12T03:02:44.605839+00:00,2025-01-12T05:03:20.605839+00:00,2025-01-14T13:21:20.605839+00:00,11.9,30.0,1,56.2,56.3,0,NONE,SHIFT_C (22:00-06:00),2.01
IMO9300039,Yang Ming Feeder 0039,Yang Ming,Feeder,1596,146.4,8.2,B-09,2,2025-05-24T22:16:30.912077+00:00,2025-05-25T00:38:42.912077+00:00,2025-05-26T01:14:42.912077+00:00,11.7,23.7,0,24.0,24.6,0,NONE,SHIFT_C (22:00-06:00),2.37
IMO9300040,Maersk Panamax 0040,Maersk,Panamax,4891,225.9,10.9,B-05,3,2026-08-13T00:04:11.579483+00:00,2026-08-13T00:04:11.579483+00:00,2026-08-14T15:16:11.579483+00:00,14.9,12.9,0,35.0,39.2,254,CRANE_OUTAGE,SHIFT_C (22:00-06:00),0.0
IMO9300041,KMTC Handymax 0041,KMTC,Handymax,2039,190.1,8.7,B-06,3,2024-09-28T17:58:35.585668+00:00,2024-09-28T18:31:35.585668+00:00,2024-09-29T18:19:35.585668+00:00,16.6,21.8,0,21.3,23.8,147,YARD_CONGESTION,SHIFT_B (14:00-22:00),0.55
IMO9300042,Hapag-Lloyd Neo-Panamax 0042,Hapag-Lloyd,Neo-Panamax,10937,346.2,14.4,B-03,4,2024-11-05T06:31:00.028683+00:00,2024-11-05T06:31:00.028683+00:00,2024-11-07T16:13:00.028683+00:00,14.4,14.5,0,57.0,57.7,0,NONE,SHIFT_A (06:00-14:00),0.0
IMO9300043,Evergreen Post-Panamax 0043,Evergreen,Post-Panamax,6710,348.2,12.7,B-03,4,2025-07-30T21:31:37.300965+00:00,2025-07-31T00:06:25.300965+00:00,2025-08-02T04:06:25.300965+00:00,13.5,28.9,1,48.4,52.0,214,WEATHER,SHIFT_C (22:00-06:00),2.58
IMO9300044,ZIM Feeder 0044,ZIM,Feeder,1047,181.0,8.5,B-10,2,2025-03-04T01:50:15.983913+00:00,2025-03-04T05:40:03.983913+00:00,2025-03-05T00:40:03.983913+00:00,12.9,12.2,0,19.4,19.0,0,NONE,SHIFT_C (22:00-06:00),3.83
IMO9300045,OOCL Neo-Panamax 0045,OOCL,Neo-Panamax,13766,342.7,15.4,B-03,4,2026-05-31T02:32:01.578187+00:00,2026-05-31T04:22:25.578187+00:00,2026-06-02T16:46:25.578187+00:00,16.5,18.4,0,59.9,60.4,0,NONE,SHIFT_C (22:00-06:00),1.84
IMO9300046,Wan Hai Panamax 0046,Wan Hai,Panamax,3354,279.6,11.7,B-06,3,2024-12-22T20:22:39.536081+00:00,2024-12-22T21:00:27.536081+00:00,2024-12-24T05:12:27.536081+00:00,12.1,10.1,0,33.1,32.2,0,NONE,SHIFT_B (14:00-22:00),0.63
IMO9300047,Evergreen Neo-Panamax 0047,Evergreen,Neo-Panamax,12116,352.7,14.2,B-02,4,2026-02-28T23:14:31.786218+00:00,2026-02-28T23:14:31.786218+00:00,2026-03-02T23:32:31.786218+00:00,12.4,16.4,0,48.6,48.3,0,NONE,SHIFT_C (22:00-06:00),0.0
IMO9300048,Yang Ming Panamax 0048,Yang Ming,Panamax,5010,268.3,11.3,B-07,3,2025-02-24T16:01:12.602505+00:00,2025-02-24T17:40:48.602505+00:00,2025-02-26T06:58:48.602505+00:00,15.0,6.3,0,37.3,37.3,0,NONE,SHIFT_B (14:00-22:00),1.66
IMO9300049,PIL Panamax 0049,PIL,Panamax,4354,249.8,11.5,B-06,3,2025-04-30T11:29:08.853387+00:00,2025-04-30T13:15:56.853387+00:00,2025-05-01T22:15:56.853387+00:00,15.9,7.1,0,32.6,33.0,0,NONE,SHIFT_A (06:00-14:00),1.78
IMO9300050,ONE Feeder 0050,ONE,Feeder,2007,174.3,7.7,B-10,2,2025-07-15T19:00:08.737578+00:00,2025-07-15T22:45:08.737578+00:00,2025-07-16T17:45:08.737578+00:00,12.3,33.6,1,16.9,19.0,124,CRANE_OUTAGE,SHIFT_C (22:00-06:00),3.75
IMO9300051,MSC Handymax 0051,MSC,Handymax,2258,202.1,10.2,B-09,2,2026-07-06T08:54:05.218345+00:00,2026-07-06T12:39:05.218345+00:00,2026-07-07T09:21:05.218345+00:00,14.6,14.8,0,20.1,20.7,0,NONE,SHIFT_A (06:00-14:00),3.75
IMO9300052,CMA CGM Feeder 0052,CMA CGM,Feeder,2089,154.0,7.2,B-10,2,2026-08-10T14:39:48.381797+00:00,2026-08-10T19:24:48.381797+00:00,2026-08-11T18:12:48.381797+00:00,13.1,7.9,0,17.8,22.8,301,TIDAL_WINDOW_MISSED,SHIFT_B (14:00-22:00),4.75
IMO9300053,KMTC Panamax 0053,KMTC,Panamax,3924,262.4,11.6,B-07,3,2025-10-29T00:54:04.156461+00:00,2025-10-29T03:27:04.156461+00:00,2025-10-30T09:33:04.156461+00:00,13.0,36.0,1,27.6,30.1,151,YARD_CONGESTION,SHIFT_C (22:00-06:00),2.55
IMO9300054,HMM Panamax 0054,HMM,Panamax,3711,266.2,10.3,B-04,3,2026-05-28T13:22:47.030877+00:00,2026-05-28T13:37:47.030877+00:00,2026-05-29T17:25:47.030877+00:00,13.7,13.4,0,28.3,27.8,0,NONE,SHIFT_A (06:00-14:00),0.25
IMO9300055,SITC Handymax 0055,SITC,Handymax,2541,182.8,9.1,B-07,3,2025-11-16T07:05:06.963302+00:00,2025-11-16T07:05:06.963302+00:00,2025-11-17T07:11:06.963302+00:00,13.8,26.7,0,24.5,24.1,0,NONE,SHIFT_A (06:00-14:00),0.0
IMO9300056,ZIM Post-Panamax 0056,ZIM,Post-Panamax,8991,322.0,13.4,B-04,3,2024-11-08T22:15:05.792772+00:00,2024-11-08T23:49:17.792772+00:00,2024-11-10T22:13:17.792772+00:00,13.8,15.2,0,46.6,46.4,0,NONE,SHIFT_C (22:00-06:00),1.57
IMO9300057,HMM Handymax 0057,HMM,Handymax,3380,181.0,9.1,B-06,3,2024-09-28T23:46:06.382674+00:00,2024-09-29T00:43:42.382674+00:00,2024-09-30T04:13:42.382674+00:00,13.2,4.2,0,24.1,27.5,202,CRANE_OUTAGE,SHIFT_C (22:00-06:00),0.96
IMO9300058,KMTC Feeder 0058,KMTC,Feeder,986,168.1,8.2,B-09,2,2026-01-10T19:47:36.291031+00:00,2026-01-10T20:03:48.291031+00:00,2026-01-11T10:51:48.291031+00:00,12.8,11.9,0,14.6,14.8,0,NONE,SHIFT_B (14:00-22:00),0.27
IMO9300059,X-Press Feeders Handymax 0059,X-Press Feeders,Handymax,2931,212.5,9.9,B-06,3,2026-02-03T21:18:09.591325+00:00,2026-02-03T21:20:33.591325+00:00,2026-02-04T18:44:33.591325+00:00,18.8,13.3,0,15.8,21.4,337,CRANE_OUTAGE,SHIFT_B (14:00-22:00),0.04
IMO9300060,MSC Panamax 0060,MSC,Panamax,5041,233.1,10.7,B-07,3,2025-03-20T08:52:06.087251+00:00,2025-03-20T10:49:06.087251+00:00,2025-03-21T16:43:06.087251+00:00,10.6,9.2,0,29.6,29.9,0,NONE,SHIFT_A (06:00-14:00),1.95
IMO9300061,Yang Ming Feeder 0061,Yang Ming,Feeder,828,172.6,7.8,B-10,2,2025-11-28T15:12:06.286138+00:00,2025-11-28T17:20:30.286138+00:00,2025-11-29T15:38:30.286138+00:00,17.9,6.9,0,21.6,22.3,0,NONE,SHIFT_B (14:00-22:00),2.14
IMO9300062,HMM Handymax 0062,HMM,Handymax,2967,196.6,9.7,B-07,3,2025-10-24T12:35:46.043267+00:00,2025-10-24T13:26:46.043267+00:00,2025-10-25T19:02:46.043267+00:00,15.4,7.7,0,27.5,29.6,129,CRANE_OUTAGE,SHIFT_A (06:00-14:00),0.85
IMO9300063,HMM Neo-Panamax 0063,HMM,Neo-Panamax,12784,360.1,15.2,B-03,4,2026-03-09T22:50:50.598355+00:00,2026-03-10T01:53:14.598355+00:00,2026-03-12T00:11:14.598355+00:00,14.5,23.6,0,46.4,46.3,0,NONE,SHIFT_C (22:00-06:00),3.04
IMO9300064,X-Press Feeders Handymax 0064,X-Press Feeders,Handymax,2386,198.2,9.3,B-07,3,2025-08-02T18:34:59.708914+00:00,2025-08-02T18:34:59.708914+00:00,2025-08-03T21:58:59.708914+00:00,14.6,9.9,0,23.2,27.4,255,CRANE_OUTAGE,SHIFT_B (14:00-22:00),0.0
IMO9300065,Hapag-Lloyd Handymax 0065,Hapag-Lloyd,Handymax,3028,199.8,8.6,B-08,2,2024-12-31T10:23:59.723278+00:00,2024-12-31T11:59:23.723278+00:00,2025-01-01T07:59:23.723278+00:00,13.1,15.8,0,19.8,20.0,0,NONE,SHIFT_A (06:00-14:00),1.59
IMO9300066,OOCL Feeder 0066,OOCL,Feeder,2076,176.9,7.7,B-10,2,2025-12-06T04:38:34.430683+00:00,2025-12-06T06:22:22.430683+00:00,2025-12-07T04:34:22.430683+00:00,13.2,5.8,0,21.5,22.2,0,NONE,SHIFT_A (06:00-14:00),1.73
IMO9300067,OOCL Panamax 0067,OOCL,Panamax,3280,281.1,10.1,B-05,3,2025-06-21T01:29:47.382812+00:00,2025-06-21T05:50:11.382812+00:00,2025-06-22T12:56:11.382812+00:00,11.5,20.8,0,30.5,31.1,0,NONE,SHIFT_C (22:00-06:00),4.34
IMO9300068,ZIM Panamax 0068,ZIM,Panamax,3229,283.2,10.1,B-06,3,2026-01-03T06:26:23.781943+00:00,2026-01-03T08:44:59.781943+00:00,2026-01-04T22:50:59.781943+00:00,14.6,13.9,0,35.6,38.1,152,CRANE_OUTAGE,SHIFT_A (06:00-14:00),2.31
IMO9300069,CMA CGM Feeder 0069,CMA CGM,Feeder,2199,166.6,8.0,B-08,2,2025-09-25T02:40:00.553374+00:00,2025-09-25T03:37:00.553374+00:00,2025-09-25T23:37:00.553374+00:00,13.8,18.1,0,15.3,20.0,283,YARD_CONGESTION,SHIFT_C (22:00-06:00),0.95
IMO9300070,Evergreen Neo-Panamax 0070,Evergreen,Neo-Panamax,14813,341.9,15.4,B-02,4,2025-06-15T11:11:29.118907+00:00,2025-06-15T13:14:29.118907+00:00,2025-06-17T14:14:29.118907+00:00,15.2,13.7,0,49.1,49.0,0,NONE,SHIFT_A (06:00-14:00),2.05
IMO9300071,PIL Feeder 0071,PIL,Feeder,1404,164.5,9.5,B-08,2,2024-10-14T13:14:22.468553+00:00,2024-10-14T14:35:22.468553+00:00,2024-10-15T07:41:22.468553+00:00,13.3,16.6,0,17.0,17.1,0,NONE,SHIFT_B (14:00-22:00),1.35
IMO9300072,ZIM Panamax 0072,ZIM,Panamax,4443,274.3,10.5,B-05,3,2025-06-17T03:16:02.700716+00:00,2025-06-17T03:16:02.700716+00:00,2025-06-18T08:28:02.700716+00:00,13.2,17.8,0,27.0,29.2,130,CRANE_OUTAGE,SHIFT_C (22:00-06:00),0.0
IMO9300073,MSC Panamax 0073,MSC,Panamax,4494,241.6,10.9,B-05,3,2026-07-15T07:57:42.486788+00:00,2026-07-15T09:35:30.486788+00:00,2026-07-16T23:29:30.486788+00:00,17.4,8.5,0,34.9,37.9,180,PILOT_UNAVAILABLE,SHIFT_A (06:00-14:00),1.63
IMO9300074,HMM Panamax 0074,HMM,Panamax,4973,278.1,10.5,B-06,3,2025-03-30T00:47:53.037922+00:00,2025-03-30T03:07:05.037922+00:00,2025-03-31T17:43:05.037922+00:00,18.0,12.0,0,37.9,38.6,0,NONE,SHIFT_C (22:00-06:00),2.32
IMO9300075,X-Press Feeders Neo-Panamax 0075,X-Press Feeders,Neo-Panamax,12996,365.1,15.1,B-01,4,2025-02-26T06:53:19.322439+00:00,2025-02-26T09:05:55.322439+00:00,2025-02-28T14:29:55.322439+00:00,14.7,14.3,0,48.7,53.4,280,WEATHER,SHIFT_A (06:00-14:00),2.21
IMO9300076,Yang Ming Feeder 0076,Yang Ming,Feeder,1949,158.3,8.5,B-09,2,2024-11-28T15:44:45.247540+00:00,2024-11-28T15:58:33.247540+00:00,2024-11-29T15:22:33.247540+00:00,17.6,9.6,0,20.1,23.4,199,YARD_CONGESTION,SHIFT_B (14:00-22:00),0.23
IMO9300077,COSCO Panamax 0077,COSCO,Panamax,4246,229.8,11.9,B-07,3,2026-06-26T15:12:59.303197+00:00,2026-06-26T17:29:47.303197+00:00,2026-06-28T01:11:47.303197+00:00,16.7,13.0,0,26.1,31.7,336,CRANE_OUTAGE,SHIFT_B (14:00-22:00),2.28
IMO9300078,Hapag-Lloyd Panamax 0078,Hapag-Lloyd,Panamax,5004,282.0,11.3,B-07,3,2024-11-11T12:48:59.743901+00:00,2024-11-11T15:15:59.743901+00:00,2024-11-12T20:21:59.743901+00:00,14.0,10.8,0,29.7,29.1,0,NONE,SHIFT_B (14:00-22:00),2.45
IMO9300079,PIL Handymax 0079,PIL,Handymax,2734,201.8,10.9,B-06,3,2025-12-05T17:18:34.500102+00:00,2025-12-05T19:26:58.500102+00:00,2025-12-06T15:38:58.500102+00:00,15.4,24.0,0,20.1,20.2,0,NONE,SHIFT_B (14:00-22:00),2.14
IMO9300080,Wan Hai Feeder 0080,Wan Hai,Feeder,1956,144.6,7.3,B-08,2,2026-07-30T19:37:29.335081+00:00,2026-07-30T21:38:05.335081+00:00,2026-07-31T21:56:05.335081+00:00,14.8,21.3,0,20.0,24.3,258,WEATHER,SHIFT_B (14:00-22:00),2.01
IMO9300081,Maersk Post-Panamax 0081,Maersk,Post-Panamax,7564,313.9,14.5,B-05,3,2026-03-21T20:05:17.754613+00:00,2026-03-21T22:04:41.754613+00:00,2026-03-24T04:04:41.754613+00:00,16.9,3.4,0,54.4,54.0,0,NONE,SHIFT_C (22:00-06:00),1.99
IMO9300082,MSC Feeder 0082,MSC,Feeder,1032,137.6,8.1,B-10,2,2026-08-03T10:51:53.033568+00:00,2026-08-03T13:32:05.033568+00:00,2026-08-04T09:44:05.033568+00:00,12.9,14.2,0,20.8,20.2,0,NONE,SHIFT_A (06:00-14:00),2.67
IMO9300083,ZIM Panamax 0083,ZIM,Panamax,3249,252.1,11.9,B-07,3,2025-01-16T13:14:01.287094+00:00,2025-01-16T14:41:01.287094+00:00,2025-01-17T14:59:01.287094+00:00,14.9,19.9,0,25.0,24.3,0,NONE,SHIFT_B (14:00-22:00),1.45
IMO9300084,Wan Hai Feeder 0084,Wan Hai,Feeder,1403,152.9,8.5,B-09,2,2025-09-19T10:31:44.328190+00:00,2025-09-19T12:53:56.328190+00:00,2025-09-20T11:59:56.328190+00:00,14.7,13.9,0,17.4,23.1,342,CRANE_OUTAGE,SHIFT_A (06:00-14:00),2.37
IMO9300085,ONE Post-Panamax 0085,ONE,Post-Panamax,9889,321.5,14.3,B-03,4,2025-01-30T20:30:35.138770+00:00,2025-01-30T20:30:35.138770+00:00,2025-02-01T20:30:35.138770+00:00,16.2,11.5,0,45.2,48.0,166,PILOT_UNAVAILABLE,SHIFT_B (14:00-22:00),0.0
IMO9300086,CMA CGM Feeder 0086,CMA CGM,Feeder,2313,135.6,7.2,B-09,2,2025-02-11T02:45:10.497965+00:00,2025-02-11T05:30:46.497965+00:00,2025-02-11T21:42:46.497965+00:00,12.5,16.4,0,17.0,16.2,0,NONE,SHIFT_C (22:00-06:00),2.76
IMO9300087,KMTC Handymax 0087,KMTC,Handymax,2589,214.7,10.3,B-08,2,2026-01-08T04:09:30.959000+00:00,2026-01-08T04:56:54.959000+00:00,2026-01-09T09:44:54.959000+00:00,13.9,18.6,0,24.2,28.8,278,WEATHER,SHIFT_C (22:00-06:00),0.79
IMO9300088,HMM Feeder 0088,HMM,Feeder,1948,164.4,9.0,B-10,2,2025-07-03T17:12:05.493546+00:00,2025-07-03T19:03:05.493546+00:00,2025-07-04T18:09:05.493546+00:00,18.6,18.2,0,19.3,23.1,226,WEATHER,SHIFT_B (14:00-22:00),1.85
IMO9300089,HMM Feeder 0089,HMM,Feeder,1495,172.2,7.8,B-09,2,2026-09-13T18:57:00.586256+00:00,2026-09-13T21:13:48.586256+00:00,2026-09-14T18:01:48.586256+00:00,12.8,13.3,0,20.5,20.8,0,NONE,SHIFT_B (14:00-22:00),2.28
IMO9300090,KMTC Feeder 0090,KMTC,Feeder,1438,157.2,7.4,B-10,2,2026-01-27T18:56:28.153900+00:00,2026-01-27T21:26:28.153900+00:00,2026-01-28T13:38:28.153900+00:00,11.4,28.9,1,15.8,16.2,0,NONE,SHIFT_B (14:00-22:00),2.5
IMO9300091,CMA CGM Feeder 0091,CMA CGM,Feeder,1794,146.3,8.7,B-10,2,2025-11-04T03:09:57.306147+00:00,2025-11-04T04:38:09.306147+00:00,2025-11-05T02:38:09.306147+00:00,17.5,6.9,0,16.8,22.0,309,CRANE_OUTAGE,SHIFT_C (22:00-06:00),1.47
IMO9300092,ZIM Panamax 0092,ZIM,Panamax,3224,223.2,10.8,B-04,3,2026-04-24T02:24:23.122552+00:00,2026-04-24T04:56:47.122552+00:00,2026-04-25T06:14:47.122552+00:00,14.8,29.2,1,26.1,25.3,0,NONE,SHIFT_C (22:00-06:00),2.54
IMO9300093,KMTC Panamax 0093,KMTC,Panamax,3942,232.3,10.8,B-06,3,2026-07-28T07:47:06.932825+00:00,2026-07-28T09:22:30.932825+00:00,2026-07-29T23:28:30.932825+00:00,14.1,3.0,0,38.1,38.1,0,NONE,SHIFT_A (06:00-14:00),1.59
IMO9300094,KMTC Post-Panamax 0094,KMTC,Post-Panamax,9160,314.5,13.3,B-02,4,2025-02-18T15:09:14.305099+00:00,2025-02-18T15:36:14.305099+00:00,2025-02-20T05:48:14.305099+00:00,16.5,17.7,0,37.7,38.2,0,NONE,SHIFT_B (14:00-22:00),0.45
IMO9300095,X-Press Feeders Feeder 0095,X-Press Feeders,Feeder,1435,161.4,8.0,B-10,2,2026-01-16T21:40:10.543439+00:00,2026-01-16T22:29:58.543439+00:00,2026-01-17T22:41:58.543439+00:00,15.4,15.4,0,20.5,24.2,223,YARD_CONGESTION,SHIFT_C (22:00-06:00),0.83
IMO9300096,Hapag-Lloyd Handymax 0096,Hapag-Lloyd,Handymax,2404,189.5,8.9,B-07,3,2025-07-11T18:09:33.323668+00:00,2025-07-11T19:46:45.323668+00:00,2025-07-13T00:04:45.323668+00:00,13.9,21.2,0,22.6,28.3,342,WEATHER,SHIFT_B (14:00-22:00),1.62
IMO9300097,SITC Panamax 0097,SITC,Panamax,4323,267.7,11.8,B-06,3,2026-06-01T13:39:09.097257+00:00,2026-06-01T15:38:33.097257+00:00,2026-06-02T23:02:33.097257+00:00,15.3,11.3,0,31.8,31.4,0,NONE,SHIFT_B (14:00-22:00),1.99
IMO9300098,MSC Panamax 0098,MSC,Panamax,3369,245.8,10.6,B-07,3,2025-10-20T06:16:48.028495+00:00,2025-10-20T09:13:48.028495+00:00,2025-10-21T10:31:48.028495+00:00,15.5,16.3,0,24.8,25.3,0,NONE,SHIFT_A (06:00-14:00),2.95
IMO9300099,Wan Hai Post-Panamax 0099,Wan Hai,Post-Panamax,7006,330.3,13.5,B-04,3,2026-07-05T17:06:52.263239+00:00,2026-07-05T19:28:28.263239+00:00,2026-07-07T14:58:28.263239+00:00,13.5,19.9,0,43.7,43.5,0,NONE,SHIFT_B (14:00-22:00),2.36
IMO9300100,Evergreen Panamax 0100,Evergreen,Panamax,4586,245.5,11.8,B-07,3,2025-03-09T22:55:37.074648+00:00,2025-03-10T00:30:25.074648+00:00,2025-03-11T09:42:25.074648+00:00,16.9,19.1,0,33.6,33.2,0,NONE,SHIFT_C (22:00-06:00),1.58
IMO9300101,X-Press Feeders Panamax 0101,X-Press Feeders,Panamax,3615,239.9,11.4,B-06,3,2026-07-21T13:00:31.014077+00:00,2026-07-21T13:04:07.014077+00:00,2026-07-22T18:28:07.014077+00:00,11.1,11.5,0,29.1,29.4,0,NONE,SHIFT_A (06:00-14:00),0.06
IMO9300102,X-Press Feeders Feeder 0102,X-Press Feeders,Feeder,1061,168.6,7.8,B-10,2,2025-04-30T11:54:05.162010+00:00,2025-04-30T11:54:05.162010+00:00,2025-05-01T06:30:05.162010+00:00,18.5,29.4,1,18.4,18.6,0,NONE,SHIFT_A (06:00-14:00),0.0
IMO9300103,Maersk Panamax 0103,Maersk,Panamax,3877,245.4,10.4,B-06,3,2024-11-05T08:02:57.445758+00:00,2024-11-05T08:30:33.445758+00:00,2024-11-06T22:54:33.445758+00:00,14.6,7.6,0,38.0,38.4,0,NONE,SHIFT_A (06:00-14:00),0.46
IMO9300104,MSC Neo-Panamax 0104,MSC,Neo-Panamax,11073,357.2,15.3,B-03,4,2025-12-21T03:11:10.337669+00:00,2025-12-21T07:03:58.337669+00:00,2025-12-23T01:21:58.337669+00:00,14.9,8.2,0,42.5,42.3,0,NONE,SHIFT_A (06:00-14:00),3.88
IMO9300105,Yang Ming Panamax 0105,Yang Ming,Panamax,4838,287.9,11.2,B-05,3,2025-08-29T23:04:49.444615+00:00,2025-08-29T23:58:13.444615+00:00,2025-08-31T14:10:13.444615+00:00,17.5,14.6,0,33.7,38.2,270,YARD_CONGESTION,SHIFT_C (22:00-06:00),0.89
IMO9300106,ZIM Panamax 0106,ZIM,Panamax,4714,274.5,11.0,B-05,3,2025-02-07T10:18:25.233057+00:00,2025-02-07T11:12:25.233057+00:00,2025-02-08T21:48:25.233057+00:00,15.4,22.4,0,34.0,34.6,0,NONE,SHIFT_A (06:00-14:00),0.9
IMO9300107,COSCO Panamax 0107,COSCO,Panamax,3510,269.8,11.0,B-06,3,2026-07-19T20:01:45.369665+00:00,2026-07-19T23:00:33.369665+00:00,2026-07-21T12:18:33.369665+00:00,16.2,15.5,0,32.7,37.3,275,YARD_CONGESTION,SHIFT_C (22:00-06:00),2.98
IMO9300108,Maersk Neo-Panamax 0108,Maersk,Neo-Panamax,13063,350.8,14.3,B-01,4,2025-12-14T08:04:06.268358+00:00,2025-12-14T08:53:54.268358+00:00,2025-12-16T17:41:54.268358+00:00,14.8,5.9,0,56.5,56.8,0,NONE,SHIFT_A (06:00-14:00),0.83
IMO9300109,Hapag-Lloyd Handymax 0109,Hapag-Lloyd,Handymax,2967,185.5,9.2,B-07,3,2025-03-21T04:42:57.145604+00:00,2025-03-21T04:42:57.145604+00:00,2025-03-22T07:18:57.145604+00:00,15.0,26.6,0,25.9,26.6,0,NONE,SHIFT_C (22:00-06:00),0.0
IMO9300110,KMTC Panamax 0110,KMTC,Panamax,4233,227.8,10.6,B-04,3,2026-08-14T19:50:50.964205+00:00,2026-08-14T21:19:38.964205+00:00,2026-08-16T02:13:38.964205+00:00,15.0,13.7,0,28.3,28.9,0,NONE,SHIFT_B (14:00-22:00),1.48
IMO9300111,Maersk Panamax 0111,Maersk,Panamax,3588,264.2,11.2,B-06,3,2025-11-13T08:17:15.821387+00:00,2025-11-13T08:55:39.821387+00:00,2025-11-14T17:07:39.821387+00:00,13.6,13.6,0,31.2,32.2,62,PILOT_UNAVAILABLE,SHIFT_A (06:00-14:00),0.64
IMO9300112,Maersk ULCV 0112,Maersk,ULCV,20338,379.3,15.4,B-02,4,2026-03-19T16:21:08.014062+00:00,2026-03-19T17:12:08.014062+00:00,2026-03-22T18:00:08.014062+00:00,12.9,2.8,0,72.4,72.8,0,NONE,SHIFT_B (14:00-22:00),0.85
IMO9300113,Wan Hai Post-Panamax 0113,Wan Hai,Post-Panamax,9273,306.7,13.2,B-02,4,2025-01-28T17:19:11.817399+00:00,2025-01-28T17:38:23.817399+00:00,2025-01-30T22:02:23.817399+00:00,9.9,14.8,0,47.5,52.4,294,CRANE_OUTAGE,SHIFT_B (14:00-22:00),0.32
IMO9300114,ONE Feeder 0114,ONE,Feeder,885,132.6,7.5,B-09,2,2024-11-15T14:56:05.468957+00:00,2024-11-15T16:56:41.468957+00:00,2024-11-16T11:38:41.468957+00:00,16.7,15.5,0,18.3,18.7,0,NONE,SHIFT_B (14:00-22:00),2.01
IMO9300115,PIL Feeder 0115,PIL,Feeder,2142,181.7,7.1,B-09,2,2026-03-05T14:28:50.087629+00:00,2026-03-05T16:47:26.087629+00:00,2026-03-06T05:23:26.087629+00:00,12.7,13.3,0,13.3,12.6,0,NONE,SHIFT_B (14:00-22:00),2.31
IMO9300116,PIL Post-Panamax 0116,PIL,Post-Panamax,7176,346.2,13.5,B-04,3,2026-07-23T09:28:24.217340+00:00,2026-07-23T12:32:00.217340+00:00,2026-07-25T05:02:00.217340+00:00,15.5,17.4,0,41.4,40.5,0,NONE,SHIFT_A (06:00-14:00),3.06
IMO9300117,ZIM Post-Panamax 0117,ZIM,Post-Panamax,7865,322.3,13.9,B-04,3,2026-01-08T05:52:17.826588+00:00,2026-01-08T10:39:05.826588+00:00,2026-01-10T16:45:05.826588+00:00,15.5,12.3,0,50.1,54.1,238,TIDAL_WINDOW_MISSED,SHIFT_A (06:00-14:00),4.78
IMO9300118,X-Press Feeders Feeder 0118,X-Press Feeders,Feeder,2191,151.8,9.0,B-08,2,2024-11-01T15:37:03.501534+00:00,2024-11-01T16:42:27.501534+00:00,2024-11-02T07:48:27.501534+00:00,12.1,7.7,0,16.0,15.1,0,NONE,SHIFT_B (14:00-22:00),1.09
IMO9300119,PIL Post-Panamax 0119,PIL,Post-Panamax,6765,318.1,14.4,B-05,3,2026-05-30T18:48:53.023702+00:00,2026-05-30T19:34:29.023702+00:00,2026-06-01T19:52:29.023702+00:00,15.0,14.1,0,48.7,48.3,0,NONE,SHIFT_B (14:00-22:00),0.76
IMO9300120,COSCO Handymax 0120,COSCO,Handymax,3060,181.0,9.0,B-09,2,2024-11-29T21:19:58.598001+00:00,2024-11-29T23:48:46.598001+00:00,2024-11-30T19:42:46.598001+00:00,14.9,7.0,0,19.8,19.9,0,NONE,SHIFT_C (22:00-06:00),2.48
IMO9300121,OOCL Post-Panamax 0121,OOCL,Post-Panamax,7106,310.0,12.8,B-04,3,2026-05-16T22:57:17.427582+00:00,2026-05-16T23:28:29.427582+00:00,2026-05-19T12:22:29.427582+00:00,8.5,22.7,0,59.4,60.9,93,CRANE_OUTAGE,SHIFT_C (22:00-06:00),0.52
IMO9300122,ZIM Panamax 0122,ZIM,Panamax,3713,282.4,11.7,B-06,3,2025-09-17T03:11:26.615766+00:00,2025-09-17T04:24:38.615766+00:00,2025-09-18T15:54:38.615766+00:00,14.8,7.1,0,33.8,35.5,103,WEATHER,SHIFT_C (22:00-06:00),1.22
IMO9300123,PIL Handymax 0123,PIL,Handymax,2265,198.7,11.0,B-06,3,2026-08-01T21:02:47.949052+00:00,2026-08-01T21:21:23.949052+00:00,2026-08-02T18:09:23.949052+00:00,16.2,14.8,0,21.6,20.8,0,NONE,SHIFT_B (14:00-22:00),0.31
IMO9300124,CMA CGM Handymax 0124,CMA CGM,Handymax,2705,198.0,10.2,B-07,3,2024-12-25T11:46:08.528059+00:00,2024-12-25T14:18:32.528059+00:00,2024-12-26T15:36:32.528059+00:00,13.8,21.7,0,22.7,25.3,155,PILOT_UNAVAILABLE,SHIFT_B (14:00-22:00),2.54
IMO9300125,MSC Panamax 0125,MSC,Panamax,4245,278.2,11.0,B-05,3,2026-05-24T15:32:22.115976+00:00,2026-05-24T19:01:10.115976+00:00,2026-05-25T23:37:10.115976+00:00,14.0,29.4,1,29.2,28.6,0,NONE,SHIFT_B (14:00-22:00),3.48
IMO9300126,HMM ULCV 0126,HMM,ULCV,22740,370.3,15.1,B-01,4,2025-09-21T13:57:06.735165+00:00,2025-09-21T15:12:06.735165+00:00,2025-09-24T21:00:06.735165+00:00,16.0,8.4,0,71.6,77.8,369,CRANE_OUTAGE,SHIFT_B (14:00-22:00),1.25
IMO9300127,MSC Handymax 0127,MSC,Handymax,2093,213.0,8.6,B-08,2,2025-06-06T16:40:20.938980+00:00,2025-06-06T19:15:08.938980+00:00,2025-06-07T16:03:08.938980+00:00,12.6,18.2,0,20.1,20.8,0,NONE,SHIFT_B (14:00-22:00),2.58
IMO9300128,X-Press Feeders Panamax 0128,X-Press Feeders,Panamax,3245,240.8,10.1,B-05,3,2025-11-05T21:16:37.781925+00:00,2025-11-05T22:23:49.781925+00:00,2025-11-07T11:17:49.781925+00:00,15.2,14.9,0,36.6,36.9,0,NONE,SHIFT_C (22:00-06:00),1.12
IMO9300129,PIL Post-Panamax 0129,PIL,Post-Panamax,9535,348.8,12.8,B-05,3,2025-08-10T01:47:30.266623+00:00,2025-08-10T03:06:06.266623+00:00,2025-08-12T01:18:06.266623+00:00,16.3,10.6,0,46.5,46.2,0,NONE,SHIFT_C (22:00-06:00),1.31
IMO9300130,Yang Ming Panamax 0130,Yang Ming,Panamax,4341,287.4,11.8,B-06,3,2026-05-04T14:19:46.827647+00:00,2026-05-04T16:40:10.827647+00:00,2026-05-06T05:34:10.827647+00:00,16.5,8.1,0,31.9,36.9,299,YARD_CONGESTION,SHIFT_B (14:00-22:00),2.34
IMO9300131,X-Press Feeders Feeder 0131,X-Press Feeders,Feeder,1240,160.3,9.4,B-10,2,2026-01-07T06:35:33.143639+00:00,2026-01-07T08:41:33.143639+00:00,2026-01-08T02:17:33.143639+00:00,15.2,25.4,0,17.1,17.6,0,NONE,SHIFT_A (06:00-14:00),2.1
IMO9300132,HMM Panamax 0132,HMM,Panamax,4498,270.9,11.5,B-04,3,2025-12-03T23:08:29.409319+00:00,2025-12-03T23:30:41.409319+00:00,2025-12-05T11:36:41.409319+00:00,15.3,16.7,0,36.2,36.1,0,NONE,SHIFT_C (22:00-06:00),0.37
IMO9300133,HMM Post-Panamax 0133,HMM,Post-Panamax,7473,341.3,13.7,B-02,4,2024-10-16T14:39:17.559742+00:00,2024-10-16T14:39:17.559742+00:00,2024-10-18T20:03:17.559742+00:00,16.5,12.1,0,53.5,53.4,0,NONE,SHIFT_B (14:00-22:00),0.0
IMO9300134,MSC Panamax 0134,MSC,Panamax,4940,222.7,11.4,B-07,3,2026-06-03T00:28:39.138115+00:00,2026-06-03T01:50:15.138115+00:00,2026-06-04T15:44:15.138115+00:00,17.2,25.9,0,38.2,37.9,0,NONE,SHIFT_C (22:00-06:00),1.36
IMO9300135,ZIM Panamax 0135,ZIM,Panamax,5087,261.6,11.0,B-07,3,2025-04-26T05:51:57.444279+00:00,2025-04-26T07:07:33.444279+00:00,2025-04-27T11:01:33.444279+00:00,17.6,12.6,0,27.5,27.9,0,NONE,SHIFT_A (06:00-14:00),1.26
IMO9300136,Maersk Post-Panamax 0136,Maersk,Post-Panamax,8364,329.8,13.0,B-01,4,2025-07-25T08:06:17.950366+00:00,2025-07-25T08:06:17.950366+00:00,2025-07-27T04:54:17.950366+00:00,12.8,8.4,0,42.0,44.8,165,WEATHER,SHIFT_A (06:00-14:00),0.0
IMO9300137,Yang Ming Post-Panamax 0137,Yang Ming,Post-Panamax,7400,301.6,14.4,B-02,4,2026-09-04T13:22:28.099802+00:00,2026-09-04T14:50:04.099802+00:00,2026-09-06T08:02:04.099802+00:00,15.5,19.4,0,39.9,41.2,76,YARD_CONGESTION,SHIFT_B (14:00-22:00),1.46
IMO9300138,ONE Post-Panamax 0138,ONE,Post-Panamax,10418,328.0,14.5,B-05,3,2025-12-21T01:22:28.916748+00:00,2025-12-21T06:34:28.916748+00:00,2025-12-23T13:46:28.916748+00:00,8.9,30.3,1,47.9,55.2,438,WEATHER,SHIFT_A (06:00-14:00),5.199999999999999
IMO9300139,HMM Panamax 0139,HMM,Panamax,4009,262.7,10.4,B-06,3,2025-08-12T15:20:40.733265+00:00,2025-08-12T17:08:04.733265+00:00,2025-08-14T04:14:04.733265+00:00,19.3,11.2,0,31.4,35.1,222,CRANE_OUTAGE,SHIFT_B (14:00-22:00),1.79
IMO9300140,HMM Panamax 0140,HMM,Panamax,4555,240.1,11.1,B-07,3,2025-02-06T08:38:34.629853+00:00,2025-02-06T13:28:22.629853+00:00,2025-02-07T18:34:22.629853+00:00,12.3,30.1,1,29.3,29.1,0,NONE,SHIFT_A (06:00-14:00),4.83
IMO9300141,OOCL Handymax 0141,OOCL,Handymax,2555,188.6,10.6,B-08,2,2026-06-11T09:57:19.982769+00:00,2026-06-11T10:15:55.982769+00:00,2026-06-12T07:45:55.982769+00:00,12.9,10.1,0,22.4,21.5,0,NONE,SHIFT_A (06:00-14:00),0.31
IMO9300142,OOCL Panamax 0142,OOCL,Panamax,3021,227.0,11.5,B-05,3,2025-11-29T09:54:25.419455+00:00,2025-11-29T10:07:37.419455+00:00,2025-11-30T16:01:37.419455+00:00,16.0,28.4,1,29.2,29.9,0,NONE,SHIFT_A (06:00-14:00),0.22
IMO9300143,MSC Handymax 0143,MSC,Handymax,3175,216.3,8.7,B-07,3,2025-08-29T03:22:31.500741+00:00,2025-08-29T05:07:31.500741+00:00,2025-08-30T08:25:31.500741+00:00,10.3,27.0,0,26.6,27.3,0,NONE,SHIFT_C (22:00-06:00),1.75
IMO9300144,X-Press Feeders ULCV 0144,X-Press Feeders,ULCV,18742,392.8,14.9,B-01,4,2026-09-11T12:21:34.088245+00:00,2026-09-11T15:07:10.088245+00:00,2026-09-14T18:31:10.088245+00:00,16.0,16.6,1,63.5,75.4,716,TIDAL_WINDOW_MISSED,SHIFT_B (14:00-22:00),2.76
IMO9300145,Hapag-Lloyd Panamax 0145,Hapag-Lloyd,Panamax,3789,279.6,10.9,B-04,3,2026-01-23T06:07:55.020648+00:00,2026-01-23T06:55:55.020648+00:00,2026-01-24T18:19:55.020648+00:00,11.9,20.1,0,35.2,35.4,0,NONE,SHIFT_A (06:00-14:00),0.8
IMO9300146,X-Press Feeders Feeder 0146,X-Press Feeders,Feeder,977,179.6,8.3,B-09,2,2025-05-24T15:40:29.487318+00:00,2025-05-24T16:50:41.487318+00:00,2025-05-25T12:20:41.487318+00:00,15.5,8.7,0,20.0,19.5,0,NONE,SHIFT_B (14:00-22:00),1.17
IMO9300147,HMM Feeder 0147,HMM,Feeder,2280,187.2,7.8,B-10,2,2026-09-09T22:54:45.634343+00:00,2026-09-09T23:20:33.634343+00:00,2026-09-10T19:08:33.634343+00:00,12.2,5.2,0,19.9,19.8,0,NONE,SHIFT_C (22:00-06:00),0.43
IMO9300148,ZIM Neo-Panamax 0148,ZIM,Neo-Panamax,12416,357.9,14.8,B-02,4,2025-07-02T23:01:57.704604+00:00,2025-07-03T01:53:33.704604+00:00,2025-07-05T12:47:33.704604+00:00,16.2,9.5,1,59.2,58.9,0,NONE,SHIFT_C (22:00-06:00),2.86
IMO9300149,OOCL Panamax 0149,OOCL,Panamax,3894,273.0,11.6,B-05,3,2025-05-16T16:14:26.379972+00:00,2025-05-16T16:14:26.379972+00:00,2025-05-17T22:38:26.379972+00:00,12.7,15.8,0,28.7,30.4,102,YARD_CONGESTION,SHIFT_B (14:00-22:00),0.0
IMO9300150,ONE Feeder 0150,ONE,Feeder,1471,164.4,7.4,B-10,2,2025-11-04T06:40:56.175402+00:00,2025-11-04T07:56:32.175402+00:00,2025-11-05T04:20:32.175402+00:00,14.1,19.1,0,15.9,20.4,273,YARD_CONGESTION,SHIFT_A (06:00-14:00),1.26
IMO9300151,SITC Post-Panamax 0151,SITC,Post-Panamax,6972,306.6,13.3,B-05,3,2025-10-20T12:02:10.862778+00:00,2025-10-20T13:39:58.862778+00:00,2025-10-22T14:15:58.862778+00:00,11.8,13.2,0,49.5,48.6,0,NONE,SHIFT_A (06:00-14:00),1.63
IMO9300152,CMA CGM Handymax 0152,CMA CGM,Handymax,2141,201.6,8.7,B-09,2,2026-08-26T08:23:13.853201+00:00,2026-08-26T08:23:13.853201+00:00,2026-08-27T06:11:13.853201+00:00,14.9,13.4,0,19.3,21.8,152,PILOT_UNAVAILABLE,SHIFT_A (06:00-14:00),0.0
IMO9300153,X-Press Feeders Handymax 0153,X-Press Feeders,Handymax,2773,197.9,10.8,B-09,2,2026-07-22T10:37:41.021571+00:00,2026-07-22T13:31:05.021571+00:00,2026-07-24T00:07:05.021571+00:00,13.7,7.4,0,24.9,34.6,582,TIDAL_WINDOW_MISSED,SHIFT_A (06:00-14:00),2.89
IMO9300154,Yang Ming Panamax 0154,Yang Ming,Panamax,4222,278.4,11.5,B-07,3,2025-05-21T14:23:21.804668+00:00,2025-05-21T15:38:21.804668+00:00,2025-05-22T21:56:21.804668+00:00,11.2,16.1,0,30.7,30.3,0,NONE,SHIFT_B (14:00-22:00),1.25
IMO9300155,COSCO Handymax 0155,COSCO,Handymax,3259,181.3,10.2,B-06,3,2026-03-29T00:33:33.721223+00:00,2026-03-29T04:29:57.721223+00:00,2026-03-30T00:59:57.721223+00:00,15.5,14.2,0,21.4,20.5,0,NONE,SHIFT_C (22:00-06:00),3.94
IMO9300156,ONE Panamax 0156,ONE,Panamax,3573,272.8,11.6,B-06,3,2026-04-02T16:53:01.882569+00:00,2026-04-02T16:53:01.882569+00:00,2026-04-04T07:17:01.882569+00:00,12.4,27.2,0,29.9,38.4,509,WEATHER,SHIFT_B (14:00-22:00),0.0
IMO9300157,ZIM Handymax 0157,ZIM,Handymax,3067,215.1,11.0,B-07,3,2025-11-24T15:01:38.241653+00:00,2025-11-24T16:47:50.241653+00:00,2025-11-25T22:17:50.241653+00:00,16.8,17.1,0,23.8,29.5,344,CRANE_OUTAGE,SHIFT_B (14:00-22:00),1.77
IMO9300158,PIL Panamax 0158,PIL,Panamax,5148,285.9,11.3,B-06,3,2025-05-05T04:31:52.884689+00:00,2025-05-05T05:39:40.884689+00:00,2025-05-06T15:09:40.884689+00:00,14.1,13.4,0,34.1,33.5,0,NONE,SHIFT_C (22:00-06:00),1.13
IMO9300159,Hapag-Lloyd Feeder 0159,Hapag-Lloyd,Feeder,1951,178.3,9.3,B-09,2,2024-10-21T20:39:10.909614+00:00,2024-10-21T21:10:22.909614+00:00,2024-10-22T20:28:22.909614+00:00,14.2,10.1,0,19.4,23.3,234,YARD_CONGESTION,SHIFT_B (14:00-22:00),0.52
IMO9300160,ONE Feeder 0160,ONE,Feeder,2038,133.1,7.9,B-10,2,2026-08-20T17:28:39.965610+00:00,2026-08-20T20:31:03.965610+00:00,2026-08-21T15:07:03.965610+00:00,15.3,5.6,0,15.7,18.6,171,CRANE_OUTAGE,SHIFT_B (14:00-22:00),3.04
IMO9300161,Wan Hai Panamax 0161,Wan Hai,Panamax,3867,241.2,11.8,B-05,3,2024-10-25T23:13:46.903033+00:00,2024-10-26T03:59:22.903033+00:00,2024-10-27T12:47:22.903033+00:00,19.3,14.8,0,32.2,32.8,0,NONE,SHIFT_C (22:00-06:00),4.76
IMO9300162,ZIM Panamax 0162,ZIM,Panamax,4471,246.6,11.1,B-06,3,2026-03-13T23:44:19.509292+00:00,2026-03-14T03:41:19.509292+00:00,2026-03-15T22:41:19.509292+00:00,13.7,15.5,0,32.0,43.0,660,TIDAL_WINDOW_MISSED,SHIFT_C (22:00-06:00),3.95
IMO9300163,Wan Hai Post-Panamax 0163,Wan Hai,Post-Panamax,9890,345.7,13.2,B-01,4,2025-08-09T10:42:28.585501+00:00,2025-08-09T12:22:04.585501+00:00,2025-08-11T15:34:04.585501+00:00,15.5,10.4,0,51.9,51.2,0,NONE,SHIFT_A (06:00-14:00),1.66
IMO9300164,X-Press Feeders Handymax 0164,X-Press Feeders,Handymax,3127,202.8,9.1,B-08,2,2026-03-17T00:51:59.340356+00:00,2026-03-17T01:29:47.340356+00:00,2026-03-17T23:59:47.340356+00:00,17.0,23.1,0,23.2,22.5,0,NONE,SHIFT_C (22:00-06:00),0.63
IMO9300165,Evergreen Post-Panamax 0165,Evergreen,Post-Panamax,8007,307.0,13.6,B-05,3,2024-10-05T15:28:40.909289+00:00,2024-10-05T18:29:16.909289+00:00,2024-10-07T23:23:16.909289+00:00,13.9,23.7,0,53.9,52.9,0,NONE,SHIFT_B (14:00-22:00),3.01
IMO9300166,Yang Ming Feeder 0166,Yang Ming,Feeder,1247,134.1,7.4,B-10,2,2025-10-25T02:00:36.515350+00:00,2025-10-25T04:50:24.515350+00:00,2025-10-26T00:14:24.515350+00:00,11.8,5.1,0,14.5,19.4,294,YARD_CONGESTION,SHIFT_C (22:00-06:00),2.83
IMO9300167,KMTC Feeder 0167,KMTC,Feeder,1362,130.7,8.3,B-10,2,2024-10-14T21:16:17.576373+00:00,2024-10-15T00:29:29.576373+00:00,2024-10-15T19:53:29.576373+00:00,14.9,19.0,0,20.2,19.4,0,NONE,SHIFT_C (22:00-06:00),3.22
IMO9300168,ONE Feeder 0168,ONE,Feeder,1525,167.2,7.6,B-09,2,2025-02-23T05:25:27.666675+00:00,2025-02-23T05:25:27.666675+00:00,2025-02-23T23:37:27.666675+00:00,16.4,5.8,0,17.9,18.2,0,NONE,SHIFT_C (22:00-06:00),0.0
IMO9300169,CMA CGM Handymax 0169,CMA CGM,Handymax,2064,206.1,10.6,B-06,3,2025-11-30T14:02:21.417384+00:00,2025-11-30T14:44:21.417384+00:00,2025-12-01T21:26:21.417384+00:00,15.9,18.1,0,23.7,30.7,420,WEATHER,SHIFT_B (14:00-22:00),0.7
IMO9300170,COSCO Post-Panamax 0170,COSCO,Post-Panamax,8382,344.7,14.3,B-02,4,2024-12-08T17:12:12.520205+00:00,2024-12-08T18:42:12.520205+00:00,2024-12-10T18:48:12.520205+00:00,13.2,19.4,0,45.0,48.1,188,YARD_CONGESTION,SHIFT_B (14:00-22:00),1.5
IMO9300171,MSC Neo-Panamax 0171,MSC,Neo-Panamax,10128,344.7,15.2,B-01,4,2025-07-22T19:26:43.760186+00:00,2025-07-22T21:53:07.760186+00:00,2025-07-25T08:41:07.760186+00:00,11.7,13.2,1,54.0,58.8,289,WEATHER,SHIFT_B (14:00-22:00),2.44
IMO9300172,Wan Hai Post-Panamax 0172,Wan Hai,Post-Panamax,7142,319.2,14.0,B-05,3,2025-03-30T19:50:27.724279+00:00,2025-03-30T22:05:27.724279+00:00,2025-04-01T22:35:27.724279+00:00,15.6,12.2,0,48.4,48.5,0,NONE,SHIFT_C (22:00-06:00),2.25
IMO9300173,X-Press Feeders Panamax 0173,X-Press Feeders,Panamax,4119,287.8,10.7,B-07,3,2025-09-30T04:38:40.034941+00:00,2025-09-30T04:38:40.034941+00:00,2025-10-01T10:32:40.034941+00:00,17.9,13.9,0,29.8,29.9,0,NONE,SHIFT_C (22:00-06:00),0.0
IMO9300174,CMA CGM Post-Panamax 0174,CMA CGM,Post-Panamax,7763,304.1,12.8,B-04,3,2026-02-02T07:59:07.013035+00:00,2026-02-02T07:59:43.013035+00:00,2026-02-04T06:05:43.013035+00:00,16.0,6.7,0,46.6,46.1,0,NONE,SHIFT_A (06:00-14:00),0.01
IMO9300175,Evergreen Feeder 0175,Evergreen,Feeder,1849,155.9,8.4,B-09,2,2026-07-05T20:43:21.593770+00:00,2026-07-05T23:36:45.593770+00:00,2026-07-06T18:48:45.593770+00:00,15.7,17.2,0,19.5,19.2,0,NONE,SHIFT_C (22:00-06:00),2.89
IMO9300176,Yang Ming Post-Panamax 0176,Yang Ming,Post-Panamax,9618,328.6,12.8,B-02,4,2026-06-10T06:53:41.266177+00:00,2026-06-10T06:53:41.266177+00:00,2026-06-12T05:17:41.266177+00:00,13.8,11.3,0,46.6,46.4,0,NONE,SHIFT_A (06:00-14:00),0.0
IMO9300177,CMA CGM Panamax 0177,CMA CGM,Panamax,5030,245.3,11.9,B-05,3,2025-10-23T18:01:48.926121+00:00,2025-10-23T19:55:48.926121+00:00,2025-10-25T11:01:48.926121+00:00,14.7,13.2,0,33.9,39.1,315,WEATHER,SHIFT_B (14:00-22:00),1.9
IMO9300178,Hapag-Lloyd Handymax 0178,Hapag-Lloyd,Handymax,3423,192.0,10.0,B-07,3,2025-10-08T12:50:40.929312+00:00,2025-10-08T13:05:40.929312+00:00,2025-10-09T20:53:40.929312+00:00,13.2,8.6,0,25.4,31.8,384,CRANE_OUTAGE,SHIFT_A (06:00-14:00),0.25
IMO9300179,Yang Ming Panamax 0179,Yang Ming,Panamax,4609,242.8,10.6,B-06,3,2026-06-28T05:46:11.986102+00:00,2026-06-28T05:55:11.986102+00:00,2026-06-29T14:49:11.986102+00:00,13.6,16.2,0,30.2,32.9,163,PILOT_UNAVAILABLE,SHIFT_C (22:00-06:00),0.15
IMO9300180,ONE ULCV 0180,ONE,ULCV,15133,380.9,15.1,B-02,4,2025-05-21T23:24:24.597739+00:00,2025-05-21T23:32:12.597739+00:00,2025-05-24T18:50:12.597739+00:00,14.5,7.6,0,67.6,67.3,0,NONE,SHIFT_C (22:00-06:00),0.13
IMO9300181,OOCL Panamax 0181,OOCL,Panamax,4713,260.8,11.1,B-04,3,2025-02-26T06:12:58.099193+00:00,2025-02-26T06:12:58.099193+00:00,2025-02-27T19:48:58.099193+00:00,17.5,16.0,0,31.0,37.6,396,CRANE_OUTAGE,SHIFT_A (06:00-14:00),0.0
IMO9300182,Evergreen Post-Panamax 0182,Evergreen,Post-Panamax,9773,332.3,12.6,B-03,4,2024-10-23T08:23:15.420152+00:00,2024-10-23T09:35:51.420152+00:00,2024-10-25T08:11:51.420152+00:00,15.9,13.9,0,46.7,46.6,0,NONE,SHIFT_A (06:00-14:00),1.21
IMO9300183,Yang Ming Panamax 0183,Yang Ming,Panamax,5049,251.2,10.8,B-05,3,2026-01-12T23:29:17.106730+00:00,2026-01-13T01:50:17.106730+00:00,2026-01-14T13:32:17.106730+00:00,14.6,13.6,0,33.7,35.7,117,YARD_CONGESTION,SHIFT_C (22:00-06:00),2.35
IMO9300184,Wan Hai Handymax 0184,Wan Hai,Handymax,2989,198.2,9.0,B-08,2,2025-10-10T14:00:37.243266+00:00,2025-10-10T15:25:49.243266+00:00,2025-10-11T13:37:49.243266+00:00,14.0,14.0,0,21.7,22.2,0,NONE,SHIFT_B (14:00-22:00),1.42
IMO9300185,Wan Hai Feeder 0185,Wan Hai,Feeder,1136,168.9,8.7,B-10,2,2026-03-26T16:29:46.223562+00:00,2026-03-26T18:20:46.223562+00:00,2026-03-27T13:44:46.223562+00:00,15.4,16.5,0,20.1,19.4,0,NONE,SHIFT_B (14:00-22:00),1.85
IMO9300186,KMTC Panamax 0186,KMTC,Panamax,3808,247.7,11.5,B-07,3,2025-07-19T02:13:14.864536+00:00,2025-07-19T03:25:50.864536+00:00,2025-07-20T10:37:50.864536+00:00,14.2,13.0,0,29.7,31.2,92,CRANE_OUTAGE,SHIFT_C (22:00-06:00),1.21
IMO9300187,Evergreen Panamax 0187,Evergreen,Panamax,3466,245.6,10.4,B-06,3,2025-05-23T14:42:45.618092+00:00,2025-05-23T14:42:45.618092+00:00,2025-05-24T19:36:45.618092+00:00,14.8,11.5,0,29.3,28.9,0,NONE,SHIFT_B (14:00-22:00),0.0
IMO9300188,Evergreen Panamax 0188,Evergreen,Panamax,4218,277.0,11.4,B-04,3,2025-05-22T14:23:16.955457+00:00,2025-05-22T16:45:28.955457+00:00,2025-05-24T01:45:28.955457+00:00,14.6,11.5,0,33.7,33.0,0,NONE,SHIFT_B (14:00-22:00),2.37
IMO9300189,Hapag-Lloyd Handymax 0189,Hapag-Lloyd,Handymax,2996,203.0,9.6,B-07,3,2025-08-14T22:09:16.469265+00:00,2025-08-14T22:38:04.469265+00:00,2025-08-15T20:44:04.469265+00:00,14.6,11.6,0,23.1,22.1,0,NONE,SHIFT_C (22:00-06:00),0.48
IMO9300190,X-Press Feeders Feeder 0190,X-Press Feeders,Feeder,1813,187.8,8.3,B-09,2,2025-05-13T13:02:34.177350+00:00,2025-05-13T14:13:58.177350+00:00,2025-05-14T05:37:58.177350+00:00,15.6,13.6,0,16.3,15.4,0,NONE,SHIFT_B (14:00-22:00),1.19
IMO9300191,ZIM Post-Panamax 0191,ZIM,Post-Panamax,8864,301.6,12.9,B-02,4,2025-03-05T10:33:47.538183+00:00,2025-03-05T10:33:47.538183+00:00,2025-03-07T03:09:47.538183+00:00,13.3,15.1,0,40.6,40.6,0,NONE,SHIFT_A (06:00-14:00),0.0
IMO9300192,MSC ULCV 0192,MSC,ULCV,17580,391.8,15.4,B-02,4,2026-07-06T11:51:28.323845+00:00,2026-07-06T14:06:28.323845+00:00,2026-07-10T04:30:28.323845+00:00,12.5,23.3,0,86.8,86.4,0,NONE,SHIFT_B (14:00-22:00),2.25
IMO9300193,SITC Post-Panamax 0193,SITC,Post-Panamax,8441,343.3,12.7,B-02,4,2025-02-11T21:10:13.511598+00:00,2025-02-11T21:39:01.511598+00:00,2025-02-13T17:45:01.511598+00:00,13.6,19.9,0,44.7,44.1,0,NONE,SHIFT_B (14:00-22:00),0.48
IMO9300194,MSC Feeder 0194,MSC,Feeder,2022,164.2,8.3,B-10,2,2026-05-20T00:50:40.568299+00:00,2026-05-20T04:47:40.568299+00:00,2026-05-21T03:41:40.568299+00:00,9.5,33.3,1,21.3,22.9,93,YARD_CONGESTION,SHIFT_C (22:00-06:00),3.95
IMO9300195,KMTC Feeder 0195,KMTC,Feeder,2143,185.1,9.5,B-08,2,2025-05-01T12:09:05.973083+00:00,2025-05-01T13:55:53.973083+00:00,2025-05-02T07:49:53.973083+00:00,15.2,11.7,0,18.6,17.9,0,NONE,SHIFT_A (06:00-14:00),1.78
IMO9300196,KMTC Panamax 0196,KMTC,Panamax,3381,246.3,10.2,B-07,3,2025-09-12T04:46:17.393740+00:00,2025-09-12T08:06:05.393740+00:00,2025-09-13T16:54:05.393740+00:00,16.1,10.8,0,30.7,32.8,128,PILOT_UNAVAILABLE,SHIFT_A (06:00-14:00),3.33
IMO9300197,CMA CGM Panamax 0197,CMA CGM,Panamax,4467,271.2,10.9,B-04,3,2025-02-22T16:37:06.588899+00:00,2025-02-22T16:37:06.588899+00:00,2025-02-23T21:31:06.588899+00:00,17.3,23.2,0,28.9,28.9,0,NONE,SHIFT_B (14:00-22:00),0.0
IMO9300198,OOCL Feeder 0198,OOCL,Feeder,2361,177.3,9.2,B-08,2,2026-08-16T03:02:32.978393+00:00,2026-08-16T04:22:20.978393+00:00,2026-08-17T00:40:20.978393+00:00,14.7,17.9,0,18.2,20.3,125,YARD_CONGESTION,SHIFT_C (22:00-06:00),1.33
IMO9300199,Maersk Panamax 0199,Maersk,Panamax,3540,289.4,10.9,B-06,3,2026-05-26T19:09:43.577329+00:00,2026-05-26T21:12:43.577329+00:00,2026-05-28T07:18:43.577329+00:00,13.9,18.5,0,32.0,34.1,129,YARD_CONGESTION,SHIFT_B (14:00-22:00),2.05
IMO9300200,ZIM Feeder 0200,ZIM,Feeder,1679,173.6,8.9,B-10,2,2026-07-14T13:33:26.529876+00:00,2026-07-14T16:57:26.529876+00:00,2026-07-15T12:15:26.529876+00:00,14.7,6.3,0,19.4,19.3,0,NONE,SHIFT_B (14:00-22:00),3.4
IMO9300201,Maersk Panamax 0201,Maersk,Panamax,4729,268.7,11.6,B-05,3,2025-10-09T11:27:25.794447+00:00,2025-10-09T12:46:01.794447+00:00,2025-10-10T23:10:01.794447+00:00,15.3,22.5,0,34.7,34.4,0,NONE,SHIFT_A (06:00-14:00),1.31
IMO9300202,Hapag-Lloyd Post-Panamax 0202,Hapag-Lloyd,Post-Panamax,7060,332.1,13.9,B-05,3,2025-08-08T21:28:20.074115+00:00,2025-08-08T22:54:44.074115+00:00,2025-08-11T01:18:44.074115+00:00,15.4,17.5,0,50.1,50.4,0,NONE,SHIFT_C (22:00-06:00),1.44
IMO9300203,SITC Neo-Panamax 0203,SITC,Neo-Panamax,10823,362.4,13.7,B-01,4,2025-03-25T19:09:12.634853+00:00,2025-03-25T20:56:36.634853+00:00,2025-03-28T00:38:36.634853+00:00,10.8,31.0,1,51.6,51.7,0,NONE,SHIFT_B (14:00-22:00),1.79
IMO9300204,Maersk Panamax 0204,Maersk,Panamax,4235,279.4,11.3,B-05,3,2025-09-10T15:53:34.783687+00:00,2025-09-10T17:35:34.783687+00:00,2025-09-11T23:17:34.783687+00:00,14.5,15.4,0,29.1,29.7,0,NONE,SHIFT_B (14:00-22:00),1.7
IMO9300205,OOCL ULCV 0205,OOCL,ULCV,23730,379.1,15.0,B-01,4,2025-09-03T01:56:01.089979+00:00,2025-09-03T06:09:13.089979+00:00,2025-09-06T06:15:13.089979+00:00,13.8,28.4,1,72.4,72.1,0,NONE,SHIFT_A (06:00-14:00),4.22
IMO9300206,OOCL Post-Panamax 0206,OOCL,Post-Panamax,6636,347.7,14.0,B-05,3,2026-07-31T14:13:57.101049+00:00,2026-07-31T16:59:33.101049+00:00,2026-08-02T21:41:33.101049+00:00,15.1,10.5,0,46.9,52.7,349,WEATHER,SHIFT_B (14:00-22:00),2.76
IMO9300207,KMTC Handymax 0207,KMTC,Handymax,3311,196.9,9.5,B-07,3,2026-03-02T13:04:19.464985+00:00,2026-03-02T14:01:55.464985+00:00,2026-03-03T15:19:55.464985+00:00,16.5,9.2,0,25.2,25.3,0,NONE,SHIFT_B (14:00-22:00),0.96
IMO9300208,CMA CGM Neo-Panamax 0208,CMA CGM,Neo-Panamax,11954,348.1,14.4,B-01,4,2026-03-26T06:42:30.769363+00:00,2026-03-26T06:56:54.769363+00:00,2026-03-28T15:56:54.769363+00:00,16.3,27.7,0,56.8,57.0,0,NONE,SHIFT_A (06:00-14:00),0.24
IMO9300209,Evergreen Post-Panamax 0209,Evergreen,Post-Panamax,6592,306.0,13.9,B-02,4,2025-09-26T00:19:35.095689+00:00,2025-09-26T01:05:47.095689+00:00,2025-09-28T02:35:47.095689+00:00,16.3,23.1,0,46.2,49.5,197,CRANE_OUTAGE,SHIFT_C (22:00-06:00),0.77
IMO9300210,COSCO Post-Panamax 0210,COSCO,Post-Panamax,10017,338.6,12.6,B-03,4,2025-09-06T06:28:13.479513+00:00,2025-09-06T10:00:37.479513+00:00,2025-09-08T07:24:37.479513+00:00,17.0,10.5,0,45.5,45.4,0,NONE,SHIFT_A (06:00-14:00),3.54
IMO9300211,Evergreen Feeder 0211,Evergreen,Feeder,1010,152.1,7.6,B-10,2,2025-05-21T03:40:23.959343+00:00,2025-05-21T06:45:11.959343+00:00,2025-05-22T01:09:11.959343+00:00,16.5,1.2,0,18.7,18.4,0,NONE,SHIFT_A (06:00-14:00),3.08
IMO9300212,Evergreen Neo-Panamax 0212,Evergreen,Neo-Panamax,14529,364.2,15.2,B-03,4,2025-04-03T06:34:02.692297+00:00,2025-04-03T08:01:02.692297+00:00,2025-04-05T15:19:02.692297+00:00,12.0,13.6,0,56.2,55.3,0,NONE,SHIFT_A (06:00-14:00),1.45
IMO9300213,MSC Handymax 0213,MSC,Handymax,2094,187.2,10.5,B-09,2,2026-07-30T14:09:47.544522+00:00,2026-07-30T15:15:11.544522+00:00,2026-07-31T13:03:11.544522+00:00,14.8,23.9,0,22.4,21.8,0,NONE,SHIFT_B (14:00-22:00),1.09
IMO9300214,ZIM Panamax 0214,ZIM,Panamax,4508,271.8,10.5,B-07,3,2024-09-30T06:35:49.238255+00:00,2024-09-30T10:13:01.238255+00:00,2024-10-01T16:37:01.238255+00:00,14.3,21.6,0,27.6,30.4,167,WEATHER,SHIFT_A (06:00-14:00),3.62
IMO9300215,KMTC Feeder 0215,KMTC,Feeder,2102,131.4,8.4,B-10,2,2024-12-26T00:55:09.348151+00:00,2024-12-26T02:22:09.348151+00:00,2024-12-26T22:58:09.348151+00:00,14.5,18.6,0,20.6,20.6,0,NONE,SHIFT_C (22:00-06:00),1.45
IMO9300216,OOCL Feeder 0216,OOCL,Feeder,1091,187.7,9.4,B-10,2,2026-02-28T20:21:43.764858+00:00,2026-02-28T20:21:43.764858+00:00,2026-03-01T19:45:43.764858+00:00,14.9,4.4,0,22.8,23.4,0,NONE,SHIFT_B (14:00-22:00),0.0
IMO9300217,CMA CGM Panamax 0217,CMA CGM,Panamax,4615,260.7,11.0,B-04,3,2025-07-19T07:31:44.014730+00:00,2025-07-19T11:10:08.014730+00:00,2025-07-20T21:28:08.014730+00:00,15.5,7.4,0,30.2,34.3,246,YARD_CONGESTION,SHIFT_A (06:00-14:00),3.64
IMO9300218,Wan Hai Post-Panamax 0218,Wan Hai,Post-Panamax,7111,315.9,13.0,B-02,4,2026-06-12T06:00:20.053251+00:00,2026-06-12T09:37:32.053251+00:00,2026-06-14T09:01:32.053251+00:00,15.2,21.4,0,47.8,47.4,0,NONE,SHIFT_A (06:00-14:00),3.62
IMO9300219,PIL Feeder 0219,PIL,Feeder,1431,187.9,7.5,B-09,2,2026-03-11T12:13:40.988310+00:00,2026-03-11T14:39:28.988310+00:00,2026-03-12T11:15:28.988310+00:00,15.2,19.2,0,20.1,20.6,0,NONE,SHIFT_B (14:00-22:00),2.43
IMO9300220,CMA CGM Handymax 0220,CMA CGM,Handymax,2811,208.4,10.9,B-06,3,2025-05-18T22:46:56.569527+00:00,2025-05-18T22:46:56.569527+00:00,2025-05-19T22:34:56.569527+00:00,15.0,10.4,0,24.0,23.8,0,NONE,SHIFT_C (22:00-06:00),0.0
IMO9300221,Yang Ming Post-Panamax 0221,Yang Ming,Post-Panamax,7645,304.7,12.7,B-01,4,2026-09-09T13:54:46.025935+00:00,2026-09-09T17:27:10.025935+00:00,2026-09-11T18:03:10.025935+00:00,10.0,7.4,0,48.4,48.6,0,NONE,SHIFT_B (14:00-22:00),3.54
IMO9300222,HMM Panamax 0222,HMM,Panamax,3264,284.2,10.1,B-05,3,2024-12-07T20:04:57.329211+00:00,2024-12-07T20:31:21.329211+00:00,2024-12-09T14:19:21.329211+00:00,17.2,14.1,0,37.5,41.8,259,WEATHER,SHIFT_B (14:00-22:00),0.44
IMO9300223,SITC Feeder 0223,SITC,Feeder,1687,133.0,9.3,B-10,2,2025-12-07T23:32:51.309799+00:00,2025-12-08T01:58:03.309799+00:00,2025-12-08T21:22:03.309799+00:00,15.0,8.5,0,18.8,19.4,0,NONE,SHIFT_C (22:00-06:00),2.42
IMO9300224,Yang Ming Feeder 0224,Yang Ming,Feeder,1927,168.8,8.2,B-09,2,2026-08-05T07:23:54.138981+00:00,2026-08-05T09:58:06.138981+00:00,2026-08-06T08:28:06.138981+00:00,15.3,10.8,0,19.6,22.5,172,YARD_CONGESTION,SHIFT_A (06:00-14:00),2.57
IMO9300225,Maersk Panamax 0225,Maersk,Panamax,4470,289.3,11.6,B-07,3,2025-08-22T09:39:05.254831+00:00,2025-08-22T09:39:05.254831+00:00,2025-08-23T15:21:05.254831+00:00,14.9,15.3,0,30.3,29.7,0,NONE,SHIFT_A (06:00-14:00),0.0
IMO9300226,HMM Neo-Panamax 0226,HMM,Neo-Panamax,14337,341.5,15.5,B-02,4,2025-03-15T10:33:15.730099+00:00,2025-03-15T14:00:15.730099+00:00,2025-03-18T01:24:15.730099+00:00,11.7,45.9,1,51.6,59.4,467,WEATHER,SHIFT_B (14:00-22:00),3.45
IMO9300227,Yang Ming Feeder 0227,Yang Ming,Feeder,1595,164.5,9.5,B-09,2,2024-11-14T07:14:49.819613+00:00,2024-11-14T09:47:49.819613+00:00,2024-11-15T02:53:49.819613+00:00,14.4,9.9,0,17.0,17.1,0,NONE,SHIFT_A (06:00-14:00),2.55
IMO9300228,PIL Post-Panamax 0228,PIL,Post-Panamax,8042,347.4,13.6,B-04,3,2025-08-24T02:58:38.334745+00:00,2025-08-24T06:44:14.334745+00:00,2025-08-26T04:38:14.334745+00:00,15.1,8.5,0,46.9,45.9,0,NONE,SHIFT_A (06:00-14:00),3.76
IMO9300229,Wan Hai Panamax 0229,Wan Hai,Panamax,3534,284.3,10.4,B-06,3,2025-04-20T08:18:21.214679+00:00,2025-04-20T11:42:21.214679+00:00,2025-04-22T02:00:21.214679+00:00,12.8,11.7,0,36.6,38.3,101,YARD_CONGESTION,SHIFT_A (06:00-14:00),3.4
IMO9300230,PIL Neo-Panamax 0230,PIL,Neo-Panamax,13240,365.0,14.2,B-03,4,2026-07-07T11:45:41.110529+00:00,2026-07-07T13:53:29.110529+00:00,2026-07-10T01:05:29.110529+00:00,15.2,11.3,0,54.3,59.2,294,YARD_CONGESTION,SHIFT_A (06:00-14:00),2.13
IMO9300231,Evergreen Panamax 0231,Evergreen,Panamax,4461,269.5,11.1,B-05,3,2025-05-27T07:59:02.636812+00:00,2025-05-27T10:02:38.636812+00:00,2025-05-28T17:44:38.636812+00:00,12.9,20.5,0,31.4,31.7,0,NONE,SHIFT_A (06:00-14:00),2.06
IMO9300232,MSC Panamax 0232,MSC,Panamax,3904,232.7,10.6,B-04,3,2024-11-13T05:39:36.414635+00:00,2024-11-13T09:03:00.414635+00:00,2024-11-14T20:15:00.414635+00:00,14.5,7.6,0,29.4,35.2,351,TIDAL_WINDOW_MISSED,SHIFT_A (06:00-14:00),3.39
IMO9300233,CMA CGM Panamax 0233,CMA CGM,Panamax,4375,277.5,11.3,B-07,3,2026-09-09T23:36:19.306831+00:00,2026-09-10T01:55:31.306831+00:00,2026-09-11T11:01:31.306831+00:00,17.2,12.3,0,33.3,33.1,0,NONE,SHIFT_C (22:00-06:00),2.32
IMO9300234,Evergreen Panamax 0234,Evergreen,Panamax,4551,281.9,11.0,B-06,3,2025-08-21T07:38:35.017439+00:00,2025-08-21T07:38:35.017439+00:00,2025-08-22T23:26:35.017439+00:00,10.9,6.5,0,32.9,39.8,411,CRANE_OUTAGE,SHIFT_A (06:00-14:00),0.0
IMO9300235,SITC Feeder 0235,SITC,Feeder,1403,134.4,9.1,B-08,2,2026-01-31T20:46:52.923633+00:00,2026-01-31T22:15:04.923633+00:00,2026-02-01T14:45:04.923633+00:00,14.3,8.4,0,15.9,16.5,0,NONE,SHIFT_C (22:00-06:00),1.47
IMO9300236,OOCL Feeder 0236,OOCL,Feeder,2138,172.3,8.1,B-08,2,2025-07-08T05:13:27.028066+00:00,2025-07-08T07:39:51.028066+00:00,2025-07-09T05:21:51.028066+00:00,16.0,13.9,0,19.2,21.7,149,PILOT_UNAVAILABLE,SHIFT_A (06:00-14:00),2.44
IMO9300237,HMM Post-Panamax 0237,HMM,Post-Panamax,7285,333.0,13.1,B-01,4,2025-12-09T11:44:58.172290+00:00,2025-12-09T11:56:22.172290+00:00,2025-12-11T19:08:22.172290+00:00,13.9,4.9,0,48.4,55.2,410,WEATHER,SHIFT_A (06:00-14:00),0.19
IMO9300238,ONE Panamax 0238,ONE,Panamax,4195,226.8,10.4,B-04,3,2025-10-12T10:46:00.949261+00:00,2025-10-12T12:13:36.949261+00:00,2025-10-13T19:19:36.949261+00:00,14.9,6.9,0,28.1,31.1,180,YARD_CONGESTION,SHIFT_A (06:00-14:00),1.46
IMO9300239,X-Press Feeders Feeder 0239,X-Press Feeders,Feeder,1556,141.1,9.2,B-08,2,2025-11-01T10:44:15.209494+00:00,2025-11-01T11:45:27.209494+00:00,2025-11-02T12:51:27.209494+00:00,16.5,9.7,0,18.4,25.1,401,CRANE_OUTAGE,SHIFT_A (06:00-14:00),1.02
IMO9300240,PIL Feeder 0240,PIL,Feeder,2349,178.5,8.0,B-10,2,2026-04-07T11:41:40.626032+00:00,2026-04-07T14:02:04.626032+00:00,2026-04-08T13:08:04.626032+00:00,12.8,5.1,0,20.3,23.1,166,PILOT_UNAVAILABLE,SHIFT_B (14:00-22:00),2.34
IMO9300241,Yang Ming Panamax 0241,Yang Ming,Panamax,3142,253.3,10.2,B-05,3,2026-06-23T15:21:27.075580+00:00,2026-06-23T20:10:03.075580+00:00,2026-06-25T17:10:03.075580+00:00,9.0,34.4,1,34.6,45.0,625,TIDAL_WINDOW_MISSED,SHIFT_B (14:00-22:00),4.8100000000000005
IMO9300242,Hapag-Lloyd Feeder 0242,Hapag-Lloyd,Feeder,2289,180.0,7.6,B-08,2,2026-07-17T13:35:42.306777+00:00,2026-07-17T15:11:06.306777+00:00,2026-07-18T08:59:06.306777+00:00,11.1,16.4,0,17.1,17.8,0,NONE,SHIFT_B (14:00-22:00),1.59
IMO9300243,KMTC Feeder 0243,KMTC,Feeder,1960,136.8,7.4,B-10,2,2025-07-25T22:43:01.193045+00:00,2025-07-26T00:34:01.193045+00:00,2025-07-27T04:46:01.193045+00:00,14.3,6.6,0,19.2,28.2,540,WEATHER,SHIFT_C (22:00-06:00),1.85
IMO9300244,KMTC Handymax 0244,KMTC,Handymax,3171,190.6,10.1,B-09,2,2026-08-22T05:25:39.850021+00:00,2026-08-22T05:25:39.850021+00:00,2026-08-23T09:43:39.850021+00:00,16.0,10.8,0,27.0,28.3,79,CRANE_OUTAGE,SHIFT_C (22:00-06:00),0.0
IMO9300245,Wan Hai Handymax 0245,Wan Hai,Handymax,2973,207.6,8.6,B-08,2,2024-12-11T18:26:50.541631+00:00,2024-12-11T22:00:26.541631+00:00,2024-12-12T23:12:26.541631+00:00,14.9,11.3,0,23.4,25.2,110,CRANE_OUTAGE,SHIFT_C (22:00-06:00),3.56
IMO9300246,Yang Ming ULCV 0246,Yang Ming,ULCV,21259,370.6,16.4,B-02,4,2026-03-08T08:02:26.527963+00:00,2026-03-08T11:16:14.527963+00:00,2026-03-11T15:04:14.527963+00:00,15.0,13.6,0,68.0,75.8,469,WEATHER,SHIFT_A (06:00-14:00),3.23
IMO9300247,PIL Panamax 0247,PIL,Panamax,3651,277.5,11.0,B-04,3,2026-02-06T07:54:40.893691+00:00,2026-02-06T09:08:28.893691+00:00,2026-02-07T18:14:28.893691+00:00,14.5,24.1,0,32.6,33.1,0,NONE,SHIFT_A (06:00-14:00),1.23
IMO9300248,Yang Ming Neo-Panamax 0248,Yang Ming,Neo-Panamax,12952,340.9,13.6,B-03,4,2026-04-27T22:09:26.584154+00:00,2026-04-27T23:41:14.584154+00:00,2026-04-30T05:53:14.584154+00:00,12.7,12.6,0,53.2,54.2,60,YARD_CONGESTION,SHIFT_C (22:00-06:00),1.53
IMO9300249,OOCL Feeder 0249,OOCL,Feeder,1771,165.6,7.4,B-10,2,2025-08-17T11:57:15.288540+00:00,2025-08-17T12:11:39.288540+00:00,2025-08-18T06:17:39.288540+00:00,17.3,10.4,0,19.0,18.1,0,NONE,SHIFT_A (06:00-14:00),0.24
IMO9300250,ONE Neo-Panamax 0250,ONE,Neo-Panamax,11693,362.3,14.8,B-02,4,2025-06-06T08:46:29.533853+00:00,2025-06-06T09:47:05.533853+00:00,2025-06-08T11:23:05.533853+00:00,17.2,15.5,0,50.4,49.6,0,NONE,SHIFT_A (06:00-14:00),1.01
IMO9300251,Maersk Feeder 0251,Maersk,Feeder,1425,143.4,8.5,B-10,2,2024-10-22T09:48:24.646271+00:00,2024-10-22T10:20:12.646271+00:00,2024-10-23T04:02:12.646271+00:00,13.0,12.8,0,17.5,17.7,0,NONE,SHIFT_A (06:00-14:00),0.53
IMO9300252,X-Press Feeders Post-Panamax 0252,X-Press Feeders,Post-Panamax,9565,329.2,12.5,B-05,3,2025-06-09T10:04:52.337986+00:00,2025-06-09T11:44:28.337986+00:00,2025-06-11T13:08:28.337986+00:00,14.2,17.5,0,48.6,49.4,0,NONE,SHIFT_A (06:00-14:00),1.66
IMO9300253,HMM Panamax 0253,HMM,Panamax,4223,238.3,11.4,B-05,3,2026-06-02T07:24:21.041380+00:00,2026-06-02T08:58:33.041380+00:00,2026-06-04T01:16:33.041380+00:00,10.7,22.5,0,33.5,40.3,408,CRANE_OUTAGE,SHIFT_A (06:00-14:00),1.57
IMO9300254,Maersk Feeder 0254,Maersk,Feeder,1331,169.3,9.5,B-09,2,2025-12-01T01:46:16.398609+00:00,2025-12-01T01:46:16.398609+00:00,2025-12-01T21:04:16.398609+00:00,9.4,20.5,0,14.9,19.3,265,WEATHER,SHIFT_C (22:00-06:00),0.0
IMO9300255,Yang Ming Post-Panamax 0255,Yang Ming,Post-Panamax,10397,334.3,13.8,B-03,4,2025-09-18T04:04:19.227550+00:00,2025-09-18T07:13:55.227550+00:00,2025-09-20T06:07:55.227550+00:00,11.7,25.2,0,47.4,46.9,0,NONE,SHIFT_A (06:00-14:00),3.16
IMO9300256,Evergreen Post-Panamax 0256,Evergreen,Post-Panamax,7231,347.3,14.3,B-02,4,2026-01-05T13:21:04.500267+00:00,2026-01-05T15:26:28.500267+00:00,2026-01-07T20:50:28.500267+00:00,13.4,20.7,0,53.9,53.4,0,NONE,SHIFT_B (14:00-22:00),2.09
IMO9300257,COSCO Handymax 0257,COSCO,Handymax,3195,198.8,10.7,B-06,3,2025-10-13T10:05:43.650539+00:00,2025-10-13T12:27:19.650539+00:00,2025-10-14T11:39:19.650539+00:00,15.4,19.1,0,21.2,23.2,122,YARD_CONGESTION,SHIFT_A (06:00-14:00),2.36
IMO9300258,ONE Feeder 0258,ONE,Feeder,1737,150.6,9.5,B-08,2,2026-02-02T13:04:31.395337+00:00,2026-02-02T14:18:19.395337+00:00,2026-02-03T05:30:19.395337+00:00,14.9,20.0,0,15.9,15.2,0,NONE,SHIFT_B (14:00-22:00),1.23
IMO9300259,Maersk Panamax 0259,Maersk,Panamax,3690,251.6,10.4,B-05,3,2025-09-30T22:22:03.839780+00:00,2025-09-30T23:39:27.839780+00:00,2025-10-02T07:39:27.839780+00:00,13.7,17.6,0,29.6,32.0,143,PILOT_UNAVAILABLE,SHIFT_C (22:00-06:00),1.29
IMO9300260,ONE Feeder 0260,ONE,Feeder,1459,173.8,9.4,B-10,2,2026-05-04T01:30:22.705274+00:00,2026-05-04T02:05:10.705274+00:00,2026-05-04T23:17:10.705274+00:00,13.5,19.0,0,17.3,21.2,236,CRANE_OUTAGE,SHIFT_C (22:00-06:00),0.58
IMO9300261,COSCO Handymax 0261,COSCO,Handymax,2342,195.3,10.0,B-06,3,2025-02-02T10:14:58.860433+00:00,2025-02-02T11:58:46.860433+00:00,2025-02-03T11:46:46.860433+00:00,15.9,20.3,0,21.9,23.8,113,YARD_CONGESTION,SHIFT_A (06:00-14:00),1.73
IMO9300262,OOCL Handymax 0262,OOCL,Handymax,2826,194.4,9.0,B-06,3,2026-04-06T20:03:28.770215+00:00,2026-04-06T20:50:16.770215+00:00,2026-04-07T23:26:16.770215+00:00,16.5,20.3,0,27.3,26.6,0,NONE,SHIFT_B (14:00-22:00),0.78
IMO9300263,MSC Handymax 0263,MSC,Handymax,3095,195.0,10.1,B-06,3,2025-07-17T20:30:14.868750+00:00,2025-07-17T23:39:14.868750+00:00,2025-07-19T00:09:14.868750+00:00,14.8,23.6,0,25.3,24.5,0,NONE,SHIFT_C (22:00-06:00),3.15
IMO9300264,Hapag-Lloyd Handymax 0264,Hapag-Lloyd,Handymax,2019,188.2,10.2,B-08,2,2025-11-19T08:46:35.848892+00:00,2025-11-19T09:51:23.848892+00:00,2025-11-20T13:57:23.848892+00:00,12.0,6.5,0,23.5,28.1,274,CRANE_OUTAGE,SHIFT_A (06:00-14:00),1.08
IMO9300265,COSCO Neo-Panamax 0265,COSCO,Neo-Panamax,12315,353.3,14.7,B-01,4,2025-03-02T13:08:53.202026+00:00,2025-03-02T13:11:17.202026+00:00,2025-03-04T21:23:17.202026+00:00,14.5,21.7,0,56.9,56.2,0,NONE,SHIFT_A (06:00-14:00),0.04
IMO9300266,ONE Panamax 0266,ONE,Panamax,3960,268.2,11.0,B-04,3,2026-09-09T00:13:41.783394+00:00,2026-09-09T01:29:53.783394+00:00,2026-09-10T13:05:53.783394+00:00,16.3,6.1,0,34.9,35.6,0,NONE,SHIFT_C (22:00-06:00),1.27
IMO9300267,CMA CGM Post-Panamax 0267,CMA CGM,Post-Panamax,8596,336.2,12.7,B-02,4,2025-10-24T13:12:16.605702+00:00,2025-10-24T16:03:16.605702+00:00,2025-10-26T22:39:16.605702+00:00,14.3,4.7,0,50.0,54.6,274,WEATHER,SHIFT_B (14:00-22:00),2.85
IMO9300268,Wan Hai Post-Panamax 0268,Wan Hai,Post-Panamax,6875,321.3,12.7,B-01,4,2025-01-13T04:04:15.418866+00:00,2025-01-13T04:04:15.418866+00:00,2025-01-15T06:22:15.418866+00:00,15.3,18.7,0,50.2,50.3,0,NONE,SHIFT_C (22:00-06:00),0.0
IMO9300269,CMA CGM Neo-Panamax 0269,CMA CGM,Neo-Panamax,10932,349.7,14.2,B-02,4,2025-12-04T04:51:50.515474+00:00,2025-12-04T04:51:50.515474+00:00,2025-12-06T05:39:50.515474+00:00,15.4,19.3,0,46.6,48.8,130,YARD_CONGESTION,SHIFT_C (22:00-06:00),0.0
IMO9300270,MSC Feeder 0270,MSC,Feeder,1012,188.9,9.1,B-09,2,2024-12-01T13:19:16.394244+00:00,2024-12-01T15:57:40.394244+00:00,2024-12-02T09:51:40.394244+00:00,12.7,14.9,0,17.5,17.9,0,NONE,SHIFT_B (14:00-22:00),2.64
IMO9300271,Hapag-Lloyd Panamax 0271,Hapag-Lloyd,Panamax,4684,253.8,11.0,B-07,3,2026-08-16T02:32:05.350615+00:00,2026-08-16T03:26:05.350615+00:00,2026-08-17T08:50:05.350615+00:00,16.1,19.7,0,29.4,29.4,0,NONE,SHIFT_C (22:00-06:00),0.9
IMO9300272,Wan Hai ULCV 0272,Wan Hai,ULCV,15560,383.6,15.9,B-02,4,2025-05-30T01:55:13.121210+00:00,2025-05-30T01:55:13.121210+00:00,2025-06-01T18:43:13.121210+00:00,13.7,10.2,0,58.5,64.8,375,WEATHER,SHIFT_C (22:00-06:00),0.0
IMO9300273,MSC Neo-Panamax 0273,MSC,Neo-Panamax,14141,340.3,15.4,B-02,4,2025-01-13T06:16:26.007963+00:00,2025-01-13T09:06:50.007963+00:00,2025-01-15T15:00:50.007963+00:00,14.0,15.1,1,53.7,53.9,0,NONE,SHIFT_A (06:00-14:00),2.84
IMO9300274,Yang Ming Panamax 0274,Yang Ming,Panamax,4835,225.5,10.9,B-04,3,2025-01-09T20:48:07.960195+00:00,2025-01-09T22:28:19.960195+00:00,2025-01-11T11:10:19.960195+00:00,16.1,14.2,0,34.8,36.7,112,CRANE_OUTAGE,SHIFT_C (22:00-06:00),1.67
IMO9300275,MSC Panamax 0275,MSC,Panamax,3372,259.0,10.0,B-06,3,2024-12-16T17:56:59.760097+00:00,2024-12-16T18:07:47.760097+00:00,2024-12-18T07:19:47.760097+00:00,13.5,14.4,0,28.5,37.2,522,WEATHER,SHIFT_B (14:00-22:00),0.18
IMO9300276,OOCL Panamax 0276,OOCL,Panamax,4853,270.2,10.7,B-04,3,2026-07-10T01:50:32.758053+00:00,2026-07-10T04:42:44.758053+00:00,2026-07-11T13:06:44.758053+00:00,16.2,18.6,0,32.0,32.4,0,NONE,SHIFT_C (22:00-06:00),2.87
IMO9300277,PIL Panamax 0277,PIL,Panamax,3672,269.1,10.1,B-07,3,2026-06-09T03:06:30.123327+00:00,2026-06-09T04:35:54.123327+00:00,2026-06-10T14:59:54.123327+00:00,11.7,6.7,0,30.3,34.4,246,YARD_CONGESTION,SHIFT_C (22:00-06:00),1.49
IMO9300278,ONE Feeder 0278,ONE,Feeder,1648,173.0,7.3,B-08,2,2024-11-20T11:23:52.817831+00:00,2024-11-20T12:22:04.817831+00:00,2024-11-21T05:04:04.817831+00:00,11.9,23.6,0,16.5,16.7,0,NONE,SHIFT_A (06:00-14:00),0.97
IMO9300279,Hapag-Lloyd ULCV 0279,Hapag-Lloyd,ULCV,14795,398.8,14.5,B-03,4,2024-11-14T05:28:53.547133+00:00,2024-11-14T06:57:05.547133+00:00,2024-11-17T02:39:05.547133+00:00,12.7,15.4,0,67.4,67.7,0,NONE,SHIFT_A (06:00-14:00),1.47
IMO9300280,X-Press Feeders Feeder 0280,X-Press Feeders,Feeder,1459,169.5,8.5,B-10,2,2024-12-23T00:31:57.443338+00:00,2024-12-23T01:21:45.443338+00:00,2024-12-23T17:21:45.443338+00:00,12.4,13.6,0,16.3,16.0,0,NONE,SHIFT_C (22:00-06:00),0.83
IMO9300281,ZIM Handymax 0281,ZIM,Handymax,2845,198.1,8.8,B-08,2,2025-01-19T14:10:32.357649+00:00,2025-01-19T15:03:56.357649+00:00,2025-01-20T13:33:56.357649+00:00,14.0,20.5,0,22.2,22.5,0,NONE,SHIFT_B (14:00-22:00),0.89
IMO9300282,Hapag-Lloyd Post-Panamax 0282,Hapag-Lloyd,Post-Panamax,7956,349.1,13.8,B-05,3,2025-08-23T20:38:31.505036+00:00,2025-08-23T21:23:31.505036+00:00,2025-08-25T12:29:31.505036+00:00,13.7,18.1,0,39.1,39.1,0,NONE,SHIFT_B (14:00-22:00),0.75
IMO9300283,KMTC ULCV 0283,KMTC,ULCV,22747,388.9,16.3,B-02,4,2024-12-25T20:06:28.947884+00:00,2024-12-25T21:22:04.947884+00:00,2024-12-28T15:46:04.947884+00:00,14.6,6.7,0,66.0,66.4,0,NONE,SHIFT_B (14:00-22:00),1.26
IMO9300284,HMM ULCV 0284,HMM,ULCV,18835,371.0,14.6,B-01,4,2025-03-24T23:19:28.701939+00:00,2025-03-25T00:47:40.701939+00:00,2025-03-28T03:17:40.701939+00:00,17.4,3.8,0,71.6,74.5,174,CRANE_OUTAGE,SHIFT_C (22:00-06:00),1.47
IMO9300285,X-Press Feeders Post-Panamax 0285,X-Press Feeders,Post-Panamax,8856,311.9,14.1,B-01,4,2024-11-20T13:50:42.774032+00:00,2024-11-20T16:13:30.774032+00:00,2024-11-22T18:31:30.774032+00:00,14.6,32.7,1,49.9,50.3,0,NONE,SHIFT_B (14:00-22:00),2.38
IMO9300286,Yang Ming Neo-Panamax 0286,Yang Ming,Neo-Panamax,13012,363.7,14.9,B-03,4,2025-08-20T21:26:05.113372+00:00,2025-08-20T23:15:53.113372+00:00,2025-08-23T02:27:53.113372+00:00,16.0,17.4,0,51.0,51.2,0,NONE,SHIFT_C (22:00-06:00),1.83
IMO9300287,Evergreen Feeder 0287,Evergreen,Feeder,883,174.1,7.3,B-09,2,2026-03-01T08:40:28.794014+00:00,2026-03-01T10:12:52.794014+00:00,2026-03-02T08:18:52.794014+00:00,15.6,23.9,0,21.0,22.1,65,YARD_CONGESTION,SHIFT_A (06:00-14:00),1.54
IMO9300288,Wan Hai Feeder 0288,Wan Hai,Feeder,2080,165.8,8.9,B-10,2,2025-01-19T13:02:37.460416+00:00,2025-01-19T14:38:01.460416+00:00,2025-01-20T06:38:01.460416+00:00,15.1,11.3,0,15.7,16.0,0,NONE,SHIFT_B (14:00-22:00),1.59
IMO9300289,Evergreen Panamax 0289,Evergreen,Panamax,3652,256.4,11.6,B-07,3,2025-08-23T10:28:36.538716+00:00,2025-08-23T11:10:00.538716+00:00,2025-08-24T18:16:00.538716+00:00,15.5,25.5,0,30.4,31.1,0,NONE,SHIFT_A (06:00-14:00),0.69
IMO9300290,OOCL Panamax 0290,OOCL,Panamax,3036,289.8,11.6,B-04,3,2025-05-24T21:09:19.688200+00:00,2025-05-24T21:41:07.688200+00:00,2025-05-26T03:41:07.688200+00:00,16.5,14.2,0,29.3,30.0,0,NONE,SHIFT_B (14:00-22:00),0.53
IMO9300291,Wan Hai Post-Panamax 0291,Wan Hai,Post-Panamax,7428,319.1,14.1,B-04,3,2026-03-17T13:34:45.127147+00:00,2026-03-17T15:05:21.127147+00:00,2026-03-19T14:11:21.127147+00:00,14.1,15.6,0,47.2,47.1,0,NONE,SHIFT_B (14:00-22:00),1.51
IMO9300292,ONE Handymax 0292,ONE,Handymax,2196,192.8,8.7,B-07,3,2024-10-19T02:17:57.607898+00:00,2024-10-19T02:22:45.607898+00:00,2024-10-20T01:40:45.607898+00:00,12.0,21.5,0,23.2,23.3,0,NONE,SHIFT_C (22:00-06:00),0.08
IMO9300293,KMTC Feeder 0293,KMTC,Feeder,2497,180.1,7.5,B-10,2,2024-12-25T00:04:37.981618+00:00,2024-12-25T01:25:01.981618+00:00,2024-12-25T23:19:01.981618+00:00,12.6,22.9,0,21.6,21.9,0,NONE,SHIFT_C (22:00-06:00),1.34
IMO9300294,CMA CGM Feeder 0294,CMA CGM,Feeder,1942,133.3,9.0,B-08,2,2025-07-31T11:56:09.732989+00:00,2025-07-31T14:38:09.732989+00:00,2025-08-01T11:08:09.732989+00:00,14.4,9.7,0,20.7,20.5,0,NONE,SHIFT_B (14:00-22:00),2.7
IMO9300295,COSCO Feeder 0295,COSCO,Feeder,2066,162.1,8.6,B-08,2,2025-03-23T06:27:26.461941+00:00,2025-03-23T06:33:26.461941+00:00,2025-03-24T06:09:26.461941+00:00,13.1,5.6,0,19.5,23.6,244,WEATHER,SHIFT_A (06:00-14:00),0.1
IMO9300296,ZIM Panamax 0296,ZIM,Panamax,4618,273.6,10.9,B-04,3,2025-10-12T03:33:56.597334+00:00,2025-10-12T05:19:32.597334+00:00,2025-10-13T22:07:32.597334+00:00,15.7,15.9,0,34.6,40.8,369,WEATHER,SHIFT_C (22:00-06:00),1.76
IMO9300297,Hapag-Lloyd Handymax 0297,Hapag-Lloyd,Handymax,3493,191.9,10.7,B-08,2,2024-10-29T08:08:45.374901+00:00,2024-10-29T10:49:33.374901+00:00,2024-10-30T14:19:33.374901+00:00,14.8,7.7,0,27.5,27.5,0,NONE,SHIFT_A (06:00-14:00),2.68
IMO9300298,ONE Feeder 0298,ONE,Feeder,1504,174.9,9.3,B-08,2,2025-11-25T06:40:01.548805+00:00,2025-11-25T08:30:25.548805+00:00,2025-11-26T03:24:25.548805+00:00,13.4,18.3,0,18.4,18.9,0,NONE,SHIFT_A (06:00-14:00),1.84
IMO9300299,Evergreen Feeder 0299,Evergreen,Feeder,911,170.3,8.4,B-10,2,2025-10-21T07:15:26.629054+00:00,2025-10-21T07:54:26.629054+00:00,2025-10-22T05:00:26.629054+00:00,14.0,5.4,0,21.5,21.1,0,NONE,SHIFT_A (06:00-14:00),0.65
IMO9300300,Yang Ming Feeder 0300,Yang Ming,Feeder,1196,136.0,8.5,B-09,2,2025-10-03T14:31:59.555647+00:00,2025-10-03T17:29:35.555647+00:00,2025-10-04T09:05:35.555647+00:00,13.0,11.8,0,15.6,15.6,0,NONE,SHIFT_B (14:00-22:00),2.96
IMO9300301,KMTC Post-Panamax 0301,KMTC,Post-Panamax,8314,308.4,13.1,B-04,3,2026-03-03T02:40:39.155182+00:00,2026-03-03T03:07:03.155182+00:00,2026-03-05T02:31:03.155182+00:00,16.6,11.9,0,41.7,47.4,339,WEATHER,SHIFT_C (22:00-06:00),0.44
IMO9300302,Evergreen Panamax 0302,Evergreen,Panamax,4149,265.2,10.2,B-05,3,2024-12-15T21:28:03.597560+00:00,2024-12-15T23:13:39.597560+00:00,2024-12-17T03:25:39.597560+00:00,14.2,9.0,0,27.1,28.2,69,CRANE_OUTAGE,SHIFT_C (22:00-06:00),1.76
IMO9300303,Maersk Neo-Panamax 0303,Maersk,Neo-Panamax,14833,361.1,14.7,B-01,4,2024-12-05T02:20:05.135134+00:00,2024-12-05T05:16:29.135134+00:00,2024-12-07T14:28:29.135134+00:00,10.6,42.6,1,49.5,57.2,465,WEATHER,SHIFT_C (22:00-06:00),2.94
IMO9300304,Hapag-Lloyd Neo-Panamax 0304,Hapag-Lloyd,Neo-Panamax,13250,352.1,14.5,B-02,4,2025-09-21T20:57:37.878017+00:00,2025-09-21T22:21:37.878017+00:00,2025-09-23T17:51:37.878017+00:00,16.4,18.7,0,44.2,43.5,0,NONE,SHIFT_C (22:00-06:00),1.4
IMO9300305,SITC Panamax 0305,SITC,Panamax,3598,231.1,11.1,B-07,3,2024-11-11T10:42:23.668082+00:00,2024-11-11T13:14:47.668082+00:00,2024-11-13T02:26:47.668082+00:00,15.3,9.8,0,31.8,37.2,325,CRANE_OUTAGE,SHIFT_A (06:00-14:00),2.54
IMO9300306,PIL Neo-Panamax 0306,PIL,Neo-Panamax,10380,350.1,15.3,B-01,4,2024-10-12T15:33:38.079381+00:00,2024-10-12T18:22:14.079381+00:00,2024-10-15T00:46:14.079381+00:00,11.1,11.8,0,50.7,54.4,224,WEATHER,SHIFT_B (14:00-22:00),2.81
IMO9300307,Evergreen Panamax 0307,Evergreen,Panamax,3318,246.4,10.8,B-06,3,2025-12-21T09:56:22.355561+00:00,2025-12-21T12:44:58.355561+00:00,2025-12-22T23:32:58.355561+00:00,13.3,12.3,0,34.7,34.8,0,NONE,SHIFT_A (06:00-14:00),2.81
IMO9300308,Hapag-Lloyd Panamax 0308,Hapag-Lloyd,Panamax,5107,250.8,10.5,B-06,3,2026-04-18T23:54:27.288199+00:00,2026-04-19T00:07:39.288199+00:00,2026-04-20T11:43:39.288199+00:00,12.6,8.8,0,36.2,35.6,0,NONE,SHIFT_C (22:00-06:00),0.22
IMO9300309,COSCO Post-Panamax 0309,COSCO,Post-Panamax,8226,324.1,13.5,B-05,3,2026-05-25T03:59:04.268269+00:00,2026-05-25T06:14:40.268269+00:00,2026-05-27T01:26:40.268269+00:00,14.2,4.4,0,44.1,43.2,0,NONE,SHIFT_A (06:00-14:00),2.26
IMO9300310,MSC Panamax 0310,MSC,Panamax,5116,231.6,11.8,B-07,3,2025-07-13T22:40:45.230335+00:00,2025-07-14T00:38:21.230335+00:00,2025-07-15T12:44:21.230335+00:00,17.4,16.5,0,32.7,36.1,205,CRANE_OUTAGE,SHIFT_C (22:00-06:00),1.96
IMO9300311,ONE ULCV 0311,ONE,ULCV,21891,381.3,16.5,B-01,4,2026-04-13T08:24:38.087942+00:00,2026-04-13T09:19:14.087942+00:00,2026-04-15T20:13:14.087942+00:00,15.0,16.9,0,58.7,58.9,0,NONE,SHIFT_A (06:00-14:00),0.91
IMO9300312,CMA CGM Neo-Panamax 0312,CMA CGM,Neo-Panamax,10889,346.0,14.3,B-01,4,2026-04-25T14:13:48.679020+00:00,2026-04-25T14:54:00.679020+00:00,2026-04-27T17:54:00.679020+00:00,12.6,24.5,0,51.8,51.0,0,NONE,SHIFT_B (14:00-22:00),0.67
IMO9300313,MSC Panamax 0313,MSC,Panamax,3481,281.4,11.1,B-04,3,2025-10-06T05:02:54.480297+00:00,2025-10-06T08:58:42.480297+00:00,2025-10-07T21:40:42.480297+00:00,16.3,23.3,0,36.8,36.7,0,NONE,SHIFT_A (06:00-14:00),3.93
IMO9300314,MSC Handymax 0314,MSC,Handymax,2987,207.9,9.6,B-09,2,2026-01-08T23:38:35.973320+00:00,2026-01-09T00:19:23.973320+00:00,2026-01-09T21:13:23.973320+00:00,17.4,22.5,0,21.1,20.9,0,NONE,SHIFT_C (22:00-06:00),0.68
IMO9300315,Yang Ming Handymax 0315,Yang Ming,Handymax,3225,216.4,8.7,B-09,2,2026-03-16T16:36:30.971321+00:00,2026-03-16T20:29:54.971321+00:00,2026-03-17T16:35:54.971321+00:00,14.6,1.9,0,20.7,20.1,0,NONE,SHIFT_B (14:00-22:00),3.89
IMO9300316,KMTC Post-Panamax 0316,KMTC,Post-Panamax,8577,318.1,12.8,B-03,4,2025-01-11T00:38:36.137316+00:00,2025-01-11T01:52:24.137316+00:00,2025-01-13T05:46:24.137316+00:00,13.5,13.7,0,49.2,51.9,164,CRANE_OUTAGE,SHIFT_C (22:00-06:00),1.23
IMO9300317,OOCL Panamax 0317,OOCL,Panamax,4981,232.5,11.1,B-06,3,2024-10-06T22:49:27.231919+00:00,2024-10-06T22:49:27.231919+00:00,2024-10-08T10:43:27.231919+00:00,13.0,13.2,0,36.5,35.9,0,NONE,SHIFT_C (22:00-06:00),0.0
IMO9300318,Evergreen Post-Panamax 0318,Evergreen,Post-Panamax,9272,305.0,13.5,B-05,3,2025-07-03T09:23:41.627065+00:00,2025-07-03T12:49:29.627065+00:00,2025-07-05T13:07:29.627065+00:00,16.2,19.2,0,47.9,48.3,0,NONE,SHIFT_A (06:00-14:00),3.43
IMO9300319,OOCL Post-Panamax 0319,OOCL,Post-Panamax,7024,346.3,13.4,B-03,4,2026-04-11T14:51:22.860654+00:00,2026-04-11T16:23:46.860654+00:00,2026-04-13T21:23:46.860654+00:00,14.7,13.0,0,52.7,53.0,0,NONE,SHIFT_B (14:00-22:00),1.54
IMO9300320,Evergreen Panamax 0320,Evergreen,Panamax,3826,264.8,10.9,B-06,3,2026-05-01T01:30:08.879372+00:00,2026-05-01T02:56:32.879372+00:00,2026-05-02T10:44:32.879372+00:00,11.7,21.9,0,31.6,31.8,0,NONE,SHIFT_C (22:00-06:00),1.44
IMO9300321,Maersk Handymax 0321,Maersk,Handymax,2565,219.0,8.7,B-09,2,2026-01-07T02:34:35.196351+00:00,2026-01-07T02:39:59.196351+00:00,2026-01-08T02:03:59.196351+00:00,16.0,15.6,0,23.9,23.4,0,NONE,SHIFT_C (22:00-06:00),0.09
IMO9300322,PIL Post-Panamax 0322,PIL,Post-Panamax,8353,317.4,14.1,B-05,3,2024-10-25T06:18:51.299336+00:00,2024-10-25T07:44:39.299336+00:00,2024-10-27T06:20:39.299336+00:00,14.4,14.3,0,46.7,46.6,0,NONE,SHIFT_A (06:00-14:00),1.43
IMO9300323,ZIM Panamax 0323,ZIM,Panamax,5102,243.8,10.2,B-06,3,2024-12-26T19:39:53.466286+00:00,2024-12-26T22:25:29.466286+00:00,2024-12-28T14:43:29.466286+00:00,12.3,19.4,0,36.4,40.3,233,CRANE_OUTAGE,SHIFT_C (22:00-06:00),2.76
IMO9300324,SITC ULCV 0324,SITC,ULCV,14448,389.2,16.3,B-02,4,2026-06-26T12:39:50.057962+00:00,2026-06-26T13:35:02.057962+00:00,2026-06-29T04:53:02.057962+00:00,17.2,5.4,0,63.7,63.3,0,NONE,SHIFT_A (06:00-14:00),0.92
IMO9300325,Maersk ULCV 0325,Maersk,ULCV,18706,389.8,15.0,B-01,4,2025-12-05T03:39:02.525426+00:00,2025-12-05T04:53:26.525426+00:00,2025-12-07T18:29:26.525426+00:00,12.9,16.3,1,62.3,61.6,0,NONE,SHIFT_C (22:00-06:00),1.24
IMO9300326,ONE Post-Panamax 0326,ONE,Post-Panamax,8482,324.9,12.9,B-03,4,2026-04-22T09:43:53.440806+00:00,2026-04-22T11:55:17.440806+00:00,2026-04-24T15:49:17.440806+00:00,14.5,9.2,0,52.7,51.9,0,NONE,SHIFT_A (06:00-14:00),2.19
IMO9300327,OOCL Neo-Panamax 0327,OOCL,Neo-Panamax,14435,356.0,15.0,B-01,4,2025-01-16T00:56:16.680327+00:00,2025-01-16T01:38:16.680327+00:00,2025-01-18T02:14:16.680327+00:00,15.6,26.2,0,48.2,48.6,0,NONE,SHIFT_C (22:00-06:00),0.7
IMO9300328,X-Press Feeders Panamax 0328,X-Press Feeders,Panamax,3221,235.5,11.2,B-07,3,2025-10-09T00:45:13.864805+00:00,2025-10-09T01:31:25.864805+00:00,2025-10-10T11:55:25.864805+00:00,12.7,16.1,0,31.9,34.4,149,CRANE_OUTAGE,SHIFT_C (22:00-06:00),0.77
IMO9300329,COSCO Panamax 0329,COSCO,Panamax,3034,268.9,10.9,B-04,3,2025-05-21T03:58:23.831436+00:00,2025-05-21T05:34:23.831436+00:00,2025-05-22T14:34:23.831436+00:00,15.1,12.5,0,33.5,33.0,0,NONE,SHIFT_C (22:00-06:00),1.6
IMO9300330,Wan Hai ULCV 0330,Wan Hai,ULCV,17449,378.4,15.5,B-02,4,2025-05-02T00:28:45.459867+00:00,2025-05-02T01:29:21.459867+00:00,2025-05-04T21:23:21.459867+00:00,14.3,12.7,0,67.9,67.9,0,NONE,SHIFT_C (22:00-06:00),1.01
IMO9300331,COSCO Feeder 0331,COSCO,Feeder,1937,173.2,9.0,B-09,2,2025-01-10T01:38:44.281049+00:00,2025-01-10T04:38:08.281049+00:00,2025-01-10T22:02:08.281049+00:00,17.5,20.6,0,18.2,17.4,0,NONE,SHIFT_C (22:00-06:00),2.99
IMO9300332,Wan Hai Neo-Panamax 0332,Wan Hai,Neo-Panamax,14605,360.4,14.1,B-03,4,2026-08-14T20:32:26.416955+00:00,2026-08-14T22:07:14.416955+00:00,2026-08-17T05:43:14.416955+00:00,15.1,6.4,0,55.1,55.6,0,NONE,SHIFT_C (22:00-06:00),1.58
IMO9300333,Wan Hai Feeder 0333,Wan Hai,Feeder,1941,145.6,7.9,B-09,2,2026-01-13T13:46:14.305258+00:00,2026-01-13T14:27:02.305258+00:00,2026-01-14T06:39:02.305258+00:00,15.4,19.1,0,16.2,16.2,0,NONE,SHIFT_B (14:00-22:00),0.68
IMO9300334,ZIM ULCV 0334,ZIM,ULCV,21987,378.1,15.8,B-03,4,2025-10-31T14:47:44.420946+00:00,2025-10-31T15:42:56.420946+00:00,2025-11-03T18:12:56.420946+00:00,10.1,5.8,0,67.5,74.5,417,WEATHER,SHIFT_B (14:00-22:00),0.92
IMO9300335,Wan Hai Post-Panamax 0335,Wan Hai,Post-Panamax,9815,321.1,13.7,B-01,4,2026-07-23T06:16:48.614926+00:00,2026-07-23T07:18:00.614926+00:00,2026-07-25T04:54:00.614926+00:00,15.8,18.5,0,45.0,45.6,0,NONE,SHIFT_A (06:00-14:00),1.02
IMO9300336,PIL Post-Panamax 0336,PIL,Post-Panamax,10188,337.4,13.5,B-04,3,2026-05-20T19:08:09.101135+00:00,2026-05-20T19:23:09.101135+00:00,2026-05-22T20:29:09.101135+00:00,15.4,24.2,0,48.8,49.1,0,NONE,SHIFT_B (14:00-22:00),0.25
IMO9300337,ONE Post-Panamax 0337,ONE,Post-Panamax,7022,308.3,12.7,B-04,3,2025-08-19T14:01:51.765662+00:00,2025-08-19T16:37:15.765662+00:00,2025-08-21T18:19:15.765662+00:00,14.8,21.3,0,49.5,49.7,0,NONE,SHIFT_B (14:00-22:00),2.59
IMO9300338,ZIM Neo-Panamax 0338,ZIM,Neo-Panamax,13630,346.0,15.0,B-03,4,2026-06-19T05:30:27.268422+00:00,2026-06-19T08:06:27.268422+00:00,2026-06-21T18:00:27.268422+00:00,16.2,15.8,1,53.1,57.9,288,YARD_CONGESTION,SHIFT_A (06:00-14:00),2.6
IMO9300339,HMM Panamax 0339,HMM,Panamax,3725,258.4,10.3,B-07,3,2025-06-21T03:27:22.727900+00:00,2025-06-21T03:54:58.727900+00:00,2025-06-22T10:00:58.727900+00:00,12.8,15.7,0,30.1,30.1,0,NONE,SHIFT_C (22:00-06:00),0.46
IMO9300340,SITC Post-Panamax 0340,SITC,Post-Panamax,7775,315.4,13.3,B-03,4,2026-09-10T14:06:25.406445+00:00,2026-09-10T14:41:49.406445+00:00,2026-09-12T10:47:49.406445+00:00,14.6,15.7,0,44.1,44.1,0,NONE,SHIFT_B (14:00-22:00),0.59
IMO9300341,OOCL Post-Panamax 0341,OOCL,Post-Panamax,6574,347.3,13.5,B-04,3,2025-02-21T01:07:45.040464+00:00,2025-02-21T01:07:45.040464+00:00,2025-02-23T02:31:45.040464+00:00,12.7,16.2,0,50.0,49.4,0,NONE,SHIFT_C (22:00-06:00),0.0
IMO9300342,X-Press Feeders Post-Panamax 0342,X-Press Feeders,Post-Panamax,7148,341.4,12.9,B-04,3,2025-06-25T06:18:25.646751+00:00,2025-06-25T09:07:37.646751+00:00,2025-06-27T05:01:37.646751+00:00,15.3,15.6,0,40.6,43.9,199,CRANE_OUTAGE,SHIFT_A (06:00-14:00),2.82
IMO9300343,HMM Handymax 0343,HMM,Handymax,2373,196.5,10.6,B-07,3,2026-02-21T19:39:11.901994+00:00,2026-02-21T20:03:11.901994+00:00,2026-02-22T17:51:11.901994+00:00,12.6,10.7,0,22.7,21.8,0,NONE,SHIFT_B (14:00-22:00),0.4
IMO9300344,Evergreen Panamax 0344,Evergreen,Panamax,3512,288.1,10.6,B-07,3,2025-04-13T00:42:00.150420+00:00,2025-04-13T01:45:36.150420+00:00,2025-04-14T12:39:36.150420+00:00,15.7,9.8,0,35.3,34.9,0,NONE,SHIFT_C (22:00-06:00),1.06
IMO9300345,PIL Post-Panamax 0345,PIL,Post-Panamax,9205,323.2,14.1,B-01,4,2025-01-19T06:01:38.778637+00:00,2025-01-19T08:20:14.778637+00:00,2025-01-21T11:56:14.778637+00:00,14.3,21.6,0,51.1,51.6,0,NONE,SHIFT_A (06:00-14:00),2.31
IMO9300346,Maersk Post-Panamax 0346,Maersk,Post-Panamax,8539,306.1,14.0,B-04,3,2025-03-12T06:51:57.180799+00:00,2025-03-12T08:39:21.180799+00:00,2025-03-14T06:21:21.180799+00:00,14.5,14.1,0,45.3,45.7,0,NONE,SHIFT_A (06:00-14:00),1.79
IMO9300347,ONE Panamax 0347,ONE,Panamax,4278,253.1,11.4,B-06,3,2026-05-27T01:28:57.541516+00:00,2026-05-27T02:40:21.541516+00:00,2026-05-28T13:10:21.541516+00:00,11.6,16.2,0,34.9,34.5,0,NONE,SHIFT_C (22:00-06:00),1.19
IMO9300348,ONE Feeder 0348,ONE,Feeder,1689,188.4,7.6,B-09,2,2026-09-07T08:11:44.878879+00:00,2026-09-07T10:33:20.878879+00:00,2026-09-08T04:39:20.878879+00:00,12.9,22.2,0,17.4,18.1,0,NONE,SHIFT_A (06:00-14:00),2.36
IMO9300349,OOCL Panamax 0349,OOCL,Panamax,3366,268.2,10.3,B-05,3,2026-05-27T17:14:52.773558+00:00,2026-05-27T19:43:04.773558+00:00,2026-05-29T08:49:04.773558+00:00,15.9,28.1,1,36.9,37.1,0,NONE,SHIFT_B (14:00-22:00),2.47
IMO9300350,COSCO Post-Panamax 0350,COSCO,Post-Panamax,9345,306.3,13.0,B-04,3,2025-04-08T15:40:48.675170+00:00,2025-04-08T17:44:24.675170+00:00,2025-04-10T20:20:24.675170+00:00,12.4,3.1,0,51.5,50.6,0,NONE,SHIFT_B (14:00-22:00),2.06
IMO9300351,ZIM Post-Panamax 0351,ZIM,Post-Panamax,8028,327.1,13.5,B-05,3,2026-01-11T00:54:40.525142+00:00,2026-01-11T02:50:28.525142+00:00,2026-01-13T05:32:28.525142+00:00,13.1,23.4,0,51.4,50.7,0,NONE,SHIFT_C (22:00-06:00),1.93
IMO9300352,HMM Handymax 0352,HMM,Handymax,3306,201.7,9.6,B-09,2,2025-04-08T07:34:58.998379+00:00,2025-04-08T08:15:10.998379+00:00,2025-04-09T06:03:10.998379+00:00,13.2,25.5,0,22.2,21.8,0,NONE,SHIFT_A (06:00-14:00),0.67
IMO9300353,X-Press Feeders Feeder 0353,X-Press Feeders,Feeder,2368,141.4,8.7,B-10,2,2026-05-30T06:50:31.026150+00:00,2026-05-30T07:45:07.026150+00:00,2026-05-31T05:39:07.026150+00:00,16.3,11.7,0,21.2,21.9,0,NONE,SHIFT_A (06:00-14:00),0.91
IMO9300354,MSC Feeder 0354,MSC,Feeder,1002,142.1,8.2,B-08,2,2025-08-03T08:08:47.711898+00:00,2025-08-03T11:55:35.711898+00:00,2025-08-04T07:19:35.711898+00:00,13.3,23.6,0,16.2,19.4,191,CRANE_OUTAGE,SHIFT_A (06:00-14:00),3.78
IMO9300355,Yang Ming Feeder 0355,Yang Ming,Feeder,1227,166.4,7.2,B-10,2,2025-09-29T14:47:41.048189+00:00,2025-09-29T16:57:17.048189+00:00,2025-09-30T18:27:17.048189+00:00,14.0,22.4,0,21.2,25.5,257,YARD_CONGESTION,SHIFT_B (14:00-22:00),2.16
IMO9300356,MSC Post-Panamax 0356,MSC,Post-Panamax,6833,341.2,13.0,B-01,4,2025-01-25T18:59:24.443766+00:00,2025-01-25T22:10:12.443766+00:00,2025-01-28T01:22:12.443766+00:00,15.0,5.7,0,51.8,51.2,0,NONE,SHIFT_C (22:00-06:00),3.18
IMO9300357,ONE Handymax 0357,ONE,Handymax,3280,201.0,9.1,B-07,3,2025-08-12T09:31:41.813067+00:00,2025-08-12T09:31:41.813067+00:00,2025-08-13T10:25:41.813067+00:00,13.4,21.3,0,20.3,24.9,278,CRANE_OUTAGE,SHIFT_A (06:00-14:00),0.0
IMO9300358,Evergreen Neo-Panamax 0358,Evergreen,Neo-Panamax,14134,360.6,14.6,B-02,4,2025-06-02T02:07:27.886096+00:00,2025-06-02T02:53:39.886096+00:00,2025-06-04T03:05:39.886096+00:00,18.0,15.9,0,47.4,48.2,0,NONE,SHIFT_C (22:00-06:00),0.77
IMO9300359,KMTC Neo-Panamax 0359,KMTC,Neo-Panamax,12649,359.9,14.4,B-03,4,2026-03-28T23:35:16.205593+00:00,2026-03-29T00:03:28.205593+00:00,2026-03-31T04:33:28.205593+00:00,14.0,16.3,0,51.8,52.5,0,NONE,SHIFT_C (22:00-06:00),0.47
IMO9300360,MSC Feeder 0360,MSC,Feeder,1860,189.0,8.5,B-08,2,2024-10-03T10:08:46.871821+00:00,2024-10-03T10:59:10.871821+00:00,2024-10-04T08:41:10.871821+00:00,14.1,11.3,0,20.0,21.7,101,WEATHER,SHIFT_A (06:00-14:00),0.84
IMO9300361,HMM Post-Panamax 0361,HMM,Post-Panamax,7767,346.0,13.5,B-01,4,2026-08-22T00:45:16.215929+00:00,2026-08-22T01:45:16.215929+00:00,2026-08-23T23:39:16.215929+00:00,15.3,12.6,0,43.6,45.9,137,WEATHER,SHIFT_C (22:00-06:00),1.0
IMO9300362,ONE Panamax 0362,ONE,Panamax,4976,271.4,11.4,B-05,3,2025-10-01T20:49:41.113772+00:00,2025-10-01T21:52:05.113772+00:00,2025-10-02T23:52:05.113772+00:00,13.5,26.2,0,25.8,26.0,0,NONE,SHIFT_B (14:00-22:00),1.04
IMO9300363,X-Press Feeders Feeder 0363,X-Press Feeders,Feeder,2378,134.7,7.1,B-09,2,2026-01-10T20:19:34.034189+00:00,2026-01-10T21:48:22.034189+00:00,2026-01-11T23:30:22.034189+00:00,12.8,24.8,0,19.6,25.7,368,CRANE_OUTAGE,SHIFT_B (14:00-22:00),1.48
IMO9300364,X-Press Feeders Neo-Panamax 0364,X-Press Feeders,Neo-Panamax,12615,341.4,14.5,B-03,4,2025-08-07T17:28:08.690911+00:00,2025-08-07T18:05:56.690911+00:00,2025-08-09T23:35:56.690911+00:00,14.2,11.8,0,49.1,53.5,261,CRANE_OUTAGE,SHIFT_B (14:00-22:00),0.63
IMO9300365,CMA CGM ULCV 0365,CMA CGM,ULCV,20460,373.6,15.1,B-01,4,2026-06-15T01:44:40.195705+00:00,2026-06-15T05:04:28.195705+00:00,2026-06-18T05:58:28.195705+00:00,15.7,4.6,0,70.3,72.9,156,WEATHER,SHIFT_C (22:00-06:00),3.33
IMO9300366,OOCL Post-Panamax 0366,OOCL,Post-Panamax,8106,328.0,13.5,B-05,3,2025-07-01T23:21:05.553701+00:00,2025-07-02T01:15:05.553701+00:00,2025-07-04T05:45:05.553701+00:00,14.5,20.5,0,48.2,52.5,255,WEATHER,SHIFT_C (22:00-06:00),1.9
IMO9300367,CMA CGM Post-Panamax 0367,CMA CGM,Post-Panamax,9492,305.6,13.3,B-03,4,2026-05-04T03:00:29.076670+00:00,2026-05-04T03:42:29.076670+00:00,2026-05-06T12:36:29.076670+00:00,16.7,21.4,0,48.5,56.9,501,WEATHER,SHIFT_C (22:00-06:00),0.7
IMO9300368,Hapag-Lloyd Panamax 0368,Hapag-Lloyd,Panamax,3956,250.8,11.8,B-05,3,2025-05-13T01:36:06.460031+00:00,2025-05-13T03:14:30.460031+00:00,2025-05-14T12:50:30.460031+00:00,14.4,8.0,0,30.5,33.6,184,CRANE_OUTAGE,SHIFT_C (22:00-06:00),1.64
IMO9300369,Hapag-Lloyd ULCV 0369,Hapag-Lloyd,ULCV,14225,395.5,16.1,B-02,4,2025-05-06T23:55:44.356808+00:00,2025-05-07T01:35:20.356808+00:00,2025-05-09T12:59:20.356808+00:00,15.8,3.2,1,59.9,59.4,0,NONE,SHIFT_C (22:00-06:00),1.66
IMO9300370,Hapag-Lloyd Panamax 0370,Hapag-Lloyd,Panamax,4542,268.7,11.3,B-04,3,2026-03-18T09:09:53.194939+00:00,2026-03-18T09:58:29.194939+00:00,2026-03-19T22:52:29.194939+00:00,15.3,5.1,0,37.1,36.9,0,NONE,SHIFT_A (06:00-14:00),0.81
IMO9300371,CMA CGM ULCV 0371,CMA CGM,ULCV,19901,379.2,15.0,B-01,4,2026-09-04T10:56:25.571673+00:00,2026-09-04T14:03:01.571673+00:00,2026-09-07T09:27:01.571673+00:00,12.6,9.8,0,66.8,67.4,0,NONE,SHIFT_B (14:00-22:00),3.11
IMO9300372,Evergreen Panamax 0372,Evergreen,Panamax,3088,233.9,11.9,B-04,3,2026-03-24T04:25:02.874262+00:00,2026-03-24T05:56:14.874262+00:00,2026-03-25T16:32:14.874262+00:00,13.6,15.8,0,35.0,34.6,0,NONE,SHIFT_C (22:00-06:00),1.52
IMO9300373,ZIM Handymax 0373,ZIM,Handymax,3026,189.4,10.9,B-08,2,2025-02-11T00:37:08.493848+00:00,2025-02-11T00:38:56.493848+00:00,2025-02-12T00:26:56.493848+00:00,11.9,25.8,0,24.3,23.8,0,NONE,SHIFT_C (22:00-06:00),0.03
IMO9300374,X-Press Feeders Feeder 0374,X-Press Feeders,Feeder,1582,169.4,7.2,B-10,2,2024-10-27T00:38:44.951534+00:00,2024-10-27T01:32:44.951534+00:00,2024-10-27T18:14:44.951534+00:00,13.6,17.6,0,17.4,16.7,0,NONE,SHIFT_C (22:00-06:00),0.9
IMO9300375,Wan Hai ULCV 0375,Wan Hai,ULCV,16270,381.3,14.8,B-03,4,2025-08-24T16:17:13.387949+00:00,2025-08-24T18:31:01.387949+00:00,2025-08-27T12:43:01.387949+00:00,11.1,11.4,0,60.7,66.2,328,TIDAL_WINDOW_MISSED,SHIFT_B (14:00-22:00),2.23
IMO9300376,Evergreen Post-Panamax 0376,Evergreen,Post-Panamax,7469,315.9,13.6,B-02,4,2026-02-01T16:06:35.150823+00:00,2026-02-01T17:36:35.150823+00:00,2026-02-03T12:48:35.150823+00:00,14.1,25.3,0,38.9,43.2,256,YARD_CONGESTION,SHIFT_B (14:00-22:00),1.5
IMO9300377,ZIM ULCV 0377,ZIM,ULCV,18485,381.1,16.4,B-01,4,2025-03-06T14:44:59.915620+00:00,2025-03-06T17:29:59.915620+00:00,2025-03-09T07:59:59.915620+00:00,15.2,21.2,0,63.1,62.5,0,NONE,SHIFT_B (14:00-22:00),2.75
IMO9300378,PIL Post-Panamax 0378,PIL,Post-Panamax,7598,304.0,14.1,B-05,3,2025-01-17T09:16:11.552463+00:00,2025-01-17T12:46:47.552463+00:00,2025-01-19T08:52:47.552463+00:00,13.8,14.6,0,44.2,44.1,0,NONE,SHIFT_A (06:00-14:00),3.51
IMO9300379,Yang Ming Feeder 0379,Yang Ming,Feeder,830,131.9,8.9,B-09,2,2024-11-03T12:21:54.491600+00:00,2024-11-03T14:26:42.491600+00:00,2024-11-04T11:56:42.491600+00:00,17.1,9.2,0,18.9,21.5,157,PILOT_UNAVAILABLE,SHIFT_B (14:00-22:00),2.08
IMO9300380,OOCL Neo-Panamax 0380,OOCL,Neo-Panamax,12021,357.9,15.2,B-02,4,2025-11-30T21:08:44.088934+00:00,2025-11-30T23:02:44.088934+00:00,2025-12-03T06:26:44.088934+00:00,13.4,4.3,0,55.1,55.4,0,NONE,SHIFT_C (22:00-06:00),1.9
IMO9300381,MSC Panamax 0381,MSC,Panamax,3173,256.4,10.9,B-05,3,2025-09-09T23:25:39.105805+00:00,2025-09-09T23:41:51.105805+00:00,2025-09-11T02:17:51.105805+00:00,16.3,16.4,0,27.1,26.6,0,NONE,SHIFT_C (22:00-06:00),0.27
IMO9300382,ZIM Handymax 0382,ZIM,Handymax,2340,210.9,9.2,B-09,2,2026-02-18T08:20:42.421739+00:00,2026-02-18T10:11:42.421739+00:00,2026-02-19T04:53:42.421739+00:00,13.1,27.4,0,18.5,18.7,0,NONE,SHIFT_A (06:00-14:00),1.85
IMO9300383,COSCO Feeder 0383,COSCO,Feeder,2225,140.8,8.5,B-10,2,2026-06-12T19:54:33.423668+00:00,2026-06-12T20:35:57.423668+00:00,2026-06-13T11:53:57.423668+00:00,15.5,8.6,0,15.5,15.3,0,NONE,SHIFT_B (14:00-22:00),0.69
IMO9300384,Evergreen Handymax 0384,Evergreen,Handymax,2233,208.7,8.8,B-09,2,2025-06-18T23:13:20.698293+00:00,2025-06-18T23:48:08.698293+00:00,2025-06-19T20:54:08.698293+00:00,13.7,6.0,0,19.7,21.1,85,PILOT_UNAVAILABLE,SHIFT_C (22:00-06:00),0.58
IMO9300385,X-Press Feeders Handymax 0385,X-Press Feeders,Handymax,2686,181.8,8.9,B-07,3,2026-05-24T12:49:33.737363+00:00,2026-05-24T14:52:33.737363+00:00,2026-05-25T15:16:33.737363+00:00,16.9,4.7,0,22.4,24.4,118,PILOT_UNAVAILABLE,SHIFT_B (14:00-22:00),2.05
IMO9300386,COSCO Panamax 0386,COSCO,Panamax,3014,282.9,11.9,B-06,3,2026-09-09T09:34:52.504643+00:00,2026-09-09T13:57:04.504643+00:00,2026-09-10T21:57:04.504643+00:00,11.2,15.2,0,32.1,32.0,0,NONE,SHIFT_A (06:00-14:00),4.37
IMO9300387,OOCL Feeder 0387,OOCL,Feeder,2031,157.2,8.1,B-10,2,2026-09-13T10:52:55.088568+00:00,2026-09-13T12:46:55.088568+00:00,2026-09-14T07:04:55.088568+00:00,13.5,17.9,0,19.2,18.3,0,NONE,SHIFT_A (06:00-14:00),1.9
IMO9300388,Hapag-Lloyd Handymax 0388,Hapag-Lloyd,Handymax,3235,214.2,10.2,B-08,2,2026-01-22T22:45:31.212387+00:00,2026-01-22T23:11:19.212387+00:00,2026-01-24T04:11:19.212387+00:00,18.9,6.1,0,29.5,29.0,0,NONE,SHIFT_C (22:00-06:00),0.43
IMO9300389,Evergreen Post-Panamax 0389,Evergreen,Post-Panamax,9450,348.3,14.0,B-01,4,2026-07-13T04:16:48.706194+00:00,2026-07-13T05:31:48.706194+00:00,2026-07-15T07:49:48.706194+00:00,16.1,12.8,0,50.8,50.3,0,NONE,SHIFT_C (22:00-06:00),1.25
IMO9300390,HMM Feeder 0390,HMM,Feeder,1229,149.8,8.0,B-10,2,2026-04-20T18:29:33.383217+00:00,2026-04-20T20:18:09.383217+00:00,2026-04-21T11:18:09.383217+00:00,10.0,5.0,0,15.8,15.0,0,NONE,SHIFT_B (14:00-22:00),1.81
IMO9300391,ZIM Post-Panamax 0391,ZIM,Post-Panamax,8627,321.4,14.2,B-05,3,2025-07-31T08:49:15.529473+00:00,2025-07-31T08:49:15.529473+00:00,2025-08-02T00:31:15.529473+00:00,11.6,17.6,0,39.2,39.7,0,NONE,SHIFT_A (06:00-14:00),0.0
IMO9300392,Yang Ming Neo-Panamax 0392,Yang Ming,Neo-Panamax,10012,358.4,15.5,B-01,4,2026-08-31T22:10:51.293019+00:00,2026-08-31T23:58:51.293019+00:00,2026-09-03T06:16:51.293019+00:00,16.4,17.9,1,44.3,54.3,603,TIDAL_WINDOW_MISSED,SHIFT_C (22:00-06:00),1.8
IMO9300393,PIL Feeder 0393,PIL,Feeder,823,163.6,8.6,B-10,2,2026-04-26T10:17:07.509216+00:00,2026-04-26T11:44:43.509216+00:00,2026-04-27T04:26:43.509216+00:00,17.6,11.4,0,16.5,16.7,0,NONE,SHIFT_A (06:00-14:00),1.46
IMO9300394,Maersk Handymax 0394,Maersk,Handymax,2692,213.3,9.0,B-09,2,2024-11-28T00:04:52.795452+00:00,2024-11-28T01:17:28.795452+00:00,2024-11-28T23:23:28.795452+00:00,13.2,22.3,0,21.5,22.1,0,NONE,SHIFT_C (22:00-06:00),1.21
IMO9300395,Wan Hai Panamax 0395,Wan Hai,Panamax,3229,252.4,11.6,B-06,3,2025-08-07T16:57:19.474314+00:00,2025-08-07T17:53:43.474314+00:00,2025-08-09T02:53:43.474314+00:00,12.4,3.0,0,29.2,33.0,226,YARD_CONGESTION,SHIFT_B (14:00-22:00),0.94
IMO9300396,Hapag-Lloyd Feeder 0396,Hapag-Lloyd,Feeder,1568,146.8,7.1,B-10,2,2025-08-29T18:33:20.618845+00:00,2025-08-29T19:08:44.618845+00:00,2025-08-30T13:08:44.618845+00:00,13.6,8.3,0,17.6,18.0,0,NONE,SHIFT_B (14:00-22:00),0.59
IMO9300397,Wan Hai Handymax 0397,Wan Hai,Handymax,2177,208.4,9.2,B-09,2,2024-12-26T03:30:26.709752+00:00,2024-12-26T03:37:38.709752+00:00,2024-12-27T01:01:38.709752+00:00,16.9,11.3,0,22.3,21.4,0,NONE,SHIFT_C (22:00-06:00),0.12
IMO9300398,CMA CGM Feeder 0398,CMA CGM,Feeder,1788,156.6,7.1,B-10,2,2026-05-30T07:46:11.559694+00:00,2026-05-30T09:26:23.559694+00:00,2026-05-31T04:02:23.559694+00:00,10.9,12.1,0,19.0,18.6,0,NONE,SHIFT_A (06:00-14:00),1.67
IMO9300399,COSCO Post-Panamax 0399,COSCO,Post-Panamax,7587,341.1,14.4,B-02,4,2025-04-14T20:29:57.323481+00:00,2025-04-14T20:29:57.323481+00:00,2025-04-17T11:29:57.323481+00:00,15.2,15.7,0,56.9,63.0,364,CRANE_OUTAGE,SHIFT_B (14:00-22:00),0.0
IMO9300400,Wan Hai Neo-Panamax 0400,Wan Hai,Neo-Panamax,14264,352.1,13.6,B-03,4,2025-03-30T18:08:45.383898+00:00,2025-03-30T19:45:57.383898+00:00,2025-04-01T15:39:57.383898+00:00,14.6,3.2,0,44.5,43.9,0,NONE,SHIFT_B (14:00-22:00),1.62
IMO9300401,Wan Hai Handymax 0401,Wan Hai,Handymax,2558,210.9,10.2,B-07,3,2026-05-27T20:44:37.503406+00:00,2026-05-28T00:23:01.503406+00:00,2026-05-29T02:41:01.503406+00:00,17.5,16.4,0,26.8,26.3,0,NONE,SHIFT_C (22:00-06:00),3.64
IMO9300402,ZIM ULCV 0402,ZIM,ULCV,19101,385.5,14.8,B-03,4,2024-12-15T05:07:51.607286+00:00,2024-12-15T08:13:51.607286+00:00,2024-12-18T02:19:51.607286+00:00,18.3,16.1,1,66.4,66.1,0,NONE,SHIFT_A (06:00-14:00),3.1
IMO9300403,X-Press Feeders Feeder 0403,X-Press Feeders,Feeder,2013,140.7,8.5,B-10,2,2025-01-24T13:19:31.185876+00:00,2025-01-24T14:02:07.185876+00:00,2025-01-25T15:38:07.185876+00:00,12.1,11.5,0,20.0,25.6,333,CRANE_OUTAGE,SHIFT_B (14:00-22:00),0.71
IMO9300404,SITC Feeder 0404,SITC,Feeder,2443,164.1,7.2,B-10,2,2025-10-16T06:11:47.760603+00:00,2025-10-16T06:11:47.760603+00:00,2025-10-16T20:53:47.760603+00:00,13.4,14.4,0,15.3,14.7,0,NONE,SHIFT_A (06:00-14:00),0.0
IMO9300405,HMM Feeder 0405,HMM,Feeder,2232,184.8,8.0,B-10,2,2026-01-23T12:16:54.425899+00:00,2026-01-23T14:13:54.425899+00:00,2026-01-24T10:13:54.425899+00:00,13.3,15.0,0,19.5,20.0,0,NONE,SHIFT_B (14:00-22:00),1.95
IMO9300406,PIL Handymax 0406,PIL,Handymax,2210,204.2,8.8,B-09,2,2025-02-06T22:52:53.728786+00:00,2025-02-07T01:01:17.728786+00:00,2025-02-08T10:31:17.728786+00:00,13.3,22.2,0,27.5,33.5,362,WEATHER,SHIFT_C (22:00-06:00),2.14
IMO9300407,KMTC Panamax 0407,KMTC,Panamax,3651,236.7,10.5,B-07,3,2025-12-16T00:38:32.366794+00:00,2025-12-16T01:03:08.366794+00:00,2025-12-17T15:57:08.366794+00:00,17.3,17.1,0,32.8,38.9,368,WEATHER,SHIFT_C (22:00-06:00),0.41
IMO9300408,Evergreen Post-Panamax 0408,Evergreen,Post-Panamax,10486,333.1,12.7,B-01,4,2025-07-19T02:54:42.903626+00:00,2025-07-19T03:15:42.903626+00:00,2025-07-20T23:39:42.903626+00:00,11.4,14.5,0,43.7,44.4,0,NONE,SHIFT_C (22:00-06:00),0.35
IMO9300409,COSCO Feeder 0409,COSCO,Feeder,2479,171.1,8.5,B-09,2,2026-01-25T14:41:57.823394+00:00,2026-01-25T16:28:09.823394+00:00,2026-01-26T13:52:09.823394+00:00,14.0,9.5,0,20.4,21.4,60,CRANE_OUTAGE,SHIFT_B (14:00-22:00),1.77
IMO9300410,Hapag-Lloyd Post-Panamax 0410,Hapag-Lloyd,Post-Panamax,10163,322.6,13.1,B-02,4,2026-04-23T05:01:08.440289+00:00,2026-04-23T06:49:44.440289+00:00,2026-04-25T17:37:44.440289+00:00,13.5,25.2,0,54.1,58.8,282,CRANE_OUTAGE,SHIFT_A (06:00-14:00),1.81
IMO9300411,PIL Post-Panamax 0411,PIL,Post-Panamax,10681,349.5,13.7,B-04,3,2025-01-16T07:23:37.017264+00:00,2025-01-16T09:33:49.017264+00:00,2025-01-18T09:03:49.017264+00:00,14.0,26.4,0,46.7,47.5,0,NONE,SHIFT_A (06:00-14:00),2.17
IMO9300412,ZIM Feeder 0412,ZIM,Feeder,2238,181.9,7.6,B-10,2,2025-12-08T12:09:34.276162+00:00,2025-12-08T14:11:58.276162+00:00,2025-12-09T10:23:58.276162+00:00,13.2,11.6,0,20.0,20.2,0,NONE,SHIFT_B (14:00-22:00),2.04
IMO9300413,ONE Panamax 0413,ONE,Panamax,4475,258.9,11.7,B-07,3,2026-05-30T04:29:50.478427+00:00,2026-05-30T07:39:26.478427+00:00,2026-05-31T21:27:26.478427+00:00,14.5,7.5,0,32.6,37.8,309,CRANE_OUTAGE,SHIFT_A (06:00-14:00),3.16
IMO9300414,Hapag-Lloyd Post-Panamax 0414,Hapag-Lloyd,Post-Panamax,9906,304.2,13.8,B-04,3,2024-12-14T06:00:10.285631+00:00,2024-12-14T07:01:22.285631+00:00,2024-12-16T02:37:22.285631+00:00,16.8,19.5,0,43.8,43.6,0,NONE,SHIFT_A (06:00-14:00),1.02
IMO9300415,X-Press Feeders Post-Panamax 0415,X-Press Feeders,Post-Panamax,6560,317.8,12.9,B-05,3,2025-09-24T18:12:37.750245+00:00,2025-09-24T19:08:25.750245+00:00,2025-09-26T22:02:25.750245+00:00,11.7,10.6,0,51.8,50.9,0,NONE,SHIFT_B (14:00-22:00),0.93
IMO9300416,PIL Panamax 0416,PIL,Panamax,3327,227.9,11.0,B-05,3,2025-04-10T19:32:32.090675+00:00,2025-04-10T20:42:44.090675+00:00,2025-04-12T00:06:44.090675+00:00,16.4,15.8,0,27.5,27.4,0,NONE,SHIFT_B (14:00-22:00),1.17
IMO9300417,CMA CGM Panamax 0417,CMA CGM,Panamax,3319,237.2,11.3,B-06,3,2025-07-04T02:25:31.850982+00:00,2025-07-04T05:35:43.850982+00:00,2025-07-05T05:53:43.850982+00:00,13.2,2.3,0,24.7,24.3,0,NONE,SHIFT_C (22:00-06:00),3.17
IMO9300418,ZIM Handymax 0418,ZIM,Handymax,3223,191.6,8.6,B-08,2,2025-04-13T03:02:14.551502+00:00,2025-04-13T05:57:26.551502+00:00,2025-04-14T06:15:26.551502+00:00,16.4,16.5,0,25.2,24.3,0,NONE,SHIFT_C (22:00-06:00),2.92
IMO9300419,Maersk ULCV 0419,Maersk,ULCV,22283,375.8,14.7,B-01,4,2025-01-13T13:37:41.709916+00:00,2025-01-13T14:46:41.709916+00:00,2025-01-16T09:52:41.709916+00:00,15.4,10.9,0,67.0,67.1,0,NONE,SHIFT_B (14:00-22:00),1.15
IMO9300420,SITC Feeder 0420,SITC,Feeder,2402,152.2,7.4,B-10,2,2026-04-01T05:45:16.072166+00:00,2026-04-01T06:56:40.072166+00:00,2026-04-02T06:50:40.072166+00:00,14.0,8.6,0,18.4,23.9,328,TIDAL_WINDOW_MISSED,SHIFT_A (06:00-14:00),1.19
IMO9300421,Hapag-Lloyd Panamax 0421,Hapag-Lloyd,Panamax,4691,278.6,11.5,B-07,3,2026-03-30T23:30:30.800636+00:00,2026-03-30T23:30:30.800636+00:00,2026-04-01T07:36:30.800636+00:00,15.4,9.4,0,31.7,32.1,0,NONE,SHIFT_C (22:00-06:00),0.0
IMO9300422,Evergreen Feeder 0422,Evergreen,Feeder,1775,157.8,8.2,B-10,2,2024-11-04T21:58:23.848665+00:00,2024-11-04T22:28:23.848665+00:00,2024-11-05T19:52:23.848665+00:00,14.8,27.6,0,21.9,21.4,0,NONE,SHIFT_C (22:00-06:00),0.5
IMO9300423,KMTC Panamax 0423,KMTC,Panamax,4838,220.8,11.9,B-07,3,2025-05-18T00:09:38.924668+00:00,2025-05-18T03:01:50.924668+00:00,2025-05-19T17:55:50.924668+00:00,13.9,4.3,0,36.3,38.9,155,PILOT_UNAVAILABLE,SHIFT_C (22:00-06:00),2.87
IMO9300424,HMM Panamax 0424,HMM,Panamax,3402,243.4,10.5,B-06,3,2025-06-04T09:11:06.533333+00:00,2025-06-04T09:47:42.533333+00:00,2025-06-05T17:59:42.533333+00:00,14.9,13.1,0,26.2,32.2,361,CRANE_OUTAGE,SHIFT_A (06:00-14:00),0.61
IMO9300425,Wan Hai Post-Panamax 0425,Wan Hai,Post-Panamax,9066,333.9,14.5,B-05,3,2026-09-10T13:43:27.182409+00:00,2026-09-10T15:41:03.182409+00:00,2026-09-12T07:41:03.182409+00:00,14.5,13.5,0,39.7,40.0,0,NONE,SHIFT_B (14:00-22:00),1.96
IMO9300426,MSC Handymax 0426,MSC,Handymax,3216,180.9,8.7,B-07,3,2024-11-03T07:20:29.709501+00:00,2024-11-03T09:20:29.709501+00:00,2024-11-04T10:38:29.709501+00:00,14.3,18.1,0,22.7,25.3,156,WEATHER,SHIFT_A (06:00-14:00),2.0
IMO9300427,Evergreen Handymax 0427,Evergreen,Handymax,2518,215.8,10.2,B-08,2,2025-10-17T04:59:45.692405+00:00,2025-10-17T08:10:33.692405+00:00,2025-10-18T11:10:33.692405+00:00,13.5,27.6,0,23.5,27.0,210,YARD_CONGESTION,SHIFT_A (06:00-14:00),3.18
IMO9300428,CMA CGM Handymax 0428,CMA CGM,Handymax,2795,191.1,8.7,B-08,2,2024-10-01T14:10:20.630503+00:00,2024-10-01T17:22:56.630503+00:00,2024-10-02T16:34:56.630503+00:00,14.9,10.4,0,22.4,23.2,0,NONE,SHIFT_B (14:00-22:00),3.21
IMO9300429,X-Press Feeders Feeder 0429,X-Press Feeders,Feeder,1094,140.7,8.2,B-10,2,2025-03-14T02:20:48.751450+00:00,2025-03-14T03:42:24.751450+00:00,2025-03-14T22:00:24.751450+00:00,17.0,27.0,0,18.3,18.3,0,NONE,SHIFT_C (22:00-06:00),1.36
IMO9300430,SITC Handymax 0430,SITC,Handymax,3337,180.8,9.7,B-06,3,2024-11-15T23:10:34.018796+00:00,2024-11-15T23:56:10.018796+00:00,2024-11-17T04:56:10.018796+00:00,14.2,18.7,0,28.2,29.0,46,YARD_CONGESTION,SHIFT_C (22:00-06:00),0.76
IMO9300431,OOCL Panamax 0431,OOCL,Panamax,3287,253.5,10.8,B-05,3,2026-09-15T19:16:24.372133+00:00,2026-09-15T22:20:36.372133+00:00,2026-09-16T23:02:36.372133+00:00,13.6,14.9,0,24.5,24.7,0,NONE,SHIFT_C (22:00-06:00),3.07
IMO9300432,CMA CGM Panamax 0432,CMA CGM,Panamax,4392,245.6,11.7,B-04,3,2025-01-20T22:51:40.635936+00:00,2025-01-20T23:22:16.635936+00:00,2025-01-22T10:22:16.635936+00:00,14.2,21.2,0,34.3,35.0,0,NONE,SHIFT_C (22:00-06:00),0.51
IMO9300433,ZIM Post-Panamax 0433,ZIM,Post-Panamax,9443,334.8,14.3,B-04,3,2026-07-19T02:58:46.376191+00:00,2026-07-19T03:29:58.376191+00:00,2026-07-21T04:23:58.376191+00:00,12.3,7.6,0,49.0,48.9,0,NONE,SHIFT_C (22:00-06:00),0.52
IMO9300434,ZIM Feeder 0434,ZIM,Feeder,2462,160.0,9.4,B-09,2,2024-10-22T17:34:57.673683+00:00,2024-10-22T21:43:21.673683+00:00,2024-10-23T22:19:21.673683+00:00,13.6,2.8,0,20.2,24.6,267,CRANE_OUTAGE,SHIFT_B (14:00-22:00),4.14
IMO9300435,SITC Feeder 0435,SITC,Feeder,1898,186.4,9.2,B-08,2,2025-04-02T23:54:27.513993+00:00,2025-04-03T01:05:51.513993+00:00,2025-04-03T20:17:51.513993+00:00,15.2,20.5,0,18.1,19.2,68,YARD_CONGESTION,SHIFT_C (22:00-06:00),1.19
IMO9300436,Hapag-Lloyd Feeder 0436,Hapag-Lloyd,Feeder,1429,130.9,8.6,B-08,2,2025-10-24T22:59:21.781008+00:00,2025-10-24T23:56:57.781008+00:00,2025-10-25T16:08:57.781008+00:00,11.7,8.4,0,16.3,16.2,0,NONE,SHIFT_C (22:00-06:00),0.96
IMO9300437,Yang Ming Post-Panamax 0437,Yang Ming,Post-Panamax,9263,303.2,12.9,B-04,3,2026-01-27T21:29:45.502374+00:00,2026-01-28T00:55:33.502374+00:00,2026-01-30T09:31:33.502374+00:00,14.1,7.5,0,50.6,56.6,363,CRANE_OUTAGE,SHIFT_C (22:00-06:00),3.43
IMO9300438,CMA CGM Feeder 0438,CMA CGM,Feeder,1650,137.2,7.4,B-08,2,2025-05-05T04:44:57.505745+00:00,2025-05-05T04:44:57.505745+00:00,2025-05-06T00:20:57.505745+00:00,10.7,16.3,0,20.4,19.6,0,NONE,SHIFT_C (22:00-06:00),0.0
IMO9300439,X-Press Feeders Neo-Panamax 0439,X-Press Feeders,Neo-Panamax,13989,360.2,13.5,B-01,4,2026-09-13T14:44:25.482507+00:00,2026-09-13T16:00:37.482507+00:00,2026-09-16T08:12:37.482507+00:00,15.2,18.4,0,56.1,64.2,485,WEATHER,SHIFT_B (14:00-22:00),1.27
IMO9300440,Hapag-Lloyd Panamax 0440,Hapag-Lloyd,Panamax,5142,234.4,11.3,B-07,3,2025-11-25T17:25:40.882084+00:00,2025-11-25T17:47:52.882084+00:00,2025-11-27T01:05:52.882084+00:00,14.1,28.7,1,31.4,31.3,0,NONE,SHIFT_B (14:00-22:00),0.37
IMO9300441,ZIM ULCV 0441,ZIM,ULCV,17860,377.8,14.5,B-01,4,2026-06-25T15:15:35.466063+00:00,2026-06-25T16:41:23.466063+00:00,2026-06-28T09:35:23.466063+00:00,14.3,12.5,0,64.5,64.9,0,NONE,SHIFT_B (14:00-22:00),1.43
IMO9300442,HMM Post-Panamax 0442,HMM,Post-Panamax,7722,302.7,12.7,B-04,3,2025-09-25T05:17:55.374267+00:00,2025-09-25T05:20:55.374267+00:00,2025-09-27T02:32:55.374267+00:00,15.0,8.1,0,45.8,45.2,0,NONE,SHIFT_C (22:00-06:00),0.05
IMO9300443,SITC Handymax 0443,SITC,Handymax,3100,181.7,10.4,B-07,3,2026-05-27T11:15:11.984739+00:00,2026-05-27T13:24:47.984739+00:00,2026-05-28T13:30:47.984739+00:00,14.9,5.5,0,24.3,24.1,0,NONE,SHIFT_A (06:00-14:00),2.16
IMO9300444,Wan Hai Post-Panamax 0444,Wan Hai,Post-Panamax,8365,311.5,12.7,B-01,4,2026-03-31T13:49:30.248971+00:00,2026-03-31T16:33:54.248971+00:00,2026-04-03T00:09:54.248971+00:00,15.7,13.5,0,55.5,55.6,0,NONE,SHIFT_B (14:00-22:00),2.74
IMO9300445,KMTC Feeder 0445,KMTC,Feeder,1731,138.7,9.3,B-08,2,2025-12-13T11:57:54.888199+00:00,2025-12-13T14:24:18.888199+00:00,2025-12-14T10:36:18.888199+00:00,16.7,18.0,0,20.0,20.2,0,NONE,SHIFT_B (14:00-22:00),2.44
IMO9300446,Hapag-Lloyd Feeder 0446,Hapag-Lloyd,Feeder,1656,136.7,8.2,B-08,2,2025-03-20T02:50:27.651853+00:00,2025-03-20T03:42:03.651853+00:00,2025-03-21T06:12:03.651853+00:00,14.2,9.6,0,19.8,26.5,403,WEATHER,SHIFT_C (22:00-06:00),0.86
IMO9300447,Yang Ming Neo-Panamax 0447,Yang Ming,Neo-Panamax,14007,342.2,15.2,B-01,4,2025-07-19T12:57:59.215491+00:00,2025-07-19T15:15:59.215491+00:00,2025-07-21T19:57:59.215491+00:00,13.3,20.3,0,52.1,52.7,0,NONE,SHIFT_B (14:00-22:00),2.3
IMO9300448,Hapag-Lloyd Panamax 0448,Hapag-Lloyd,Panamax,4711,284.0,11.8,B-04,3,2026-08-20T08:39:05.944495+00:00,2026-08-20T10:21:41.944495+00:00,2026-08-21T17:21:41.944495+00:00,14.6,14.7,0,31.1,31.0,0,NONE,SHIFT_A (06:00-14:00),1.71
IMO9300449,COSCO Post-Panamax 0449,COSCO,Post-Panamax,6601,322.6,13.0,B-04,3,2024-11-03T16:55:35.130004+00:00,2024-11-03T19:51:59.130004+00:00,2024-11-05T22:57:59.130004+00:00,15.6,18.3,0,50.8,51.1,0,NONE,SHIFT_B (14:00-22:00),2.94
IMO9300450,Maersk Neo-Panamax 0450,Maersk,Neo-Panamax,11135,365.4,14.4,B-03,4,2025-11-30T12:37:19.294384+00:00,2025-11-30T14:33:07.294384+00:00,2025-12-02T23:21:07.294384+00:00,13.1,22.0,0,56.3,56.8,0,NONE,SHIFT_B (14:00-22:00),1.93
IMO9300451,Wan Hai Feeder 0451,Wan Hai,Feeder,2341,161.9,7.7,B-09,2,2025-05-03T22:22:17.305806+00:00,2025-05-03T22:49:53.305806+00:00,2025-05-04T16:49:53.305806+00:00,13.0,9.3,0,17.3,18.0,0,NONE,SHIFT_C (22:00-06:00),0.46
IMO9300452,PIL Panamax 0452,PIL,Panamax,4497,282.2,10.2,B-07,3,2025-06-29T17:11:18.646236+00:00,2025-06-29T17:29:18.646236+00:00,2025-07-01T05:47:18.646236+00:00,15.5,12.6,0,36.0,36.3,0,NONE,SHIFT_B (14:00-22:00),0.3
IMO9300453,Wan Hai Feeder 0453,Wan Hai,Feeder,1779,144.3,7.3,B-10,2,2024-11-11T11:10:42.370847+00:00,2024-11-11T11:10:42.370847+00:00,2024-11-12T05:04:42.370847+00:00,12.3,9.3,0,18.4,17.9,0,NONE,SHIFT_A (06:00-14:00),0.0
IMO9300454,HMM Post-Panamax 0454,HMM,Post-Panamax,10206,302.7,13.2,B-04,3,2025-09-22T09:20:40.865115+00:00,2025-09-22T09:56:40.865115+00:00,2025-09-24T13:26:40.865115+00:00,12.3,23.3,0,47.5,51.5,239,WEATHER,SHIFT_A (06:00-14:00),0.6
IMO9300455,PIL Panamax 0455,PIL,Panamax,3268,276.0,11.9,B-05,3,2024-12-15T11:00:00.889710+00:00,2024-12-15T12:24:36.889710+00:00,2024-12-16T17:48:36.889710+00:00,14.7,26.2,0,29.9,29.4,0,NONE,SHIFT_A (06:00-14:00),1.41
IMO9300456,OOCL Post-Panamax 0456,OOCL,Post-Panamax,6685,307.5,12.9,B-03,4,2025-11-22T11:37:47.677923+00:00,2025-11-22T15:21:35.677923+00:00,2025-11-24T12:03:35.677923+00:00,16.4,19.2,0,44.4,44.7,0,NONE,SHIFT_B (14:00-22:00),3.73
IMO9300457,ONE Feeder 0457,ONE,Feeder,1275,133.8,9.2,B-10,2,2025-06-11T08:11:17.876814+00:00,2025-06-11T08:44:17.876814+00:00,2025-06-12T07:32:17.876814+00:00,15.4,18.3,0,17.1,22.8,340,CRANE_OUTAGE,SHIFT_A (06:00-14:00),0.55
IMO9300458,ZIM Panamax 0458,ZIM,Panamax,4255,259.7,11.8,B-05,3,2025-02-27T07:18:36.684120+00:00,2025-02-27T11:01:48.684120+00:00,2025-02-28T23:55:48.684120+00:00,13.5,9.7,0,34.1,36.9,165,WEATHER,SHIFT_A (06:00-14:00),3.72
IMO9300459,SITC Handymax 0459,SITC,Handymax,2329,218.2,10.0,B-08,2,2026-05-10T00:45:54.286462+00:00,2026-05-10T02:30:54.286462+00:00,2026-05-11T03:42:54.286462+00:00,17.0,26.5,0,24.4,25.2,0,NONE,SHIFT_C (22:00-06:00),1.75
IMO9300460,SITC Panamax 0460,SITC,Panamax,3142,238.2,10.4,B-06,3,2024-10-14T11:53:28.736563+00:00,2024-10-14T12:33:40.736563+00:00,2024-10-15T22:45:40.736563+00:00,9.9,7.8,0,35.0,34.2,0,NONE,SHIFT_A (06:00-14:00),0.67
IMO9300461,OOCL Feeder 0461,OOCL,Feeder,1455,176.1,9.4,B-08,2,2026-09-15T02:13:51.101099+00:00,2026-09-15T03:19:51.101099+00:00,2026-09-15T21:49:51.101099+00:00,9.6,11.9,0,17.8,18.5,0,NONE,SHIFT_C (22:00-06:00),1.1
IMO9300462,Hapag-Lloyd ULCV 0462,Hapag-Lloyd,ULCV,21243,393.2,16.0,B-02,4,2025-05-10T08:11:41.489064+00:00,2025-05-10T08:12:53.489064+00:00,2025-05-13T06:00:53.489064+00:00,16.0,20.4,0,70.1,69.8,0,NONE,SHIFT_A (06:00-14:00),0.02
IMO9300463,SITC Neo-Panamax 0463,SITC,Neo-Panamax,14981,349.3,14.2,B-03,4,2026-04-30T18:32:20.807515+00:00,2026-04-30T18:32:20.807515+00:00,2026-05-03T06:32:20.807515+00:00,14.0,21.4,0,52.7,60.0,436,WEATHER,SHIFT_B (14:00-22:00),0.0
IMO9300464,CMA CGM Post-Panamax 0464,CMA CGM,Post-Panamax,10517,348.8,13.3,B-03,4,2025-07-11T04:48:46.811962+00:00,2025-07-11T07:08:34.811962+00:00,2025-07-13T08:14:34.811962+00:00,17.0,15.5,0,48.8,49.1,0,NONE,SHIFT_A (06:00-14:00),2.33
IMO9300465,X-Press Feeders Panamax 0465,X-Press Feeders,Panamax,4439,246.1,10.6,B-06,3,2024-10-14T20:30:24.920005+00:00,2024-10-14T21:52:36.920005+00:00,2024-10-15T23:28:36.920005+00:00,14.0,20.3,0,21.7,25.6,237,WEATHER,SHIFT_B (14:00-22:00),1.37
IMO9300466,KMTC Feeder 0466,KMTC,Feeder,2002,173.7,8.0,B-10,2,2026-07-18T05:59:25.705570+00:00,2026-07-18T08:28:13.705570+00:00,2026-07-19T07:46:13.705570+00:00,10.9,9.3,0,19.2,23.3,247,TIDAL_WINDOW_MISSED,SHIFT_A (06:00-14:00),2.48
IMO9300467,X-Press Feeders ULCV 0467,X-Press Feeders,ULCV,18478,369.0,15.3,B-02,4,2026-05-15T08:19:56.724134+00:00,2026-05-15T08:19:56.724134+00:00,2026-05-18T03:25:56.724134+00:00,15.0,27.1,1,66.6,67.1,0,NONE,SHIFT_A (06:00-14:00),0.0
IMO9300468,ZIM Handymax 0468,ZIM,Handymax,2459,199.8,10.3,B-06,3,2025-02-25T21:36:20.842596+00:00,2025-02-25T22:38:44.842596+00:00,2025-02-27T01:32:44.842596+00:00,13.7,8.0,0,27.7,26.9,0,NONE,SHIFT_C (22:00-06:00),1.04
IMO9300469,ZIM Post-Panamax 0469,ZIM,Post-Panamax,8504,320.9,13.5,B-01,4,2026-06-24T07:22:06.976191+00:00,2026-06-24T08:38:54.976191+00:00,2026-06-26T07:32:54.976191+00:00,20.2,5.3,0,46.3,46.9,0,NONE,SHIFT_A (06:00-14:00),1.28
IMO9300470,OOCL Panamax 0470,OOCL,Panamax,4528,288.2,11.6,B-04,3,2025-01-18T00:05:19.388052+00:00,2025-01-18T00:05:19.388052+00:00,2025-01-19T11:05:19.388052+00:00,16.0,8.2,0,33.1,35.0,114,YARD_CONGESTION,SHIFT_C (22:00-06:00),0.0
IMO9300471,MSC Handymax 0471,MSC,Handymax,2729,190.9,9.5,B-06,3,2026-02-21T15:08:53.209389+00:00,2026-02-21T15:08:53.209389+00:00,2026-02-22T15:44:53.209389+00:00,13.7,15.5,0,24.2,24.6,0,NONE,SHIFT_B (14:00-22:00),0.0
IMO9300472,Wan Hai Panamax 0472,Wan Hai,Panamax,4233,277.9,11.4,B-06,3,2025-05-13T00:08:34.031808+00:00,2025-05-13T00:59:34.031808+00:00,2025-05-14T13:11:34.031808+00:00,16.5,19.3,0,34.6,36.2,96,WEATHER,SHIFT_C (22:00-06:00),0.85
IMO9300473,ZIM Feeder 0473,ZIM,Feeder,1496,152.4,8.2,B-08,2,2026-07-06T11:50:00.099520+00:00,2026-07-06T14:26:36.099520+00:00,2026-07-07T17:26:36.099520+00:00,15.6,8.8,0,21.0,27.0,359,WEATHER,SHIFT_B (14:00-22:00),2.61
IMO9300474,COSCO Neo-Panamax 0474,COSCO,Neo-Panamax,10954,350.9,15.3,B-01,4,2024-11-22T18:56:43.170148+00:00,2024-11-22T19:47:43.170148+00:00,2024-11-25T10:53:43.170148+00:00,12.3,14.8,0,59.4,63.1,220,YARD_CONGESTION,SHIFT_B (14:00-22:00),0.85
IMO9300475,ZIM Feeder 0475,ZIM,Feeder,1255,131.7,9.0,B-08,2,2025-01-09T16:53:59.646697+00:00,2025-01-09T19:34:47.646697+00:00,2025-01-10T16:40:47.646697+00:00,15.5,7.2,0,19.1,21.1,117,CRANE_OUTAGE,SHIFT_B (14:00-22:00),2.68
IMO9300476,OOCL Feeder 0476,OOCL,Feeder,1020,175.4,7.1,B-08,2,2025-02-24T13:54:29.007095+00:00,2025-02-24T15:30:29.007095+00:00,2025-02-25T09:30:29.007095+00:00,15.3,15.5,0,18.9,18.0,0,NONE,SHIFT_B (14:00-22:00),1.6
IMO9300477,COSCO Post-Panamax 0477,COSCO,Post-Panamax,8182,339.1,14.3,B-05,3,2024-12-08T18:53:50.381762+00:00,2024-12-08T21:33:26.381762+00:00,2024-12-11T05:51:26.381762+00:00,16.0,6.2,0,52.6,56.3,223,YARD_CONGESTION,SHIFT_B (14:00-22:00),2.66
IMO9300478,Yang Ming Handymax 0478,Yang Ming,Handymax,3184,200.2,8.7,B-06,3,2025-09-02T16:23:51.233173+00:00,2025-09-02T16:23:51.233173+00:00,2025-09-03T16:59:51.233173+00:00,15.6,20.0,0,23.6,24.6,62,CRANE_OUTAGE,SHIFT_B (14:00-22:00),0.0
IMO9300479,COSCO ULCV 0479,COSCO,ULCV,21777,397.4,16.3,B-02,4,2025-05-03T21:01:33.240289+00:00,2025-05-04T00:00:57.240289+00:00,2025-05-06T22:12:57.240289+00:00,17.0,6.7,0,70.5,70.2,0,NONE,SHIFT_C (22:00-06:00),2.99
IMO9300480,Wan Hai Post-Panamax 0480,Wan Hai,Post-Panamax,7613,306.2,12.7,B-04,3,2025-03-18T17:26:34.939147+00:00,2025-03-18T18:51:10.939147+00:00,2025-03-20T16:03:10.939147+00:00,14.0,19.7,0,46.0,45.2,0,NONE,SHIFT_B (14:00-22:00),1.41
IMO9300481,ZIM Handymax 0481,ZIM,Handymax,2462,207.5,10.6,B-09,2,2026-02-21T02:29:18.491501+00:00,2026-02-21T05:05:54.491501+00:00,2026-02-22T09:17:54.491501+00:00,13.6,5.4,0,25.7,28.2,151,CRANE_OUTAGE,SHIFT_C (22:00-06:00),2.61
IMO9300482,OOCL Feeder 0482,OOCL,Feeder,1870,170.3,8.0,B-10,2,2025-05-19T10:15:38.294849+00:00,2025-05-19T10:36:02.294849+00:00,2025-05-20T08:42:02.294849+00:00,12.3,7.0,0,20.6,22.1,88,PILOT_UNAVAILABLE,SHIFT_A (06:00-14:00),0.34
IMO9300483,ONE Feeder 0483,ONE,Feeder,1627,150.3,8.5,B-08,2,2026-04-03T15:11:31.242140+00:00,2026-04-03T15:26:31.242140+00:00,2026-04-04T16:44:31.242140+00:00,15.5,21.3,0,18.8,25.3,389,CRANE_OUTAGE,SHIFT_B (14:00-22:00),0.25
IMO9300484,PIL ULCV 0484,PIL,ULCV,20626,382.2,15.7,B-02,4,2025-09-15T05:16:44.716966+00:00,2025-09-15T05:30:32.716966+00:00,2025-09-18T03:12:32.716966+00:00,16.0,7.8,0,69.0,69.7,0,NONE,SHIFT_C (22:00-06:00),0.23
IMO9300485,MSC Feeder 0485,MSC,Feeder,854,179.8,8.2,B-08,2,2025-12-16T21:04:42.916386+00:00,2025-12-16T23:04:06.916386+00:00,2025-12-17T23:28:06.916386+00:00,13.6,17.8,0,19.2,24.4,312,CRANE_OUTAGE,SHIFT_C (22:00-06:00),1.99
IMO9300486,ONE Post-Panamax 0486,ONE,Post-Panamax,10635,314.7,13.5,B-03,4,2025-08-23T21:33:48.846979+00:00,2025-08-23T23:16:24.846979+00:00,2025-08-26T02:16:24.846979+00:00,14.2,22.7,0,46.3,51.0,280,CRANE_OUTAGE,SHIFT_C (22:00-06:00),1.71
IMO9300487,COSCO Neo-Panamax 0487,COSCO,Neo-Panamax,13082,350.0,14.1,B-02,4,2025-10-22T11:02:27.608132+00:00,2025-10-22T15:00:39.608132+00:00,2025-10-24T15:30:39.608132+00:00,15.0,24.5,0,49.3,48.5,0,NONE,SHIFT_B (14:00-22:00),3.97
IMO9300488,OOCL Post-Panamax 0488,OOCL,Post-Panamax,10518,338.2,13.6,B-05,3,2025-05-13T01:20:37.739819+00:00,2025-05-13T04:07:25.739819+00:00,2025-05-15T03:37:25.739819+00:00,11.0,16.7,0,47.8,47.5,0,NONE,SHIFT_C (22:00-06:00),2.78
IMO9300489,X-Press Feeders Panamax 0489,X-Press Feeders,Panamax,4165,263.2,10.7,B-06,3,2026-08-04T23:42:56.800274+00:00,2026-08-05T00:24:56.800274+00:00,2026-08-06T16:24:56.800274+00:00,14.0,12.6,0,33.7,40.0,380,CRANE_OUTAGE,SHIFT_C (22:00-06:00),0.7
IMO9300490,COSCO Handymax 0490,COSCO,Handymax,2843,197.1,11.0,B-08,2,2026-08-08T13:37:09.621999+00:00,2026-08-08T13:52:09.621999+00:00,2026-08-09T16:28:09.621999+00:00,14.7,10.1,0,26.4,26.6,0,NONE,SHIFT_A (06:00-14:00),0.25
IMO9300491,COSCO Neo-Panamax 0491,COSCO,Neo-Panamax,12671,348.8,13.5,B-01,4,2025-10-21T13:24:05.939103+00:00,2025-10-21T16:46:17.939103+00:00,2025-10-23T20:46:17.939103+00:00,12.7,26.4,0,51.2,52.0,0,NONE,SHIFT_B (14:00-22:00),3.37
IMO9300492,X-Press Feeders Handymax 0492,X-Press Feeders,Handymax,3000,192.9,8.7,B-06,3,2025-05-09T02:32:45.581708+00:00,2025-05-09T05:01:33.581708+00:00,2025-05-10T07:31:33.581708+00:00,11.2,9.2,0,24.1,26.5,145,CRANE_OUTAGE,SHIFT_C (22:00-06:00),2.48
IMO9300493,PIL Panamax 0493,PIL,Panamax,3308,287.9,10.4,B-05,3,2026-02-23T10:19:44.905546+00:00,2026-02-23T16:13:08.905546+00:00,2026-02-25T01:37:08.905546+00:00,16.3,13.3,0,32.9,33.4,0,NONE,SHIFT_B (14:00-22:00),5.89
IMO9300494,Wan Hai Feeder 0494,Wan Hai,Feeder,1887,146.4,8.4,B-09,2,2025-11-14T21:07:13.514863+00:00,2025-11-15T00:27:37.514863+00:00,2025-11-15T20:21:37.514863+00:00,17.5,12.2,0,20.4,19.9,0,NONE,SHIFT_C (22:00-06:00),3.34
IMO9300495,Wan Hai Post-Panamax 0495,Wan Hai,Post-Panamax,10721,310.0,13.3,B-04,3,2025-05-22T23:52:57.229899+00:00,2025-05-22T23:52:57.229899+00:00,2025-05-24T19:40:57.229899+00:00,13.4,17.9,0,43.6,43.8,0,NONE,SHIFT_C (22:00-06:00),0.0
IMO9300496,SITC Post-Panamax 0496,SITC,Post-Panamax,10053,313.4,13.8,B-05,3,2025-04-13T09:11:45.352104+00:00,2025-04-13T10:17:09.352104+00:00,2025-04-15T13:53:09.352104+00:00,15.1,5.1,0,51.3,51.6,0,NONE,SHIFT_A (06:00-14:00),1.09
IMO9300497,KMTC Post-Panamax 0497,KMTC,Post-Panamax,7027,320.5,14.2,B-02,4,2025-01-17T12:13:37.462671+00:00,2025-01-17T13:32:13.462671+00:00,2025-01-19T10:02:13.462671+00:00,16.0,8.2,0,45.2,44.5,0,NONE,SHIFT_A (06:00-14:00),1.31
IMO9300498,ZIM Feeder 0498,ZIM,Feeder,1693,157.8,8.4,B-09,2,2025-06-09T17:20:05.834711+00:00,2025-06-09T18:26:05.834711+00:00,2025-06-10T14:20:05.834711+00:00,15.0,4.1,0,19.5,19.9,0,NONE,SHIFT_B (14:00-22:00),1.1
IMO9300499,Evergreen Post-Panamax 0499,Evergreen,Post-Panamax,10480,332.2,12.6,B-01,4,2026-08-09T08:59:36.911546+00:00,2026-08-09T11:25:24.911546+00:00,2026-08-11T21:43:24.911546+00:00,13.6,11.2,0,56.8,58.3,91,YARD_CONGESTION,SHIFT_A (06:00-14:00),2.43
IMO9300500,Hapag-Lloyd Handymax 0500,Hapag-Lloyd,Handymax,3024,189.4,9.9,B-06,3,2025-09-07T15:13:18.507615+00:00,2025-09-07T16:59:30.507615+00:00,2025-09-08T15:35:30.507615+00:00,18.5,23.3,0,22.0,22.6,0,NONE,SHIFT_B (14:00-22:00),1.77
IMO9300501,COSCO Feeder 0501,COSCO,Feeder,1996,176.4,7.8,B-10,2,2025-12-11T14:43:00.424120+00:00,2025-12-11T16:48:24.424120+00:00,2025-12-12T14:48:24.424120+00:00,13.2,13.7,0,19.4,22.0,157,PILOT_UNAVAILABLE,SHIFT_B (14:00-22:00),2.09
IMO9300502,MSC Panamax 0502,MSC,Panamax,3462,254.3,10.7,B-06,3,2025-08-21T12:27:34.923324+00:00,2025-08-21T15:40:10.923324+00:00,2025-08-23T05:10:10.923324+00:00,14.5,14.7,0,34.8,37.5,164,WEATHER,SHIFT_B (14:00-22:00),3.21
IMO9300503,PIL Handymax 0503,PIL,Handymax,3240,212.9,8.6,B-06,3,2025-01-20T17:49:47.094386+00:00,2025-01-20T18:10:11.094386+00:00,2025-01-21T18:16:11.094386+00:00,10.9,19.4,0,24.5,24.1,0,NONE,SHIFT_B (14:00-22:00),0.34
IMO9300504,PIL ULCV 0504,PIL,ULCV,22763,396.7,15.9,B-01,4,2025-01-09T02:32:02.887550+00:00,2025-01-09T03:32:02.887550+00:00,2025-01-12T05:32:02.887550+00:00,10.6,13.0,0,74.8,74.0,0,NONE,SHIFT_C (22:00-06:00),1.0
IMO9300505,Yang Ming Post-Panamax 0505,Yang Ming,Post-Panamax,7812,314.9,14.2,B-04,3,2025-06-20T22:11:11.273290+00:00,2025-06-21T01:32:47.273290+00:00,2025-06-23T14:32:47.273290+00:00,12.4,13.4,0,55.3,61.0,341,WEATHER,SHIFT_C (22:00-06:00),3.36
IMO9300506,KMTC Panamax 0506,KMTC,Panamax,4730,284.9,10.7,B-04,3,2025-02-02T00:37:50.825060+00:00,2025-02-02T02:27:02.825060+00:00,2025-02-03T10:51:02.825060+00:00,12.8,19.5,0,31.9,32.4,0,NONE,SHIFT_C (22:00-06:00),1.82
IMO9300507,SITC Post-Panamax 0507,SITC,Post-Panamax,8005,334.8,14.0,B-04,3,2025-02-26T01:03:48.075336+00:00,2025-02-26T02:46:24.075336+00:00,2025-02-28T00:28:24.075336+00:00,15.9,17.9,0,45.8,45.7,0,NONE,SHIFT_C (22:00-06:00),1.71
IMO9300508,Hapag-Lloyd ULCV 0508,Hapag-Lloyd,ULCV,19233,394.8,15.9,B-02,4,2025-10-08T23:58:11.374924+00:00,2025-10-09T01:14:23.374924+00:00,2025-10-11T09:38:23.374924+00:00,13.2,20.5,0,53.2,56.4,191,WEATHER,SHIFT_C (22:00-06:00),1.27
IMO9300509,PIL Feeder 0509,PIL,Feeder,1968,140.9,9.2,B-08,2,2026-09-03T06:20:21.164580+00:00,2026-09-03T09:49:09.164580+00:00,2026-09-04T03:55:09.164580+00:00,14.8,17.6,0,18.6,18.1,0,NONE,SHIFT_A (06:00-14:00),3.48
IMO9300510,MSC Neo-Panamax 0510,MSC,Neo-Panamax,12131,350.4,14.4,B-01,4,2026-07-16T02:28:29.890116+00:00,2026-07-16T05:35:05.890116+00:00,2026-07-18T13:23:05.890116+00:00,15.4,12.6,0,51.1,55.8,282,CRANE_OUTAGE,SHIFT_C (22:00-06:00),3.11
IMO9300511,SITC Post-Panamax 0511,SITC,Post-Panamax,8338,341.4,13.5,B-02,4,2026-05-04T02:04:05.838267+00:00,2026-05-04T04:10:41.838267+00:00,2026-05-06T06:52:41.838267+00:00,12.1,11.0,0,44.1,50.7,397,WEATHER,SHIFT_C (22:00-06:00),2.11
IMO9300512,ZIM Feeder 0512,ZIM,Feeder,1169,173.6,7.5,B-09,2,2025-02-25T00:07:28.623469+00:00,2025-02-25T02:12:16.623469+00:00,2025-02-25T19:54:16.623469+00:00,15.8,3.6,0,18.3,17.7,0,NONE,SHIFT_C (22:00-06:00),2.08
IMO9300513,SITC Panamax 0513,SITC,Panamax,4324,226.0,10.9,B-07,3,2025-05-11T23:49:00.625014+00:00,2025-05-12T00:40:00.625014+00:00,2025-05-13T08:10:00.625014+00:00,11.7,20.5,0,31.9,31.5,0,NONE,SHIFT_C (22:00-06:00),0.85
IMO9300514,PIL Feeder 0514,PIL,Feeder,2443,189.8,9.3,B-10,2,2025-04-25T15:35:59.434641+00:00,2025-04-25T18:03:35.434641+00:00,2025-04-26T13:27:35.434641+00:00,16.6,22.7,0,18.6,19.4,0,NONE,SHIFT_B (14:00-22:00),2.46
IMO9300515,Hapag-Lloyd Post-Panamax 0515,Hapag-Lloyd,Post-Panamax,7969,348.4,13.6,B-03,4,2026-05-18T23:07:48.851977+00:00,2026-05-18T23:18:36.851977+00:00,2026-05-21T03:18:36.851977+00:00,14.6,14.6,0,52.5,52.0,0,NONE,SHIFT_C (22:00-06:00),0.18
IMO9300516,Hapag-Lloyd Handymax 0516,Hapag-Lloyd,Handymax,2575,200.0,10.9,B-08,2,2024-11-20T18:07:25.265488+00:00,2024-11-20T19:47:01.265488+00:00,2024-11-21T20:23:01.265488+00:00,16.3,10.9,0,21.4,24.6,195,CRANE_OUTAGE,SHIFT_B (14:00-22:00),1.66
IMO9300517,KMTC Panamax 0517,KMTC,Panamax,5012,282.5,10.6,B-05,3,2025-08-14T08:59:38.657801+00:00,2025-08-14T11:39:14.657801+00:00,2025-08-15T19:51:14.657801+00:00,13.3,14.0,0,32.4,32.2,0,NONE,SHIFT_A (06:00-14:00),2.66
IMO9300518,SITC Feeder 0518,SITC,Feeder,1813,156.2,9.5,B-08,2,2025-11-04T12:13:22.678593+00:00,2025-11-04T16:25:58.678593+00:00,2025-11-05T09:37:58.678593+00:00,10.4,35.6,1,17.6,17.2,0,NONE,SHIFT_B (14:00-22:00),4.21
IMO9300519,ZIM Feeder 0519,ZIM,Feeder,1841,140.8,7.4,B-09,2,2025-08-08T22:13:44.458356+00:00,2025-08-09T02:41:56.458356+00:00,2025-08-09T23:11:56.458356+00:00,11.4,41.3,1,20.6,20.5,0,NONE,SHIFT_C (22:00-06:00),4.47
IMO9300520,Wan Hai Feeder 0520,Wan Hai,Feeder,2193,131.6,8.7,B-08,2,2025-12-08T13:51:38.808344+00:00,2025-12-08T17:39:02.808344+00:00,2025-12-09T09:57:02.808344+00:00,17.8,17.1,0,17.2,16.3,0,NONE,SHIFT_B (14:00-22:00),3.79
IMO9300521,OOCL Neo-Panamax 0521,OOCL,Neo-Panamax,14867,351.8,15.4,B-03,4,2026-09-14T00:08:16.673730+00:00,2026-09-14T02:52:04.673730+00:00,2026-09-16T08:52:04.673730+00:00,14.0,29.7,1,48.1,54.0,351,CRANE_OUTAGE,SHIFT_C (22:00-06:00),2.73
IMO9300522,MSC Feeder 0522,MSC,Feeder,2434,178.1,7.7,B-08,2,2025-04-01T00:26:47.993801+00:00,2025-04-01T05:13:35.993801+00:00,2025-04-01T22:31:35.993801+00:00,13.9,16.2,0,17.9,17.3,0,NONE,SHIFT_C (22:00-06:00),4.78
IMO9300523,X-Press Feeders Post-Panamax 0523,X-Press Feeders,Post-Panamax,7834,304.5,14.2,B-04,3,2025-03-06T08:06:27.592902+00:00,2025-03-06T08:52:39.592902+00:00,2025-03-08T11:40:39.592902+00:00,17.4,18.5,0,50.3,50.8,0,NONE,SHIFT_A (06:00-14:00),0.77
IMO9300524,Hapag-Lloyd Handymax 0524,Hapag-Lloyd,Handymax,2752,194.4,8.7,B-07,3,2025-09-30T21:34:27.665669+00:00,2025-09-30T23:12:15.665669+00:00,2025-10-02T00:06:15.665669+00:00,12.2,25.6,0,24.5,24.9,0,NONE,SHIFT_C (22:00-06:00),1.63
IMO9300525,Evergreen Post-Panamax 0525,Evergreen,Post-Panamax,6831,321.7,13.4,B-05,3,2026-01-15T07:08:05.673940+00:00,2026-01-15T07:54:17.673940+00:00,2026-01-17T09:18:17.673940+00:00,14.8,19.2,0,49.5,49.4,0,NONE,SHIFT_A (06:00-14:00),0.77
IMO9300526,KMTC Handymax 0526,KMTC,Handymax,2615,183.2,10.5,B-07,3,2024-10-10T01:27:25.423561+00:00,2024-10-10T03:49:37.423561+00:00,2024-10-11T05:49:37.423561+00:00,14.1,19.2,0,26.0,26.0,0,NONE,SHIFT_C (22:00-06:00),2.37
IMO9300527,MSC Panamax 0527,MSC,Panamax,4691,255.9,11.0,B-04,3,2025-10-18T20:41:47.867566+00:00,2025-10-18T22:32:11.867566+00:00,2025-10-20T01:44:11.867566+00:00,11.3,12.4,0,26.9,27.2,0,NONE,SHIFT_C (22:00-06:00),1.84
IMO9300528,Evergreen Panamax 0528,Evergreen,Panamax,4704,279.0,10.1,B-06,3,2026-02-04T07:09:33.345336+00:00,2026-02-04T07:42:33.345336+00:00,2026-02-05T16:18:33.345336+00:00,14.6,20.2,0,28.2,32.6,264,WEATHER,SHIFT_A (06:00-14:00),0.55
IMO9300529,Evergreen ULCV 0529,Evergreen,ULCV,23896,373.2,14.7,B-02,4,2024-12-30T01:19:24.199812+00:00,2024-12-30T04:05:00.199812+00:00,2025-01-02T06:05:00.199812+00:00,15.9,1.7,1,67.4,74.0,396,CRANE_OUTAGE,SHIFT_C (22:00-06:00),2.76
IMO9300530,OOCL ULCV 0530,OOCL,ULCV,19910,376.3,16.1,B-03,4,2025-05-21T09:09:08.143847+00:00,2025-05-21T11:27:08.143847+00:00,2025-05-24T05:45:08.143847+00:00,14.2,19.3,0,67.1,66.3,0,NONE,SHIFT_A (06:00-14:00),2.3
IMO9300531,ONE Feeder 0531,ONE,Feeder,2128,181.5,7.5,B-08,2,2025-06-07T16:40:39.425762+00:00,2025-06-07T16:40:39.425762+00:00,2025-06-08T11:46:39.425762+00:00,15.5,22.0,0,19.2,19.1,0,NONE,SHIFT_B (14:00-22:00),0.0
IMO9300532,Evergreen Feeder 0532,Evergreen,Feeder,1711,184.1,8.8,B-09,2,2025-10-13T22:42:34.027008+00:00,2025-10-14T01:15:34.027008+00:00,2025-10-14T19:27:34.027008+00:00,13.5,24.5,0,17.7,18.2,0,NONE,SHIFT_C (22:00-06:00),2.55
IMO9300533,Maersk Feeder 0533,Maersk,Feeder,1684,136.2,9.1,B-09,2,2025-01-15T14:28:45.621366+00:00,2025-01-15T15:36:33.621366+00:00,2025-01-16T09:30:33.621366+00:00,12.1,16.3,0,17.8,17.9,0,NONE,SHIFT_B (14:00-22:00),1.13
IMO9300534,OOCL Panamax 0534,OOCL,Panamax,3077,236.2,10.1,B-07,3,2025-07-30T11:03:06.667511+00:00,2025-07-30T13:28:18.667511+00:00,2025-08-01T04:10:18.667511+00:00,14.2,16.3,0,37.0,38.7,104,YARD_CONGESTION,SHIFT_A (06:00-14:00),2.42
IMO9300535,PIL Panamax 0535,PIL,Panamax,3660,251.4,10.9,B-06,3,2025-04-13T16:12:20.109562+00:00,2025-04-13T16:47:08.109562+00:00,2025-04-15T00:59:08.109562+00:00,14.9,15.4,0,27.5,32.2,284,YARD_CONGESTION,SHIFT_B (14:00-22:00),0.58
IMO9300536,ZIM Feeder 0536,ZIM,Feeder,1653,173.4,8.0,B-10,2,2025-06-05T17:00:42.084893+00:00,2025-06-05T17:57:06.084893+00:00,2025-06-06T12:51:06.084893+00:00,9.8,12.5,0,19.5,18.9,0,NONE,SHIFT_B (14:00-22:00),0.94
IMO9300537,CMA CGM Post-Panamax 0537,CMA CGM,Post-Panamax,8134,333.4,12.8,B-02,4,2025-07-09T08:18:39.877095+00:00,2025-07-09T12:45:39.877095+00:00,2025-07-11T15:51:39.877095+00:00,12.8,37.7,1,47.3,51.1,227,YARD_CONGESTION,SHIFT_A (06:00-14:00),4.45
IMO9300538,Evergreen Post-Panamax 0538,Evergreen,Post-Panamax,6761,341.4,14.3,B-01,4,2026-01-18T04:22:52.289891+00:00,2026-01-18T06:03:04.289891+00:00,2026-01-20T11:03:04.289891+00:00,14.8,6.9,0,52.2,53.0,0,NONE,SHIFT_A (06:00-14:00),1.67
IMO9300539,MSC Post-Panamax 0539,MSC,Post-Panamax,7738,338.5,13.6,B-05,3,2025-07-10T09:30:50.814736+00:00,2025-07-10T12:20:02.814736+00:00,2025-07-12T16:14:02.814736+00:00,14.9,29.3,1,50.0,51.9,114,CRANE_OUTAGE,SHIFT_A (06:00-14:00),2.82
IMO9300540,COSCO Post-Panamax 0540,COSCO,Post-Panamax,7363,341.2,12.6,B-02,4,2025-06-21T22:49:14.737884+00:00,2025-06-21T22:49:14.737884+00:00,2025-06-23T19:43:14.737884+00:00,15.4,24.9,0,45.1,44.9,0,NONE,SHIFT_C (22:00-06:00),0.0
IMO9300541,COSCO Panamax 0541,COSCO,Panamax,3564,230.8,10.7,B-04,3,2025-01-15T14:50:41.605955+00:00,2025-01-15T15:30:17.605955+00:00,2025-01-16T23:36:17.605955+00:00,15.2,21.4,0,32.2,32.1,0,NONE,SHIFT_B (14:00-22:00),0.66
IMO9300542,PIL Feeder 0542,PIL,Feeder,2089,172.9,8.0,B-10,2,2026-03-25T13:55:56.025338+00:00,2026-03-25T18:06:08.025338+00:00,2026-03-26T11:42:08.025338+00:00,11.4,21.0,0,17.8,17.6,0,NONE,SHIFT_B (14:00-22:00),4.17
IMO9300543,SITC Neo-Panamax 0543,SITC,Neo-Panamax,12963,364.7,14.5,B-01,4,2025-11-03T17:56:10.055760+00:00,2025-11-03T19:15:22.055760+00:00,2025-11-06T03:57:22.055760+00:00,11.7,15.6,0,56.3,56.7,0,NONE,SHIFT_B (14:00-22:00),1.32
IMO9300544,X-Press Feeders Panamax 0544,X-Press Feeders,Panamax,3618,273.1,11.3,B-04,3,2024-10-14T16:53:30.855909+00:00,2024-10-14T20:23:30.855909+00:00,2024-10-16T00:53:30.855909+00:00,11.2,33.5,1,25.2,28.5,200,YARD_CONGESTION,SHIFT_B (14:00-22:00),3.5
IMO9300545,Wan Hai Post-Panamax 0545,Wan Hai,Post-Panamax,8791,345.5,12.5,B-05,3,2025-07-05T23:58:45.727084+00:00,2025-07-06T02:12:33.727084+00:00,2025-07-08T05:18:33.727084+00:00,16.0,18.3,0,51.3,51.1,0,NONE,SHIFT_C (22:00-06:00),2.23
IMO9300546,X-Press Feeders Handymax 0546,X-Press Feeders,Handymax,2172,211.0,10.7,B-06,3,2025-08-27T11:59:00.179532+00:00,2025-08-27T12:15:48.179532+00:00,2025-08-28T06:39:48.179532+00:00,13.8,13.1,0,18.4,18.4,0,NONE,SHIFT_A (06:00-14:00),0.28
IMO9300547,ZIM Feeder 0547,ZIM,Feeder,1127,161.3,8.9,B-08,2,2026-08-29T02:45:33.321117+00:00,2026-08-29T05:20:57.321117+00:00,2026-08-30T05:14:57.321117+00:00,12.2,10.0,0,19.0,23.9,293,TIDAL_WINDOW_MISSED,SHIFT_C (22:00-06:00),2.59
IMO9300548,PIL Post-Panamax 0548,PIL,Post-Panamax,7514,313.0,13.5,B-01,4,2025-03-22T20:06:28.216134+00:00,2025-03-22T20:06:28.216134+00:00,2025-03-24T20:06:28.216134+00:00,12.3,28.9,1,48.4,48.0,0,NONE,SHIFT_B (14:00-22:00),0.0
IMO9300549,Yang Ming Feeder 0549,Yang Ming,Feeder,2407,151.0,7.7,B-10,2,2025-08-02T01:51:58.379646+00:00,2025-08-02T04:25:34.379646+00:00,2025-08-03T01:25:34.379646+00:00,15.9,20.5,0,20.6,21.0,0,NONE,SHIFT_C (22:00-06:00),2.56
IMO9300550,Hapag-Lloyd Panamax 0550,Hapag-Lloyd,Panamax,3335,269.8,11.7,B-04,3,2026-08-04T10:25:28.548388+00:00,2026-08-04T12:00:16.548388+00:00,2026-08-05T20:30:16.548388+00:00,12.6,25.7,0,32.6,32.5,0,NONE,SHIFT_A (06:00-14:00),1.58
IMO9300551,X-Press Feeders Panamax 0551,X-Press Feeders,Panamax,4734,281.0,11.2,B-07,3,2025-05-10T10:25:28.202593+00:00,2025-05-10T12:54:16.202593+00:00,2025-05-11T22:54:16.202593+00:00,13.6,13.6,0,34.2,34.0,0,NONE,SHIFT_A (06:00-14:00),2.48
IMO9300552,COSCO ULCV 0552,COSCO,ULCV,14534,389.6,15.4,B-03,4,2026-05-28T08:04:37.296669+00:00,2026-05-28T11:41:49.296669+00:00,2026-05-31T11:41:49.296669+00:00,17.1,16.4,0,72.3,72.0,0,NONE,SHIFT_A (06:00-14:00),3.62
IMO9300553,Hapag-Lloyd Handymax 0553,Hapag-Lloyd,Handymax,2766,184.7,9.3,B-08,2,2026-02-18T15:54:57.357569+00:00,2026-02-18T17:19:33.357569+00:00,2026-02-19T11:07:33.357569+00:00,14.7,21.8,0,18.3,17.8,0,NONE,SHIFT_B (14:00-22:00),1.41
IMO9300554,OOCL Feeder 0554,OOCL,Feeder,938,130.1,8.4,B-08,2,2025-11-21T17:41:49.810523+00:00,2025-11-21T20:06:25.810523+00:00,2025-11-22T18:18:25.810523+00:00,11.0,16.7,0,16.6,22.2,333,WEATHER,SHIFT_B (14:00-22:00),2.41
IMO9300555,Hapag-Lloyd Neo-Panamax 0555,Hapag-Lloyd,Neo-Panamax,13775,359.8,14.5,B-02,4,2025-05-26T02:49:01.603537+00:00,2025-05-26T04:34:37.603537+00:00,2025-05-28T03:58:37.603537+00:00,16.8,6.1,0,46.8,47.4,0,NONE,SHIFT_C (22:00-06:00),1.76
IMO9300556,MSC Handymax 0556,MSC,Handymax,2568,218.3,10.7,B-06,3,2025-01-03T03:05:55.068134+00:00,2025-01-03T03:52:07.068134+00:00,2025-01-04T07:34:07.068134+00:00,11.6,19.8,0,21.9,27.7,347,CRANE_OUTAGE,SHIFT_C (22:00-06:00),0.77
IMO9300557,CMA CGM Panamax 0557,CMA CGM,Panamax,3216,233.5,11.2,B-05,3,2025-03-27T03:44:22.148951+00:00,2025-03-27T05:16:46.148951+00:00,2025-03-28T03:52:46.148951+00:00,14.5,18.6,0,23.2,22.6,0,NONE,SHIFT_C (22:00-06:00),1.54
IMO9300558,SITC Post-Panamax 0558,SITC,Post-Panamax,9124,304.2,13.6,B-04,3,2025-07-21T11:22:48.552801+00:00,2025-07-21T12:06:00.552801+00:00,2025-07-23T07:54:00.552801+00:00,16.0,15.1,0,44.8,43.8,0,NONE,SHIFT_A (06:00-14:00),0.72
IMO9300559,X-Press Feeders Panamax 0559,X-Press Feeders,Panamax,3406,238.0,10.2,B-05,3,2026-02-24T20:55:52.879826+00:00,2026-02-24T22:39:40.879826+00:00,2026-02-26T12:21:40.879826+00:00,17.3,8.0,0,37.0,37.7,0,NONE,SHIFT_C (22:00-06:00),1.73
IMO9300560,MSC Feeder 0560,MSC,Feeder,1091,147.9,7.2,B-09,2,2024-12-14T15:52:14.242042+00:00,2024-12-14T17:31:50.242042+00:00,2024-12-15T09:43:50.242042+00:00,18.1,10.4,0,16.8,16.2,0,NONE,SHIFT_B (14:00-22:00),1.66
IMO9300561,Yang Ming Panamax 0561,Yang Ming,Panamax,4577,254.5,11.5,B-04,3,2026-03-08T10:19:40.501244+00:00,2026-03-08T11:23:16.501244+00:00,2026-03-10T01:11:16.501244+00:00,16.6,5.3,0,36.9,37.8,54,YARD_CONGESTION,SHIFT_A (06:00-14:00),1.06
IMO9300562,COSCO Handymax 0562,COSCO,Handymax,2257,189.9,9.9,B-08,2,2025-08-05T07:55:09.359362+00:00,2025-08-05T10:23:57.359362+00:00,2025-08-06T10:23:57.359362+00:00,15.7,14.2,0,21.3,24.0,162,WEATHER,SHIFT_A (06:00-14:00),2.48
IMO9300563,Evergreen Handymax 0563,Evergreen,Handymax,2867,211.3,9.8,B-09,2,2026-08-19T02:43:09.480169+00:00,2026-08-19T05:29:21.480169+00:00,2026-08-20T05:11:21.480169+00:00,10.3,17.7,0,23.0,23.7,0,NONE,SHIFT_C (22:00-06:00),2.77
IMO9300564,HMM Handymax 0564,HMM,Handymax,2719,213.6,9.5,B-07,3,2025-07-24T03:51:23.212202+00:00,2025-07-24T04:41:11.212202+00:00,2025-07-25T05:29:11.212202+00:00,17.3,15.4,0,25.3,24.8,0,NONE,SHIFT_C (22:00-06:00),0.83
IMO9300565,COSCO Handymax 0565,COSCO,Handymax,2572,213.2,10.3,B-09,2,2026-04-19T11:25:26.724158+00:00,2026-04-19T11:25:26.724158+00:00,2026-04-20T17:49:26.724158+00:00,14.4,25.5,0,27.7,30.4,160,PILOT_UNAVAILABLE,SHIFT_A (06:00-14:00),0.0
IMO9300566,Wan Hai Handymax 0566,Wan Hai,Handymax,3227,193.7,9.6,B-08,2,2026-09-06T18:15:43.424644+00:00,2026-09-06T19:16:55.424644+00:00,2026-09-07T19:46:55.424644+00:00,14.4,19.4,0,23.9,24.5,0,NONE,SHIFT_B (14:00-22:00),1.02
IMO9300567,KMTC Post-Panamax 0567,KMTC,Post-Panamax,10505,327.8,13.9,B-04,3,2025-08-26T23:55:51.570316+00:00,2025-08-27T01:40:15.570316+00:00,2025-08-29T15:10:15.570316+00:00,12.0,5.7,0,54.8,61.5,404,CRANE_OUTAGE,SHIFT_C (22:00-06:00),1.74
IMO9300568,X-Press Feeders Feeder 0568,X-Press Feeders,Feeder,1162,179.6,7.9,B-10,2,2024-10-10T08:12:15.180770+00:00,2024-10-10T09:38:03.180770+00:00,2024-10-11T05:32:03.180770+00:00,13.7,7.2,0,19.6,19.9,0,NONE,SHIFT_A (06:00-14:00),1.43
IMO9300569,PIL Post-Panamax 0569,PIL,Post-Panamax,8983,309.6,14.1,B-02,4,2026-04-02T15:13:07.539875+00:00,2026-04-02T15:55:43.539875+00:00,2026-04-04T19:37:43.539875+00:00,14.6,10.9,0,52.3,51.7,0,NONE,SHIFT_B (14:00-22:00),0.71
IMO9300570,X-Press Feeders Post-Panamax 0570,X-Press Feeders,Post-Panamax,10598,305.5,13.1,B-04,3,2026-05-18T12:35:11.162507+00:00,2026-05-18T12:53:11.162507+00:00,2026-05-20T03:59:11.162507+00:00,14.3,9.0,0,39.8,39.1,0,NONE,SHIFT_A (06:00-14:00),0.3
IMO9300571,CMA CGM Panamax 0571,CMA CGM,Panamax,3933,228.9,11.9,B-06,3,2026-05-03T03:29:32.669948+00:00,2026-05-03T03:29:32.669948+00:00,2026-05-04T08:41:32.669948+00:00,9.5,19.4,0,29.4,29.2,0,NONE,SHIFT_C (22:00-06:00),0.0
IMO9300572,MSC ULCV 0572,MSC,ULCV,20666,395.0,15.1,B-02,4,2026-06-22T14:33:49.504665+00:00,2026-06-22T16:42:13.504665+00:00,2026-06-25T09:54:13.504665+00:00,14.0,15.6,0,63.8,65.2,84,CRANE_OUTAGE,SHIFT_B (14:00-22:00),2.14
IMO9300573,KMTC Handymax 0573,KMTC,Handymax,2802,201.3,9.3,B-07,3,2026-01-20T08:41:05.694630+00:00,2026-01-20T14:07:29.694630+00:00,2026-01-21T19:37:29.694630+00:00,9.7,36.1,1,29.9,29.5,0,NONE,SHIFT_B (14:00-22:00),5.44
IMO9300574,COSCO Feeder 0574,COSCO,Feeder,849,131.7,8.1,B-10,2,2025-02-21T13:58:27.628274+00:00,2025-02-21T15:11:39.628274+00:00,2025-02-22T08:59:39.628274+00:00,15.2,28.4,1,17.1,17.8,0,NONE,SHIFT_B (14:00-22:00),1.22
IMO9300575,Wan Hai Neo-Panamax 0575,Wan Hai,Neo-Panamax,10597,353.5,14.0,B-03,4,2025-06-29T09:42:34.747299+00:00,2025-06-29T11:23:58.747299+00:00,2025-07-01T16:35:58.747299+00:00,12.0,16.9,0,53.6,53.2,0,NONE,SHIFT_A (06:00-14:00),1.69
IMO9300576,CMA CGM Neo-Panamax 0576,CMA CGM,Neo-Panamax,13620,360.3,13.6,B-01,4,2026-02-13T06:34:56.742040+00:00,2026-02-13T08:37:20.742040+00:00,2026-02-15T15:19:20.742040+00:00,17.0,17.9,0,55.2,54.7,0,NONE,SHIFT_A (06:00-14:00),2.04
IMO9300577,COSCO Handymax 0577,COSCO,Handymax,3227,204.7,9.5,B-06,3,2025-10-26T22:52:46.293503+00:00,2025-10-26T23:25:46.293503+00:00,2025-10-28T03:49:46.293503+00:00,14.9,17.7,0,27.2,28.4,73,CRANE_OUTAGE,SHIFT_C (22:00-06:00),0.55
IMO9300578,Wan Hai Panamax 0578,Wan Hai,Panamax,3050,261.1,10.2,B-04,3,2025-07-18T14:25:15.161947+00:00,2025-07-18T16:55:15.161947+00:00,2025-07-19T23:31:15.161947+00:00,15.3,23.7,0,31.0,30.6,0,NONE,SHIFT_B (14:00-22:00),2.5
IMO9300579,SITC Panamax 0579,SITC,Panamax,3180,233.0,10.3,B-04,3,2026-06-18T07:35:37.412170+00:00,2026-06-18T07:51:49.412170+00:00,2026-06-19T12:15:49.412170+00:00,13.4,18.4,0,29.1,28.4,0,NONE,SHIFT_A (06:00-14:00),0.27
IMO9300580,Wan Hai Panamax 0580,Wan Hai,Panamax,5120,240.4,11.9,B-05,3,2026-08-07T22:37:25.755461+00:00,2026-08-08T01:18:49.755461+00:00,2026-08-09T02:42:49.755461+00:00,16.3,15.4,0,26.0,25.4,0,NONE,SHIFT_C (22:00-06:00),2.69
IMO9300581,ONE Feeder 0581,ONE,Feeder,2167,177.1,7.9,B-09,2,2025-05-06T06:53:47.999084+00:00,2025-05-06T09:53:47.999084+00:00,2025-05-06T23:05:47.999084+00:00,14.2,11.9,0,13.4,13.2,0,NONE,SHIFT_A (06:00-14:00),3.0
IMO9300582,SITC Feeder 0582,SITC,Feeder,1815,182.6,9.3,B-08,2,2024-11-25T06:37:34.698144+00:00,2024-11-25T06:44:46.698144+00:00,2024-11-25T22:44:46.698144+00:00,13.8,18.1,0,16.1,16.0,0,NONE,SHIFT_A (06:00-14:00),0.12
IMO9300583,Wan Hai Post-Panamax 0583,Wan Hai,Post-Panamax,9779,340.4,13.3,B-02,4,2025-01-31T19:33:39.031498+00:00,2025-01-31T21:15:39.031498+00:00,2025-02-02T17:33:39.031498+00:00,14.5,12.4,0,44.2,44.3,0,NONE,SHIFT_B (14:00-22:00),1.7
IMO9300584,PIL Neo-Panamax 0584,PIL,Neo-Panamax,11620,341.1,13.6,B-02,4,2026-05-15T21:13:16.634922+00:00,2026-05-15T22:53:28.634922+00:00,2026-05-17T21:29:28.634922+00:00,14.2,25.6,0,47.3,46.6,0,NONE,SHIFT_C (22:00-06:00),1.67
IMO9300585,HMM Feeder 0585,HMM,Feeder,2187,184.6,7.1,B-08,2,2025-12-19T13:08:48.302132+00:00,2025-12-19T14:37:00.302132+00:00,2025-12-20T15:37:00.302132+00:00,13.7,28.5,1,17.9,25.0,428,WEATHER,SHIFT_B (14:00-22:00),1.47
IMO9300586,KMTC Feeder 0586,KMTC,Feeder,1095,182.7,7.2,B-08,2,2025-02-23T06:05:03.330068+00:00,2025-02-23T08:11:03.330068+00:00,2025-02-24T04:59:03.330068+00:00,13.2,8.9,0,20.0,20.8,0,NONE,SHIFT_A (06:00-14:00),2.1
IMO9300587,MSC Feeder 0587,MSC,Feeder,1896,175.8,8.5,B-09,2,2025-02-27T01:46:58.753460+00:00,2025-02-27T03:55:22.753460+00:00,2025-02-28T04:19:22.753460+00:00,15.0,22.2,0,21.6,24.4,170,PILOT_UNAVAILABLE,SHIFT_C (22:00-06:00),2.14
IMO9300588,CMA CGM Feeder 0588,CMA CGM,Feeder,2059,177.1,9.0,B-08,2,2026-05-20T17:08:33.153164+00:00,2026-05-20T17:08:33.153164+00:00,2026-05-21T09:02:33.153164+00:00,16.7,13.0,0,16.0,15.9,0,NONE,SHIFT_B (14:00-22:00),0.0
IMO9300589,PIL Feeder 0589,PIL,Feeder,1813,161.5,8.2,B-09,2,2026-03-09T02:46:05.653058+00:00,2026-03-09T02:46:05.653058+00:00,2026-03-09T23:22:05.653058+00:00,16.9,17.0,0,20.0,20.6,0,NONE,SHIFT_C (22:00-06:00),0.0
IMO9300590,ZIM Handymax 0590,ZIM,Handymax,2321,197.0,9.4,B-08,2,2026-03-19T01:10:26.349675+00:00,2026-03-19T03:26:38.349675+00:00,2026-03-20T00:32:38.349675+00:00,14.5,6.0,0,21.7,21.1,0,NONE,SHIFT_C (22:00-06:00),2.27
IMO9300591,Wan Hai Feeder 0591,Wan Hai,Feeder,1637,155.6,8.2,B-09,2,2025-02-16T08:12:06.579302+00:00,2025-02-16T09:18:42.579302+00:00,2025-02-17T03:12:42.579302+00:00,16.1,8.6,0,18.8,17.9,0,NONE,SHIFT_A (06:00-14:00),1.11
IMO9300592,CMA CGM Neo-Panamax 0592,CMA CGM,Neo-Panamax,10806,360.4,15.4,B-01,4,2026-07-28T20:20:09.510043+00:00,2026-07-29T00:03:57.510043+00:00,2026-07-31T08:57:57.510043+00:00,15.0,4.1,1,56.4,56.9,0,NONE,SHIFT_C (22:00-06:00),3.73
IMO9300593,HMM Post-Panamax 0593,HMM,Post-Panamax,7629,309.5,13.7,B-05,3,2024-11-30T17:21:48.254261+00:00,2024-11-30T19:35:36.254261+00:00,2024-12-02T18:59:36.254261+00:00,14.6,23.1,0,47.4,47.4,0,NONE,SHIFT_B (14:00-22:00),2.23
IMO9300594,OOCL Post-Panamax 0594,OOCL,Post-Panamax,7722,332.7,14.5,B-04,3,2026-04-07T10:33:34.282664+00:00,2026-04-07T10:51:34.282664+00:00,2026-04-09T12:33:34.282664+00:00,14.8,20.2,0,49.7,49.7,0,NONE,SHIFT_A (06:00-14:00),0.3
IMO9300595,SITC Panamax 0595,SITC,Panamax,3769,243.8,10.2,B-07,3,2025-03-13T01:45:42.071148+00:00,2025-03-13T02:43:18.071148+00:00,2025-03-14T06:43:18.071148+00:00,13.3,14.2,0,28.8,28.0,0,NONE,SHIFT_C (22:00-06:00),0.96
IMO9300596,Maersk ULCV 0596,Maersk,ULCV,19810,383.0,15.8,B-02,4,2026-04-08T22:36:45.210583+00:00,2026-04-08T23:28:57.210583+00:00,2026-04-11T06:04:57.210583+00:00,14.7,13.8,0,54.5,54.6,0,NONE,SHIFT_C (22:00-06:00),0.87
IMO9300597,MSC Panamax 0597,MSC,Panamax,4352,284.6,10.3,B-07,3,2024-10-12T22:46:22.242395+00:00,2024-10-13T01:38:34.242395+00:00,2024-10-14T10:02:34.242395+00:00,16.2,15.9,0,32.6,32.4,0,NONE,SHIFT_C (22:00-06:00),2.87
IMO9300598,CMA CGM Neo-Panamax 0598,CMA CGM,Neo-Panamax,11455,344.5,14.8,B-01,4,2025-01-31T12:49:03.363831+00:00,2025-01-31T15:13:03.363831+00:00,2025-02-03T05:37:03.363831+00:00,15.7,17.4,1,63.0,62.4,0,NONE,SHIFT_B (14:00-22:00),2.4
IMO9300599,CMA CGM Handymax 0599,CMA CGM,Handymax,2022,198.2,9.4,B-07,3,2026-01-26T01:41:05.362874+00:00,2026-01-26T06:39:53.362874+00:00,2026-01-27T09:03:53.362874+00:00,11.2,35.9,1,23.9,26.4,150,YARD_CONGESTION,SHIFT_A (06:00-14:00),4.98
IMO9300600,ONE Feeder 0600,ONE,Feeder,2161,148.6,9.0,B-09,2,2026-05-26T22:33:01.122775+00:00,2026-05-26T22:51:37.122775+00:00,2026-05-27T23:39:37.122775+00:00,14.1,16.8,0,19.9,24.8,294,CRANE_OUTAGE,SHIFT_C (22:00-06:00),0.31
IMO9300601,Maersk Handymax 0601,Maersk,Handymax,2817,219.6,9.6,B-07,3,2025-09-04T19:53:41.313501+00:00,2025-09-04T23:03:17.313501+00:00,2025-09-05T19:39:17.313501+00:00,12.5,14.4,0,20.0,20.6,0,NONE,SHIFT_C (22:00-06:00),3.16
IMO9300602,ZIM Panamax 0602,ZIM,Panamax,3717,247.4,11.6,B-07,3,2026-03-22T22:19:29.656269+00:00,2026-03-22T23:19:29.656269+00:00,2026-03-24T05:43:29.656269+00:00,14.3,26.3,0,28.1,30.4,138,YARD_CONGESTION,SHIFT_C (22:00-06:00),1.0
IMO9300603,COSCO Post-Panamax 0603,COSCO,Post-Panamax,8463,319.7,14.4,B-02,4,2026-03-05T04:48:58.257391+00:00,2026-03-05T06:03:22.257391+00:00,2026-03-07T02:09:22.257391+00:00,13.4,27.2,0,44.2,44.1,0,NONE,SHIFT_A (06:00-14:00),1.24
IMO9300604,COSCO ULCV 0604,COSCO,ULCV,15723,399.8,14.7,B-03,4,2025-03-15T15:47:17.145068+00:00,2025-03-15T15:47:17.145068+00:00,2025-03-18T14:17:17.145068+00:00,14.5,11.8,0,71.4,70.5,0,NONE,SHIFT_B (14:00-22:00),0.0
IMO9300605,SITC Post-Panamax 0605,SITC,Post-Panamax,8092,319.1,14.0,B-04,3,2026-08-22T00:05:31.593505+00:00,2026-08-22T01:13:55.593505+00:00,2026-08-23T20:25:55.593505+00:00,17.3,7.5,0,44.1,43.2,0,NONE,SHIFT_C (22:00-06:00),1.14
IMO9300606,SITC Post-Panamax 0606,SITC,Post-Panamax,7821,307.0,14.1,B-02,4,2025-01-22T21:14:18.903928+00:00,2025-01-22T21:33:30.903928+00:00,2025-01-25T00:33:30.903928+00:00,14.9,17.4,0,48.6,51.0,146,CRANE_OUTAGE,SHIFT_B (14:00-22:00),0.32
IMO9300607,Maersk Feeder 0607,Maersk,Feeder,1533,170.6,7.4,B-08,2,2026-04-15T06:53:07.283319+00:00,2026-04-15T09:44:43.283319+00:00,2026-04-16T09:50:43.283319+00:00,15.1,9.5,0,17.1,24.1,418,WEATHER,SHIFT_A (06:00-14:00),2.86
IMO9300608,COSCO Post-Panamax 0608,COSCO,Post-Panamax,6929,319.5,13.1,B-05,3,2026-09-14T19:49:01.420349+00:00,2026-09-14T19:49:01.420349+00:00,2026-09-16T07:25:01.420349+00:00,14.9,21.5,0,36.2,35.6,0,NONE,SHIFT_B (14:00-22:00),0.0
IMO9300609,KMTC Feeder 0609,KMTC,Feeder,2480,131.7,7.0,B-08,2,2025-05-16T22:50:37.841282+00:00,2025-05-17T02:34:25.841282+00:00,2025-05-18T00:10:25.841282+00:00,16.3,6.4,0,20.2,21.6,82,CRANE_OUTAGE,SHIFT_C (22:00-06:00),3.73
IMO9300610,COSCO Panamax 0610,COSCO,Panamax,3776,277.1,10.6,B-05,3,2024-11-14T22:25:11.796888+00:00,2024-11-14T22:37:11.796888+00:00,2024-11-16T07:19:11.796888+00:00,13.3,13.2,0,33.1,32.7,0,NONE,SHIFT_C (22:00-06:00),0.2
IMO9300611,Wan Hai Feeder 0611,Wan Hai,Feeder,1250,130.7,7.5,B-08,2,2025-06-01T18:42:08.122342+00:00,2025-06-01T19:58:56.122342+00:00,2025-06-02T21:22:56.122342+00:00,17.0,4.4,0,20.2,25.4,315,CRANE_OUTAGE,SHIFT_B (14:00-22:00),1.28
IMO9300612,COSCO ULCV 0612,COSCO,ULCV,23325,390.2,16.1,B-01,4,2026-03-20T21:52:56.525618+00:00,2026-03-20T22:57:44.525618+00:00,2026-03-23T12:21:44.525618+00:00,13.3,6.3,0,59.5,61.4,113,YARD_CONGESTION,SHIFT_C (22:00-06:00),1.08
IMO9300613,Wan Hai Handymax 0613,Wan Hai,Handymax,2138,219.1,10.2,B-08,2,2026-09-05T11:37:31.747384+00:00,2026-09-05T14:11:43.747384+00:00,2026-09-06T15:05:43.747384+00:00,13.5,15.5,0,23.8,24.9,66,CRANE_OUTAGE,SHIFT_B (14:00-22:00),2.57
IMO9300614,COSCO Feeder 0614,COSCO,Feeder,2350,148.5,8.8,B-08,2,2025-06-29T06:15:42.122388+00:00,2025-06-29T06:35:30.122388+00:00,2025-06-30T01:47:30.122388+00:00,13.4,5.1,0,19.8,19.2,0,NONE,SHIFT_A (06:00-14:00),0.33
IMO9300615,SITC Feeder 0615,SITC,Feeder,1369,174.4,7.8,B-09,2,2025-06-12T02:39:51.702441+00:00,2025-06-12T05:36:15.702441+00:00,2025-06-13T03:48:15.702441+00:00,8.7,33.0,1,22.8,22.2,0,NONE,SHIFT_C (22:00-06:00),2.94
IMO9300616,Yang Ming Panamax 0616,Yang Ming,Panamax,3911,276.1,11.4,B-07,3,2025-09-07T23:36:27.686204+00:00,2025-09-08T01:43:39.686204+00:00,2025-09-09T09:31:39.686204+00:00,14.0,8.7,0,31.1,31.8,0,NONE,SHIFT_C (22:00-06:00),2.12
IMO9300617,Hapag-Lloyd Feeder 0617,Hapag-Lloyd,Feeder,1155,186.3,7.3,B-10,2,2025-08-19T06:53:35.538217+00:00,2025-08-19T08:00:11.538217+00:00,2025-08-19T23:36:11.538217+00:00,13.3,15.4,0,16.2,15.6,0,NONE,SHIFT_A (06:00-14:00),1.11
IMO9300618,Yang Ming Panamax 0618,Yang Ming,Panamax,3824,241.2,11.2,B-06,3,2025-01-05T16:01:15.372649+00:00,2025-01-05T18:25:15.372649+00:00,2025-01-07T01:13:15.372649+00:00,16.1,14.9,0,31.0,30.8,0,NONE,SHIFT_B (14:00-22:00),2.4
IMO9300619,KMTC Panamax 0619,KMTC,Panamax,4974,273.2,11.6,B-04,3,2025-03-18T23:23:23.289404+00:00,2025-03-19T00:25:11.289404+00:00,2025-03-20T06:25:11.289404+00:00,14.8,26.6,0,30.7,30.0,0,NONE,SHIFT_C (22:00-06:00),1.03
IMO9300620,ZIM Handymax 0620,ZIM,Handymax,3241,198.1,9.4,B-09,2,2026-07-28T10:07:51.828918+00:00,2026-07-28T13:49:51.828918+00:00,2026-07-29T13:07:51.828918+00:00,13.5,7.5,0,24.3,23.3,0,NONE,SHIFT_A (06:00-14:00),3.7
IMO9300621,PIL Panamax 0621,PIL,Panamax,4616,254.4,11.9,B-06,3,2025-12-15T20:49:36.120269+00:00,2025-12-15T21:24:24.120269+00:00,2025-12-17T14:18:24.120269+00:00,19.5,5.5,0,40.2,40.9,0,NONE,SHIFT_B (14:00-22:00),0.58
IMO9300622,KMTC Feeder 0622,KMTC,Feeder,2339,187.4,8.9,B-10,2,2026-01-10T09:07:41.350235+00:00,2026-01-10T09:07:41.350235+00:00,2026-01-11T01:43:41.350235+00:00,13.4,19.8,0,16.9,16.6,0,NONE,SHIFT_A (06:00-14:00),0.0
IMO9300623,Yang Ming Panamax 0623,Yang Ming,Panamax,4480,237.0,10.1,B-04,3,2025-05-04T08:26:54.281285+00:00,2025-05-04T09:34:42.281285+00:00,2025-05-05T17:10:42.281285+00:00,13.4,14.4,0,30.9,31.6,0,NONE,SHIFT_A (06:00-14:00),1.13
IMO9300624,Maersk Neo-Panamax 0624,Maersk,Neo-Panamax,13148,343.0,13.7,B-02,4,2025-04-28T03:58:19.610751+00:00,2025-04-28T05:52:19.610751+00:00,2025-04-30T15:40:19.610751+00:00,13.8,32.4,1,57.6,57.8,0,NONE,SHIFT_C (22:00-06:00),1.9
IMO9300625,X-Press Feeders Panamax 0625,X-Press Feeders,Panamax,3364,261.0,11.5,B-04,3,2025-06-17T10:49:27.841945+00:00,2025-06-17T12:03:51.841945+00:00,2025-06-18T19:33:51.841945+00:00,12.9,7.7,0,31.9,31.5,0,NONE,SHIFT_A (06:00-14:00),1.24
IMO9300626,OOCL ULCV 0626,OOCL,ULCV,20845,366.1,14.6,B-03,4,2025-11-22T06:21:06.063623+00:00,2025-11-22T06:21:06.063623+00:00,2025-11-25T01:51:06.063623+00:00,15.0,11.0,0,67.6,67.5,0,NONE,SHIFT_A (06:00-14:00),0.0
IMO9300627,COSCO Panamax 0627,COSCO,Panamax,3760,251.5,11.6,B-05,3,2026-08-06T17:52:57.492369+00:00,2026-08-06T21:01:21.492369+00:00,2026-08-08T08:01:21.492369+00:00,17.3,10.4,0,34.9,35.0,0,NONE,SHIFT_B (14:00-22:00),3.14
IMO9300628,Evergreen Neo-Panamax 0628,Evergreen,Neo-Panamax,11021,342.1,13.7,B-02,4,2026-08-02T22:42:04.195550+00:00,2026-08-02T23:35:28.195550+00:00,2026-08-05T10:41:28.195550+00:00,14.7,3.7,0,58.0,59.1,64,CRANE_OUTAGE,SHIFT_C (22:00-06:00),0.89
IMO9300629,Maersk Feeder 0629,Maersk,Feeder,885,169.9,9.0,B-08,2,2026-04-19T07:39:23.474706+00:00,2026-04-19T09:11:11.474706+00:00,2026-04-20T05:47:11.474706+00:00,12.8,15.6,0,20.2,20.6,0,NONE,SHIFT_A (06:00-14:00),1.53
IMO9300630,Wan Hai Panamax 0630,Wan Hai,Panamax,4291,246.0,11.8,B-05,3,2024-11-10T03:21:05.541260+00:00,2024-11-10T04:42:05.541260+00:00,2024-11-11T13:06:05.541260+00:00,14.1,18.7,0,32.8,32.4,0,NONE,SHIFT_C (22:00-06:00),1.35
IMO9300631,SITC Feeder 0631,SITC,Feeder,1084,182.2,8.0,B-08,2,2025-07-12T02:37:02.192391+00:00,2025-07-12T04:14:14.192391+00:00,2025-07-12T23:50:14.192391+00:00,13.4,19.6,0,19.4,19.6,0,NONE,SHIFT_C (22:00-06:00),1.62
IMO9300632,KMTC Panamax 0632,KMTC,Panamax,4319,266.2,10.0,B-04,3,2025-06-19T04:19:06.619766+00:00,2025-06-19T04:50:18.619766+00:00,2025-06-20T14:44:18.619766+00:00,17.4,25.0,0,30.9,33.9,179,CRANE_OUTAGE,SHIFT_C (22:00-06:00),0.52
IMO9300633,X-Press Feeders Panamax 0633,X-Press Feeders,Panamax,4426,271.7,11.6,B-07,3,2024-11-11T12:16:09.917316+00:00,2024-11-11T14:19:09.917316+00:00,2024-11-12T21:55:09.917316+00:00,13.8,18.6,0,31.5,31.6,0,NONE,SHIFT_B (14:00-22:00),2.05
IMO9300634,MSC Post-Panamax 0634,MSC,Post-Panamax,8968,306.4,14.1,B-05,3,2024-10-07T21:04:36.251906+00:00,2024-10-07T22:45:24.251906+00:00,2024-10-09T14:27:24.251906+00:00,18.1,14.6,0,39.7,39.7,0,NONE,SHIFT_C (22:00-06:00),1.68
IMO9300635,Evergreen Feeder 0635,Evergreen,Feeder,983,175.2,8.6,B-08,2,2025-11-09T06:38:44.103480+00:00,2025-11-09T08:05:44.103480+00:00,2025-11-10T05:11:44.103480+00:00,13.5,28.0,0,21.6,21.1,0,NONE,SHIFT_A (06:00-14:00),1.45
IMO9300636,COSCO Panamax 0636,COSCO,Panamax,5015,266.6,11.8,B-04,3,2025-02-22T18:59:31.889098+00:00,2025-02-22T19:37:19.889098+00:00,2025-02-24T09:25:19.889098+00:00,14.9,11.9,0,36.5,37.8,78,YARD_CONGESTION,SHIFT_B (14:00-22:00),0.63
IMO9300637,X-Press Feeders Panamax 0637,X-Press Feeders,Panamax,4563,283.7,11.5,B-07,3,2025-02-13T12:06:49.738046+00:00,2025-02-13T13:17:01.738046+00:00,2025-02-15T03:53:01.738046+00:00,15.4,6.1,0,36.9,38.6,104,YARD_CONGESTION,SHIFT_A (06:00-14:00),1.17
IMO9300638,Hapag-Lloyd Panamax 0638,Hapag-Lloyd,Panamax,3006,279.7,11.9,B-06,3,2026-08-04T15:45:21.055614+00:00,2026-08-04T17:26:45.055614+00:00,2026-08-05T17:08:45.055614+00:00,17.4,16.0,0,24.0,23.7,0,NONE,SHIFT_B (14:00-22:00),1.69
IMO9300639,Hapag-Lloyd Post-Panamax 0639,Hapag-Lloyd,Post-Panamax,8319,326.0,13.7,B-01,4,2025-12-07T18:07:50.484477+00:00,2025-12-07T18:09:38.484477+00:00,2025-12-10T00:27:38.484477+00:00,14.0,7.7,0,54.5,54.3,0,NONE,SHIFT_B (14:00-22:00),0.03
IMO9300640,Hapag-Lloyd Panamax 0640,Hapag-Lloyd,Panamax,3140,272.3,11.7,B-06,3,2026-02-07T22:26:51.995287+00:00,2026-02-08T01:01:39.995287+00:00,2026-02-09T23:01:39.995287+00:00,15.1,36.2,1,40.3,46.0,343,WEATHER,SHIFT_C (22:00-06:00),2.58
IMO9300641,X-Press Feeders Handymax 0641,X-Press Feeders,Handymax,2312,182.4,10.5,B-07,3,2025-01-15T23:54:47.001116+00:00,2025-01-16T01:36:11.001116+00:00,2025-01-17T13:30:11.001116+00:00,14.0,20.5,0,28.2,35.9,462,WEATHER,SHIFT_C (22:00-06:00),1.69
IMO9300642,Evergreen Handymax 0642,Evergreen,Handymax,2691,219.6,9.9,B-09,2,2025-05-18T10:25:49.516662+00:00,2025-05-18T12:46:49.516662+00:00,2025-05-19T12:40:49.516662+00:00,11.3,36.2,1,21.3,23.9,159,CRANE_OUTAGE,SHIFT_A (06:00-14:00),2.35
IMO9300643,X-Press Feeders Post-Panamax 0643,X-Press Feeders,Post-Panamax,6943,304.9,13.1,B-03,4,2025-10-23T23:42:49.398821+00:00,2025-10-24T01:03:49.398821+00:00,2025-10-25T23:15:49.398821+00:00,15.3,19.5,0,45.9,46.2,0,NONE,SHIFT_C (22:00-06:00),1.35
IMO9300644,Maersk Post-Panamax 0644,Maersk,Post-Panamax,7335,318.1,14.2,B-02,4,2025-12-21T06:01:10.226451+00:00,2025-12-21T09:44:58.226451+00:00,2025-12-23T06:26:58.226451+00:00,11.9,34.0,1,44.0,44.7,0,NONE,SHIFT_A (06:00-14:00),3.73
IMO9300645,Wan Hai Feeder 0645,Wan Hai,Feeder,2084,165.6,9.4,B-10,2,2025-12-01T12:12:59.811841+00:00,2025-12-01T14:33:59.811841+00:00,2025-12-02T11:09:59.811841+00:00,14.8,15.0,0,16.4,20.6,252,CRANE_OUTAGE,SHIFT_B (14:00-22:00),2.35
IMO9300646,CMA CGM Post-Panamax 0646,CMA CGM,Post-Panamax,9630,338.9,14.2,B-03,4,2025-06-20T05:14:59.301766+00:00,2025-06-20T05:14:59.301766+00:00,2025-06-22T04:08:59.301766+00:00,15.4,14.2,0,46.7,46.9,0,NONE,SHIFT_C (22:00-06:00),0.0
IMO9300647,Yang Ming Neo-Panamax 0647,Yang Ming,Neo-Panamax,14690,340.6,14.6,B-02,4,2026-03-05T05:42:17.880745+00:00,2026-03-05T07:23:05.880745+00:00,2026-03-07T07:11:05.880745+00:00,11.3,8.7,0,48.6,47.8,0,NONE,SHIFT_A (06:00-14:00),1.68
IMO9300648,Evergreen Feeder 0648,Evergreen,Feeder,1606,154.3,8.8,B-10,2,2025-02-07T00:26:11.609486+00:00,2025-02-07T01:01:35.609486+00:00,2025-02-08T01:25:35.609486+00:00,13.9,21.8,0,18.3,24.4,365,WEATHER,SHIFT_C (22:00-06:00),0.59
IMO9300649,COSCO Post-Panamax 0649,COSCO,Post-Panamax,7461,337.7,12.9,B-02,4,2025-01-05T23:18:34.152450+00:00,2025-01-06T01:21:34.152450+00:00,2025-01-07T23:33:34.152450+00:00,14.3,14.2,0,46.0,46.2,0,NONE,SHIFT_C (22:00-06:00),2.05
IMO9300650,HMM Feeder 0650,HMM,Feeder,1055,181.1,7.1,B-10,2,2026-02-15T08:32:28.938490+00:00,2026-02-15T11:46:52.938490+00:00,2026-02-16T12:22:52.938490+00:00,13.2,31.4,1,23.9,24.6,0,NONE,SHIFT_A (06:00-14:00),3.24
IMO9300651,ZIM Neo-Panamax 0651,ZIM,Neo-Panamax,14727,357.1,14.4,B-02,4,2025-05-06T01:22:20.381908+00:00,2025-05-06T01:22:20.381908+00:00,2025-05-08T02:22:20.381908+00:00,13.8,12.3,0,48.5,49.0,0,NONE,SHIFT_C (22:00-06:00),0.0
IMO9300652,ONE Feeder 0652,ONE,Feeder,1240,138.5,9.1,B-08,2,2025-07-11T22:33:20.373946+00:00,2025-07-11T23:48:56.373946+00:00,2025-07-12T18:18:56.373946+00:00,13.9,9.5,0,19.4,18.5,0,NONE,SHIFT_C (22:00-06:00),1.26
IMO9300653,X-Press Feeders Handymax 0653,X-Press Feeders,Handymax,2934,206.0,8.9,B-06,3,2024-11-07T10:36:22.550441+00:00,2024-11-07T10:45:22.550441+00:00,2024-11-08T11:57:22.550441+00:00,10.7,7.7,0,25.1,25.2,0,NONE,SHIFT_A (06:00-14:00),0.15
IMO9300654,PIL Panamax 0654,PIL,Panamax,5094,259.5,11.3,B-05,3,2025-11-20T05:14:20.132946+00:00,2025-11-20T08:49:44.132946+00:00,2025-11-21T16:43:44.132946+00:00,16.4,8.0,0,31.8,31.9,0,NONE,SHIFT_A (06:00-14:00),3.59
IMO9300655,COSCO Feeder 0655,COSCO,Feeder,1633,161.9,8.7,B-08,2,2026-01-24T05:02:22.049702+00:00,2026-01-24T09:55:46.049702+00:00,2026-01-25T06:01:46.049702+00:00,16.6,21.7,0,20.9,20.1,0,NONE,SHIFT_A (06:00-14:00),4.89
IMO9300656,Yang Ming ULCV 0656,Yang Ming,ULCV,16023,378.9,14.7,B-01,4,2025-09-04T09:12:10.822847+00:00,2025-09-04T12:48:10.822847+00:00,2025-09-07T02:12:10.822847+00:00,14.8,25.1,0,61.4,61.4,0,NONE,SHIFT_A (06:00-14:00),3.6
IMO9300657,HMM Handymax 0657,HMM,Handymax,2349,204.3,10.7,B-08,2,2024-11-06T04:02:41.915195+00:00,2024-11-06T04:39:17.915195+00:00,2024-11-07T08:27:17.915195+00:00,15.6,20.6,0,27.3,27.8,0,NONE,SHIFT_C (22:00-06:00),0.61
IMO9300658,Hapag-Lloyd Panamax 0658,Hapag-Lloyd,Panamax,3636,238.1,11.4,B-05,3,2026-06-07T12:45:24.889349+00:00,2026-06-07T13:29:48.889349+00:00,2026-06-09T04:59:48.889349+00:00,14.1,16.6,0,39.8,39.5,0,NONE,SHIFT_A (06:00-14:00),0.74
IMO9300659,KMTC Post-Panamax 0659,KMTC,Post-Panamax,9399,335.3,12.9,B-04,3,2025-09-21T19:53:25.153152+00:00,2025-09-21T21:07:13.153152+00:00,2025-09-24T02:13:13.153152+00:00,16.4,28.9,1,52.6,53.1,0,NONE,SHIFT_B (14:00-22:00),1.23
IMO9300660,KMTC ULCV 0660,KMTC,ULCV,15302,392.2,16.2,B-01,4,2025-04-10T23:33:21.640920+00:00,2025-04-10T23:42:57.640920+00:00,2025-04-13T23:18:57.640920+00:00,14.8,29.2,1,65.9,71.6,343,CRANE_OUTAGE,SHIFT_C (22:00-06:00),0.16
IMO9300661,Maersk Neo-Panamax 0661,Maersk,Neo-Panamax,14167,365.0,14.3,B-03,4,2026-06-12T00:32:22.676049+00:00,2026-06-12T00:32:22.676049+00:00,2026-06-14T01:08:22.676049+00:00,14.5,19.0,0,49.3,48.6,0,NONE,SHIFT_C (22:00-06:00),0.0
IMO9300662,Maersk Neo-Panamax 0662,Maersk,Neo-Panamax,12826,358.6,14.9,B-01,4,2024-10-02T20:09:37.325818+00:00,2024-10-02T21:18:01.325818+00:00,2024-10-05T02:30:01.325818+00:00,18.8,18.7,0,51.9,53.2,81,CRANE_OUTAGE,SHIFT_B (14:00-22:00),1.14
IMO9300663,Evergreen Panamax 0663,Evergreen,Panamax,5144,267.2,11.8,B-05,3,2026-05-15T09:41:36.294007+00:00,2026-05-15T10:51:48.294007+00:00,2026-05-16T23:27:48.294007+00:00,15.2,12.3,0,35.9,36.6,0,NONE,SHIFT_A (06:00-14:00),1.17
IMO9300664,Yang Ming Handymax 0664,Yang Ming,Handymax,2241,213.3,10.6,B-08,2,2026-02-14T22:10:45.666416+00:00,2026-02-15T00:24:33.666416+00:00,2026-02-16T04:12:33.666416+00:00,15.2,11.1,0,28.4,27.8,0,NONE,SHIFT_C (22:00-06:00),2.23
IMO9300665,MSC Handymax 0665,MSC,Handymax,2999,217.4,10.7,B-06,3,2026-01-05T05:23:47.179964+00:00,2026-01-05T06:41:47.179964+00:00,2026-01-06T12:05:47.179964+00:00,13.4,12.4,0,29.8,29.4,0,NONE,SHIFT_A (06:00-14:00),1.3
IMO9300666,OOCL Feeder 0666,OOCL,Feeder,1114,141.9,8.3,B-09,2,2026-06-21T01:52:12.287007+00:00,2026-06-21T03:14:24.287007+00:00,2026-06-22T00:08:24.287007+00:00,16.0,15.0,0,21.2,20.9,0,NONE,SHIFT_C (22:00-06:00),1.37
IMO9300667,KMTC Handymax 0667,KMTC,Handymax,2551,215.7,9.8,B-06,3,2024-10-06T07:57:24.419165+00:00,2024-10-06T08:45:24.419165+00:00,2024-10-07T11:09:24.419165+00:00,12.9,7.6,0,24.0,26.4,146,YARD_CONGESTION,SHIFT_A (06:00-14:00),0.8
IMO9300668,ZIM Feeder 0668,ZIM,Feeder,2323,132.4,8.0,B-09,2,2024-12-08T21:57:17.085563+00:00,2024-12-08T23:51:17.085563+00:00,2024-12-10T00:03:17.085563+00:00,15.1,8.1,0,20.9,24.2,196,CRANE_OUTAGE,SHIFT_C (22:00-06:00),1.9
IMO9300669,OOCL Feeder 0669,OOCL,Feeder,2262,163.0,9.0,B-08,2,2026-01-27T10:13:26.962149+00:00,2026-01-27T11:42:50.962149+00:00,2026-01-28T09:12:50.962149+00:00,10.8,15.3,0,22.3,21.5,0,NONE,SHIFT_A (06:00-14:00),1.49
IMO9300670,Maersk Feeder 0670,Maersk,Feeder,827,137.6,7.9,B-10,2,2026-04-01T00:25:03.772886+00:00,2026-04-01T00:41:15.772886+00:00,2026-04-02T05:05:15.772886+00:00,11.8,19.1,0,23.7,28.4,282,CRANE_OUTAGE,SHIFT_C (22:00-06:00),0.27
IMO9300671,ZIM Panamax 0671,ZIM,Panamax,4014,254.0,11.5,B-05,3,2025-04-11T11:43:14.120745+00:00,2025-04-11T14:12:38.120745+00:00,2025-04-13T02:18:38.120745+00:00,15.8,6.9,0,31.5,36.1,279,CRANE_OUTAGE,SHIFT_B (14:00-22:00),2.49
IMO9300672,COSCO Feeder 0672,COSCO,Feeder,1171,172.1,8.3,B-08,2,2024-10-04T01:00:09.807803+00:00,2024-10-04T05:25:21.807803+00:00,2024-10-04T21:49:21.807803+00:00,13.6,17.1,0,17.3,16.4,0,NONE,SHIFT_C (22:00-06:00),4.42
IMO9300673,Hapag-Lloyd ULCV 0673,Hapag-Lloyd,ULCV,15489,380.5,15.7,B-01,4,2025-12-18T12:27:19.399681+00:00,2025-12-18T14:31:31.399681+00:00,2025-12-21T11:49:31.399681+00:00,11.5,33.5,1,70.1,69.3,0,NONE,SHIFT_B (14:00-22:00),2.07
IMO9300674,PIL Handymax 0674,PIL,Handymax,2097,208.5,9.1,B-07,3,2026-08-19T18:18:41.234020+00:00,2026-08-19T20:42:41.234020+00:00,2026-08-20T19:24:41.234020+00:00,14.5,4.8,0,22.1,22.7,0,NONE,SHIFT_B (14:00-22:00),2.4
IMO9300675,Evergreen Feeder 0675,Evergreen,Feeder,1484,145.1,8.2,B-09,2,2026-06-29T22:30:31.817390+00:00,2026-06-29T23:13:07.817390+00:00,2026-07-01T03:01:07.817390+00:00,12.1,21.5,0,20.0,27.8,470,WEATHER,SHIFT_C (22:00-06:00),0.71
IMO9300676,PIL Post-Panamax 0676,PIL,Post-Panamax,9646,311.9,13.1,B-01,4,2024-12-18T20:19:20.636865+00:00,2024-12-18T23:04:56.636865+00:00,2024-12-20T19:52:56.636865+00:00,14.5,7.4,0,44.2,44.8,0,NONE,SHIFT_C (22:00-06:00),2.76
IMO9300677,ONE Post-Panamax 0677,ONE,Post-Panamax,7308,309.6,13.4,B-01,4,2024-11-09T13:04:17.973066+00:00,2024-11-09T13:48:41.973066+00:00,2024-11-11T11:54:41.973066+00:00,13.5,14.7,0,46.9,46.1,0,NONE,SHIFT_A (06:00-14:00),0.74
IMO9300678,HMM Panamax 0678,HMM,Panamax,4422,282.4,11.5,B-06,3,2025-10-30T11:59:38.247468+00:00,2025-10-30T12:03:14.247468+00:00,2025-10-31T20:03:14.247468+00:00,15.1,20.0,0,31.3,32.0,0,NONE,SHIFT_A (06:00-14:00),0.06
IMO9300679,Maersk Panamax 0679,Maersk,Panamax,3528,231.7,10.5,B-06,3,2026-08-16T11:38:12.390343+00:00,2026-08-16T11:38:12.390343+00:00,2026-08-18T00:50:12.390343+00:00,13.2,19.4,0,31.8,37.2,322,CRANE_OUTAGE,SHIFT_A (06:00-14:00),0.0
IMO9300680,Evergreen ULCV 0680,Evergreen,ULCV,23215,380.9,15.5,B-02,4,2025-12-03T18:31:30.369573+00:00,2025-12-03T18:54:54.369573+00:00,2025-12-06T20:00:54.369573+00:00,15.2,10.7,1,67.7,73.1,322,CRANE_OUTAGE,SHIFT_B (14:00-22:00),0.39
IMO9300681,HMM Panamax 0681,HMM,Panamax,4099,241.2,10.4,B-04,3,2026-05-18T01:40:22.977390+00:00,2026-05-18T03:45:46.977390+00:00,2026-05-19T19:03:46.977390+00:00,14.9,4.2,0,36.3,39.3,183,YARD_CONGESTION,SHIFT_C (22:00-06:00),2.09
IMO9300682,MSC Neo-Panamax 0682,MSC,Neo-Panamax,11720,356.7,14.0,B-03,4,2026-06-26T14:06:18.538205+00:00,2026-06-26T19:14:42.538205+00:00,2026-06-28T13:32:42.538205+00:00,11.3,18.4,0,41.6,42.3,0,NONE,SHIFT_B (14:00-22:00),5.14
IMO9300683,HMM Neo-Panamax 0683,HMM,Neo-Panamax,12415,358.8,14.3,B-02,4,2024-10-09T06:53:35.080758+00:00,2024-10-09T08:07:59.080758+00:00,2024-10-11T10:37:59.080758+00:00,14.3,12.4,0,51.5,50.5,0,NONE,SHIFT_A (06:00-14:00),1.24
IMO9300684,COSCO Post-Panamax 0684,COSCO,Post-Panamax,8608,336.1,13.9,B-05,3,2025-08-17T19:49:37.277525+00:00,2025-08-17T20:43:01.277525+00:00,2025-08-19T23:13:01.277525+00:00,14.8,22.9,0,50.0,50.5,0,NONE,SHIFT_B (14:00-22:00),0.89
IMO9300685,Hapag-Lloyd Post-Panamax 0685,Hapag-Lloyd,Post-Panamax,10054,322.3,14.0,B-03,4,2026-06-03T10:57:00.538671+00:00,2026-06-03T10:57:00.538671+00:00,2026-06-05T11:15:00.538671+00:00,14.8,14.4,0,47.6,48.3,0,NONE,SHIFT_A (06:00-14:00),0.0
IMO9300686,ZIM Feeder 0686,ZIM,Feeder,1163,131.3,7.4,B-09,2,2025-05-11T14:56:04.535723+00:00,2025-05-11T16:11:04.535723+00:00,2025-05-12T12:47:04.535723+00:00,15.7,8.8,0,20.4,20.6,0,NONE,SHIFT_B (14:00-22:00),1.25
IMO9300687,Hapag-Lloyd Panamax 0687,Hapag-Lloyd,Panamax,3408,270.9,11.6,B-07,3,2025-12-15T21:38:10.101214+00:00,2025-12-15T22:41:46.101214+00:00,2025-12-17T12:11:46.101214+00:00,14.7,23.4,0,33.7,37.5,227,WEATHER,SHIFT_C (22:00-06:00),1.06
IMO9300688,Maersk Feeder 0688,Maersk,Feeder,2421,177.5,7.0,B-08,2,2025-08-23T22:44:12.719517+00:00,2025-08-23T23:45:24.719517+00:00,2025-08-24T17:51:24.719517+00:00,15.0,22.9,0,17.7,18.1,0,NONE,SHIFT_C (22:00-06:00),1.02
IMO9300689,Evergreen Neo-Panamax 0689,Evergreen,Neo-Panamax,11997,348.0,14.5,B-01,4,2025-08-23T02:46:13.415311+00:00,2025-08-23T04:12:37.415311+00:00,2025-08-25T15:06:37.415311+00:00,16.7,3.1,0,58.3,58.9,0,NONE,SHIFT_C (22:00-06:00),1.44
IMO9300690,Maersk Panamax 0690,Maersk,Panamax,4749,283.9,10.0,B-07,3,2026-06-04T03:29:14.485015+00:00,2026-06-04T05:07:02.485015+00:00,2026-06-05T20:49:02.485015+00:00,15.1,18.5,0,39.1,39.7,0,NONE,SHIFT_C (22:00-06:00),1.63
IMO9300691,COSCO Post-Panamax 0691,COSCO,Post-Panamax,8339,324.6,14.5,B-01,4,2024-10-30T00:07:17.817024+00:00,2024-10-30T02:06:05.817024+00:00,2024-10-31T17:12:05.817024+00:00,15.2,11.9,0,40.0,39.1,0,NONE,SHIFT_C (22:00-06:00),1.98
IMO9300692,KMTC Feeder 0692,KMTC,Feeder,2191,161.8,8.5,B-09,2,2026-06-02T02:23:07.287452+00:00,2026-06-02T05:32:07.287452+00:00,2026-06-03T03:08:07.287452+00:00,13.4,18.8,0,22.4,21.6,0,NONE,SHIFT_C (22:00-06:00),3.15
IMO9300693,PIL Neo-Panamax 0693,PIL,Neo-Panamax,10625,364.3,15.1,B-01,4,2025-01-06T04:18:28.839762+00:00,2025-01-06T08:21:28.839762+00:00,2025-01-08T04:27:28.839762+00:00,14.1,7.8,1,43.1,44.1,62,PILOT_UNAVAILABLE,SHIFT_A (06:00-14:00),4.05
IMO9300694,KMTC Feeder 0694,KMTC,Feeder,985,187.6,7.7,B-09,2,2024-10-02T10:40:03.064148+00:00,2024-10-02T12:39:27.064148+00:00,2024-10-03T08:39:27.064148+00:00,13.3,8.7,0,19.8,20.0,0,NONE,SHIFT_A (06:00-14:00),1.99
IMO9300695,Wan Hai Panamax 0695,Wan Hai,Panamax,4007,229.7,11.9,B-07,3,2025-11-20T22:58:13.501211+00:00,2025-11-20T23:09:37.501211+00:00,2025-11-22T08:27:37.501211+00:00,14.5,15.9,0,33.5,33.3,0,NONE,SHIFT_C (22:00-06:00),0.19
IMO9300696,Yang Ming Panamax 0696,Yang Ming,Panamax,3011,269.2,10.5,B-05,3,2024-10-03T01:37:40.811536+00:00,2024-10-03T02:13:40.811536+00:00,2024-10-04T08:19:40.811536+00:00,10.3,2.8,0,28.8,30.1,75,YARD_CONGESTION,SHIFT_C (22:00-06:00),0.6
IMO9300697,PIL Neo-Panamax 0697,PIL,Neo-Panamax,11141,362.1,15.2,B-02,4,2025-10-21T22:23:53.835724+00:00,2025-10-22T01:06:29.835724+00:00,2025-10-24T02:12:29.835724+00:00,12.5,28.2,1,48.8,49.1,0,NONE,SHIFT_C (22:00-06:00),2.71
IMO9300698,Hapag-Lloyd Feeder 0698,Hapag-Lloyd,Feeder,1669,152.6,7.1,B-09,2,2026-08-10T06:28:25.432164+00:00,2026-08-10T07:42:13.432164+00:00,2026-08-11T00:12:13.432164+00:00,12.7,6.7,0,17.2,16.5,0,NONE,SHIFT_A (06:00-14:00),1.23
IMO9300699,Hapag-Lloyd Feeder 0699,Hapag-Lloyd,Feeder,1965,134.7,7.2,B-09,2,2026-06-02T11:04:04.422361+00:00,2026-06-02T12:35:52.422361+00:00,2026-06-03T06:05:52.422361+00:00,17.2,20.8,0,17.9,17.5,0,NONE,SHIFT_A (06:00-14:00),1.53
IMO9300700,Maersk Post-Panamax 0700,Maersk,Post-Panamax,6763,314.3,12.8,B-05,3,2025-03-26T17:49:17.450704+00:00,2025-03-26T18:11:29.450704+00:00,2025-03-28T22:11:29.450704+00:00,17.9,15.3,0,47.1,52.0,292,CRANE_OUTAGE,SHIFT_B (14:00-22:00),0.37
IMO9300701,HMM Panamax 0701,HMM,Panamax,3931,284.3,11.0,B-07,3,2024-11-17T00:06:08.254844+00:00,2024-11-17T01:23:32.254844+00:00,2024-11-18T13:59:32.254844+00:00,15.3,12.8,0,37.5,36.6,0,NONE,SHIFT_C (22:00-06:00),1.29
IMO9300702,CMA CGM Handymax 0702,CMA CGM,Handymax,2641,212.7,9.7,B-09,2,2025-01-30T23:22:06.210238+00:00,2025-01-31T00:29:54.210238+00:00,2025-01-31T19:59:54.210238+00:00,15.4,8.3,0,20.3,19.5,0,NONE,SHIFT_C (22:00-06:00),1.13
IMO9300703,Wan Hai Feeder 0703,Wan Hai,Feeder,1909,131.7,7.7,B-08,2,2026-08-02T04:27:12.800319+00:00,2026-08-02T04:29:00.800319+00:00,2026-08-02T19:29:00.800319+00:00,12.8,11.5,0,15.5,15.0,0,NONE,SHIFT_C (22:00-06:00),0.03
IMO9300704,MSC ULCV 0704,MSC,ULCV,14748,385.2,16.1,B-01,4,2026-02-03T20:12:44.814567+00:00,2026-02-03T21:51:44.814567+00:00,2026-02-06T13:51:44.814567+00:00,16.2,29.1,1,64.3,64.0,0,NONE,SHIFT_B (14:00-22:00),1.65
IMO9300705,X-Press Feeders Feeder 0705,X-Press Feeders,Feeder,2239,173.5,9.4,B-10,2,2026-07-10T02:49:47.738857+00:00,2026-07-10T02:49:47.738857+00:00,2026-07-10T21:31:47.738857+00:00,16.1,6.5,0,19.0,18.7,0,NONE,SHIFT_C (22:00-06:00),0.0
IMO9300706,MSC Panamax 0706,MSC,Panamax,4896,240.3,10.3,B-04,3,2024-12-20T06:41:04.050643+00:00,2024-12-20T08:12:16.050643+00:00,2024-12-21T16:12:16.050643+00:00,13.8,6.3,0,24.9,32.0,424,WEATHER,SHIFT_A (06:00-14:00),1.52
IMO9300707,Evergreen Feeder 0707,Evergreen,Feeder,2292,189.6,8.3,B-10,2,2025-06-06T12:05:51.150813+00:00,2025-06-06T14:41:15.150813+00:00,2025-06-07T13:17:15.150813+00:00,13.8,21.9,0,17.4,22.6,310,WEATHER,SHIFT_B (14:00-22:00),2.59
IMO9300708,X-Press Feeders Feeder 0708,X-Press Feeders,Feeder,2042,144.3,9.5,B-08,2,2024-10-28T21:22:14.381917+00:00,2024-10-28T23:11:26.381917+00:00,2024-10-29T18:05:26.381917+00:00,15.3,16.6,0,18.5,18.9,0,NONE,SHIFT_C (22:00-06:00),1.82
IMO9300709,CMA CGM Handymax 0709,CMA CGM,Handymax,2347,200.0,9.6,B-08,2,2026-05-25T00:04:41.029263+00:00,2026-05-25T01:38:17.029263+00:00,2026-05-26T03:32:17.029263+00:00,16.2,6.1,0,26.0,25.9,0,NONE,SHIFT_C (22:00-06:00),1.56
IMO9300710,SITC Handymax 0710,SITC,Handymax,2253,206.0,8.9,B-09,2,2026-08-20T16:41:57.134255+00:00,2026-08-20T19:10:09.134255+00:00,2026-08-22T00:16:09.134255+00:00,11.6,24.4,0,27.2,29.1,111,YARD_CONGESTION,SHIFT_B (14:00-22:00),2.47
IMO9300711,Wan Hai Panamax 0711,Wan Hai,Panamax,5072,246.2,11.4,B-07,3,2026-03-13T01:52:50.973057+00:00,2026-03-13T04:36:38.973057+00:00,2026-03-14T09:30:38.973057+00:00,12.6,17.7,0,28.4,28.9,0,NONE,SHIFT_C (22:00-06:00),2.73
IMO9300712,COSCO Feeder 0712,COSCO,Feeder,1617,147.4,7.4,B-08,2,2026-04-10T16:44:06.922933+00:00,2026-04-10T16:53:42.922933+00:00,2026-04-11T09:35:42.922933+00:00,13.7,25.1,0,16.7,16.7,0,NONE,SHIFT_B (14:00-22:00),0.16
IMO9300713,COSCO Post-Panamax 0713,COSCO,Post-Panamax,9751,304.3,14.0,B-04,3,2026-04-27T15:55:10.952011+00:00,2026-04-27T20:09:34.952011+00:00,2026-04-29T14:21:34.952011+00:00,12.7,39.5,1,42.9,42.2,0,NONE,SHIFT_B (14:00-22:00),4.24
IMO9300714,ONE Panamax 0714,ONE,Panamax,4557,242.4,10.1,B-04,3,2024-11-13T09:35:57.883973+00:00,2024-11-13T11:11:21.883973+00:00,2024-11-14T21:29:21.883973+00:00,12.7,12.5,0,33.7,34.3,0,NONE,SHIFT_A (06:00-14:00),1.59
IMO9300715,KMTC ULCV 0715,KMTC,ULCV,15369,375.2,15.8,B-01,4,2026-07-30T08:25:10.799974+00:00,2026-07-30T09:07:10.799974+00:00,2026-08-01T16:25:10.799974+00:00,15.4,19.9,0,54.8,55.3,0,NONE,SHIFT_A (06:00-14:00),0.7
IMO9300716,KMTC Feeder 0716,KMTC,Feeder,1136,150.5,8.9,B-08,2,2026-01-09T21:04:56.971121+00:00,2026-01-09T22:15:08.971121+00:00,2026-01-10T17:33:08.971121+00:00,11.8,13.6,0,19.0,19.3,0,NONE,SHIFT_C (22:00-06:00),1.17
IMO9300717,X-Press Feeders Handymax 0717,X-Press Feeders,Handymax,3222,212.9,9.9,B-07,3,2026-07-24T04:47:02.660512+00:00,2026-07-24T05:16:26.660512+00:00,2026-07-25T15:28:26.660512+00:00,12.3,11.7,0,30.5,34.2,222,CRANE_OUTAGE,SHIFT_C (22:00-06:00),0.49
IMO9300718,SITC Feeder 0718,SITC,Feeder,1448,186.0,8.2,B-08,2,2025-02-25T07:50:18.620086+00:00,2025-02-25T08:49:06.620086+00:00,2025-02-26T12:01:06.620086+00:00,14.3,19.0,0,22.1,27.2,308,TIDAL_WINDOW_MISSED,SHIFT_A (06:00-14:00),0.98
IMO9300719,COSCO Panamax 0719,COSCO,Panamax,3768,222.6,11.5,B-07,3,2025-05-05T02:09:14.019754+00:00,2025-05-05T04:33:50.019754+00:00,2025-05-06T14:15:50.019754+00:00,12.1,9.5,0,32.6,33.7,67,CRANE_OUTAGE,SHIFT_C (22:00-06:00),2.41
IMO9300720,PIL Handymax 0720,PIL,Handymax,3028,180.6,10.7,B-06,3,2025-05-03T00:34:35.240359+00:00,2025-05-03T03:15:59.240359+00:00,2025-05-04T04:03:59.240359+00:00,12.7,18.4,0,24.8,24.8,0,NONE,SHIFT_C (22:00-06:00),2.69
IMO9300721,Wan Hai Panamax 0721,Wan Hai,Panamax,4754,227.9,10.4,B-06,3,2026-05-13T21:45:33.482401+00:00,2026-05-13T22:10:09.482401+00:00,2026-05-15T08:40:09.482401+00:00,13.2,12.9,0,35.0,34.5,0,NONE,SHIFT_C (22:00-06:00),0.41
IMO9300722,COSCO Panamax 0722,COSCO,Panamax,3425,289.7,11.6,B-04,3,2025-06-07T18:40:03.285447+00:00,2025-06-07T18:52:39.285447+00:00,2025-06-09T10:40:39.285447+00:00,12.7,17.7,0,34.2,39.8,338,CRANE_OUTAGE,SHIFT_B (14:00-22:00),0.21
IMO9300723,SITC Feeder 0723,SITC,Feeder,2167,160.2,9.0,B-09,2,2025-01-13T09:08:18.849134+00:00,2025-01-13T10:38:18.849134+00:00,2025-01-14T10:38:18.849134+00:00,17.5,16.3,0,21.8,24.0,134,PILOT_UNAVAILABLE,SHIFT_A (06:00-14:00),1.5
IMO9300724,SITC ULCV 0724,SITC,ULCV,20484,380.0,16.1,B-01,4,2024-11-11T03:04:54.718176+00:00,2024-11-11T05:19:54.718176+00:00,2024-11-14T07:01:54.718176+00:00,14.2,21.8,0,73.1,73.7,0,NONE,SHIFT_C (22:00-06:00),2.25
IMO9300725,Yang Ming Neo-Panamax 0725,Yang Ming,Neo-Panamax,10267,340.1,15.3,B-01,4,2026-08-30T07:09:17.630043+00:00,2026-08-30T09:32:05.630043+00:00,2026-09-01T12:02:05.630043+00:00,11.2,15.6,0,50.7,50.5,0,NONE,SHIFT_A (06:00-14:00),2.38
IMO9300726,X-Press Feeders Panamax 0726,X-Press Feeders,Panamax,3211,233.5,11.3,B-07,3,2026-06-17T11:02:59.117433+00:00,2026-06-17T12:38:59.117433+00:00,2026-06-18T22:26:59.117433+00:00,15.6,18.1,0,31.7,33.8,126,YARD_CONGESTION,SHIFT_A (06:00-14:00),1.6
IMO9300727,COSCO Panamax 0727,COSCO,Panamax,3484,269.7,10.3,B-07,3,2025-01-19T14:55:49.248705+00:00,2025-01-19T16:13:13.248705+00:00,2025-01-21T02:13:13.248705+00:00,13.5,16.3,0,34.2,34.0,0,NONE,SHIFT_B (14:00-22:00),1.29
IMO9300728,Hapag-Lloyd Panamax 0728,Hapag-Lloyd,Panamax,3322,221.9,11.4,B-07,3,2026-08-30T23:40:45.659332+00:00,2026-08-31T00:26:57.659332+00:00,2026-09-01T11:02:57.659332+00:00,17.0,20.5,0,31.5,34.6,185,WEATHER,SHIFT_C (22:00-06:00),0.77
IMO9300729,Yang Ming Feeder 0729,Yang Ming,Feeder,1302,147.8,8.3,B-10,2,2025-03-05T22:50:41.923885+00:00,2025-03-06T01:05:41.923885+00:00,2025-03-06T18:53:41.923885+00:00,11.5,18.6,0,17.7,17.8,0,NONE,SHIFT_C (22:00-06:00),2.25
IMO9300730,COSCO Panamax 0730,COSCO,Panamax,3502,227.8,11.9,B-04,3,2026-06-08T03:10:17.348861+00:00,2026-06-08T08:43:53.348861+00:00,2026-06-10T02:37:53.348861+00:00,14.8,10.5,0,33.3,41.9,519,WEATHER,SHIFT_A (06:00-14:00),5.56
IMO9300731,COSCO Feeder 0731,COSCO,Feeder,950,159.5,7.1,B-09,2,2024-10-28T00:37:22.044006+00:00,2024-10-28T04:45:10.044006+00:00,2024-10-29T00:21:10.044006+00:00,15.8,12.8,0,16.6,19.6,182,WEATHER,SHIFT_C (22:00-06:00),4.13
IMO9300732,Evergreen Handymax 0732,Evergreen,Handymax,2064,206.4,10.1,B-06,3,2024-10-16T00:16:10.632211+00:00,2024-10-16T05:41:22.632211+00:00,2024-10-17T08:05:22.632211+00:00,8.6,37.7,1,24.4,26.4,122,CRANE_OUTAGE,SHIFT_C (22:00-06:00),5.42
IMO9300733,Maersk Feeder 0733,Maersk,Feeder,2358,162.2,8.3,B-08,2,2026-04-15T13:12:13.652673+00:00,2026-04-15T13:12:13.652673+00:00,2026-04-16T10:24:13.652673+00:00,17.4,3.7,0,19.1,21.2,124,CRANE_OUTAGE,SHIFT_A (06:00-14:00),0.0
IMO9300734,OOCL Handymax 0734,OOCL,Handymax,3450,188.0,8.7,B-08,2,2025-10-17T03:28:24.572135+00:00,2025-10-17T05:05:36.572135+00:00,2025-10-18T10:35:36.572135+00:00,10.5,22.6,0,26.6,29.5,173,YARD_CONGESTION,SHIFT_C (22:00-06:00),1.62
IMO9300735,HMM Feeder 0735,HMM,Feeder,2424,187.7,7.3,B-10,2,2026-02-05T23:55:58.502452+00:00,2026-02-06T01:59:34.502452+00:00,2026-02-07T01:59:34.502452+00:00,10.2,15.0,0,20.3,24.0,223,CRANE_OUTAGE,SHIFT_C (22:00-06:00),2.06
IMO9300736,X-Press Feeders Panamax 0736,X-Press Feeders,Panamax,4531,250.1,11.1,B-04,3,2025-10-29T20:05:14.272480+00:00,2025-10-29T20:33:26.272480+00:00,2025-10-31T03:57:26.272480+00:00,15.8,25.8,0,31.3,31.4,0,NONE,SHIFT_B (14:00-22:00),0.47
IMO9300737,PIL Neo-Panamax 0737,PIL,Neo-Panamax,12643,350.4,13.7,B-02,4,2025-02-26T03:11:10.952894+00:00,2025-02-26T04:47:10.952894+00:00,2025-02-28T02:05:10.952894+00:00,15.0,18.6,0,45.7,45.3,0,NONE,SHIFT_C (22:00-06:00),1.6
IMO9300738,Wan Hai Feeder 0738,Wan Hai,Feeder,1458,142.8,8.4,B-08,2,2025-08-10T01:58:31.219943+00:00,2025-08-10T04:54:19.219943+00:00,2025-08-10T21:18:19.219943+00:00,12.7,13.0,0,16.9,16.4,0,NONE,SHIFT_C (22:00-06:00),2.93
IMO9300739,CMA CGM Panamax 0739,CMA CGM,Panamax,4782,260.2,11.3,B-06,3,2025-02-09T22:41:20.941937+00:00,2025-02-10T00:37:44.941937+00:00,2025-02-11T11:07:44.941937+00:00,15.0,15.1,0,34.7,34.5,0,NONE,SHIFT_C (22:00-06:00),1.94
IMO9300740,X-Press Feeders Panamax 0740,X-Press Feeders,Panamax,3073,236.5,10.0,B-04,3,2024-12-01T06:07:52.078911+00:00,2024-12-01T07:26:28.078911+00:00,2024-12-02T13:32:28.078911+00:00,15.5,10.9,0,29.0,30.1,65,YARD_CONGESTION,SHIFT_A (06:00-14:00),1.31
IMO9300741,Maersk Handymax 0741,Maersk,Handymax,2850,182.8,8.7,B-08,2,2026-03-04T13:19:19.696469+00:00,2026-03-04T14:36:07.696469+00:00,2026-03-05T13:24:07.696469+00:00,12.7,16.4,0,22.5,22.8,0,NONE,SHIFT_B (14:00-22:00),1.28
IMO9300742,COSCO Panamax 0742,COSCO,Panamax,3420,279.0,11.9,B-04,3,2026-04-10T00:06:18.057826+00:00,2026-04-10T04:06:18.057826+00:00,2026-04-12T04:18:18.057826+00:00,18.2,23.2,0,40.5,48.2,460,WEATHER,SHIFT_C (22:00-06:00),4.0
IMO9300743,Evergreen Panamax 0743,Evergreen,Panamax,4510,226.2,11.4,B-04,3,2024-11-15T02:10:02.302554+00:00,2024-11-15T04:23:50.302554+00:00,2024-11-16T18:29:50.302554+00:00,13.5,21.9,0,38.5,38.1,0,NONE,SHIFT_C (22:00-06:00),2.23
IMO9300744,X-Press Feeders Panamax 0744,X-Press Feeders,Panamax,3564,238.9,10.3,B-07,3,2026-06-23T21:55:37.992559+00:00,2026-06-24T00:25:37.992559+00:00,2026-06-25T17:07:37.992559+00:00,15.9,11.7,0,35.7,40.7,301,WEATHER,SHIFT_C (22:00-06:00),2.5
IMO9300745,COSCO Panamax 0745,COSCO,Panamax,4957,256.5,10.5,B-07,3,2024-10-15T16:46:57.303808+00:00,2024-10-15T17:49:21.303808+00:00,2024-10-17T01:31:21.303808+00:00,17.1,9.7,0,31.7,31.7,0,NONE,SHIFT_B (14:00-22:00),1.04
IMO9300746,ONE Neo-Panamax 0746,ONE,Neo-Panamax,14051,358.1,13.7,B-01,4,2026-04-18T07:21:30.585332+00:00,2026-04-18T09:46:06.585332+00:00,2026-04-20T14:22:06.585332+00:00,12.8,18.9,0,53.0,52.6,0,NONE,SHIFT_A (06:00-14:00),2.41
IMO9300747,Wan Hai Post-Panamax 0747,Wan Hai,Post-Panamax,10219,338.0,13.1,B-02,4,2025-01-16T04:27:14.474966+00:00,2025-01-16T06:27:50.474966+00:00,2025-01-18T00:39:50.474966+00:00,15.1,27.2,0,42.8,42.2,0,NONE,SHIFT_A (06:00-14:00),2.01
IMO9300748,CMA CGM Panamax 0748,CMA CGM,Panamax,4258,239.4,10.3,B-04,3,2026-06-04T04:59:08.904551+00:00,2026-06-04T07:45:56.904551+00:00,2026-06-05T15:27:56.904551+00:00,14.5,25.2,0,29.4,31.7,140,YARD_CONGESTION,SHIFT_A (06:00-14:00),2.78
IMO9300749,OOCL Handymax 0749,OOCL,Handymax,2543,206.5,9.6,B-06,3,2024-11-20T06:11:49.457499+00:00,2024-11-20T08:25:01.457499+00:00,2024-11-21T04:37:01.457499+00:00,15.5,7.9,0,20.7,20.2,0,NONE,SHIFT_A (06:00-14:00),2.22
IMO9300750,X-Press Feeders Feeder 0750,X-Press Feeders,Feeder,1402,173.9,8.1,B-08,2,2025-12-02T10:41:51.705629+00:00,2025-12-02T11:47:15.705629+00:00,2025-12-03T05:59:15.705629+00:00,12.4,17.2,0,18.0,18.2,0,NONE,SHIFT_A (06:00-14:00),1.09
IMO9300751,COSCO Panamax 0751,COSCO,Panamax,3146,235.4,10.1,B-06,3,2026-03-30T09:21:14.715389+00:00,2026-03-30T10:16:26.715389+00:00,2026-03-31T16:34:26.715389+00:00,14.2,25.4,0,30.9,30.3,0,NONE,SHIFT_A (06:00-14:00),0.92
IMO9300752,HMM Post-Panamax 0752,HMM,Post-Panamax,8167,324.8,12.8,B-03,4,2025-06-16T22:24:33.588313+00:00,2025-06-16T22:44:21.588313+00:00,2025-06-18T22:08:21.588313+00:00,14.5,19.7,0,46.8,47.4,0,NONE,SHIFT_C (22:00-06:00),0.33
IMO9300753,ZIM Panamax 0753,ZIM,Panamax,3697,279.7,11.4,B-06,3,2025-05-15T21:14:09.985707+00:00,2025-05-15T23:54:57.985707+00:00,2025-05-17T11:54:57.985707+00:00,15.9,14.3,0,37.0,36.0,0,NONE,SHIFT_C (22:00-06:00),2.68
IMO9300754,CMA CGM ULCV 0754,CMA CGM,ULCV,14159,371.8,16.0,B-03,4,2026-01-07T19:34:06.496974+00:00,2026-01-07T20:53:54.496974+00:00,2026-01-10T06:47:54.496974+00:00,15.9,14.7,1,58.9,57.9,0,NONE,SHIFT_B (14:00-22:00),1.33
IMO9300755,ZIM Post-Panamax 0755,ZIM,Post-Panamax,7870,341.8,13.6,B-02,4,2025-03-09T09:15:17.228410+00:00,2025-03-09T13:20:41.228410+00:00,2025-03-11T07:50:41.228410+00:00,16.4,12.0,0,42.3,42.5,0,NONE,SHIFT_A (06:00-14:00),4.09
IMO9300756,SITC Handymax 0756,SITC,Handymax,3454,180.5,9.4,B-08,2,2024-12-15T20:09:57.778490+00:00,2024-12-15T21:21:57.778490+00:00,2024-12-16T15:57:57.778490+00:00,16.9,21.6,0,19.4,18.6,0,NONE,SHIFT_B (14:00-22:00),1.2
IMO9300757,Maersk Post-Panamax 0757,Maersk,Post-Panamax,8304,307.4,13.3,B-02,4,2026-01-04T04:21:07.013386+00:00,2026-01-04T07:01:19.013386+00:00,2026-01-06T03:25:19.013386+00:00,15.0,19.5,0,43.7,44.4,0,NONE,SHIFT_A (06:00-14:00),2.67
IMO9300758,COSCO Handymax 0758,COSCO,Handymax,3390,218.6,10.7,B-09,2,2024-10-07T19:08:30.228878+00:00,2024-10-07T21:40:18.228878+00:00,2024-10-09T02:40:18.228878+00:00,16.3,25.2,0,29.4,29.0,0,NONE,SHIFT_B (14:00-22:00),2.53
IMO9300759,HMM Panamax 0759,HMM,Panamax,5130,241.7,10.1,B-06,3,2025-01-25T23:54:37.076116+00:00,2025-01-26T02:36:01.076116+00:00,2025-01-27T10:30:01.076116+00:00,16.7,16.6,0,32.9,31.9,0,NONE,SHIFT_C (22:00-06:00),2.69
IMO9300760,Hapag-Lloyd Neo-Panamax 0760,Hapag-Lloyd,Neo-Panamax,12373,352.1,13.8,B-03,4,2025-08-12T14:24:31.509965+00:00,2025-08-12T14:35:55.509965+00:00,2025-08-14T18:35:55.509965+00:00,13.8,8.2,0,52.2,52.0,0,NONE,SHIFT_B (14:00-22:00),0.19
IMO9300761,COSCO Feeder 0761,COSCO,Feeder,1681,133.2,7.8,B-09,2,2025-05-31T03:07:50.491538+00:00,2025-05-31T06:22:14.491538+00:00,2025-06-01T05:46:14.491538+00:00,14.5,12.3,0,17.6,23.4,347,CRANE_OUTAGE,SHIFT_A (06:00-14:00),3.24
IMO9300762,CMA CGM Feeder 0762,CMA CGM,Feeder,2301,172.8,7.4,B-08,2,2025-11-11T07:43:55.197231+00:00,2025-11-11T12:08:31.197231+00:00,2025-11-12T10:08:31.197231+00:00,14.4,27.3,0,19.1,22.0,172,YARD_CONGESTION,SHIFT_A (06:00-14:00),4.41
IMO9300763,X-Press Feeders Post-Panamax 0763,X-Press Feeders,Post-Panamax,7303,321.1,14.4,B-03,4,2024-11-25T02:28:21.778150+00:00,2024-11-25T03:06:45.778150+00:00,2024-11-27T07:48:45.778150+00:00,13.9,14.0,0,52.3,52.7,0,NONE,SHIFT_C (22:00-06:00),0.64
IMO9300764,KMTC Handymax 0764,KMTC,Handymax,2175,202.2,9.3,B-08,2,2025-08-06T11:12:43.771727+00:00,2025-08-06T11:20:31.771727+00:00,2025-08-07T15:02:31.771727+00:00,12.8,17.9,0,23.2,27.7,268,YARD_CONGESTION,SHIFT_A (06:00-14:00),0.13
IMO9300765,SITC Feeder 0765,SITC,Feeder,2203,171.6,8.3,B-10,2,2026-01-03T22:03:22.567060+00:00,2026-01-04T01:54:22.567060+00:00,2026-01-04T23:30:22.567060+00:00,12.9,30.8,1,22.3,21.6,0,NONE,SHIFT_C (22:00-06:00),3.8499999999999996
IMO9300766,Yang Ming Neo-Panamax 0766,Yang Ming,Neo-Panamax,14450,355.1,14.2,B-03,4,2024-12-25T14:26:38.879006+00:00,2024-12-25T16:33:50.879006+00:00,2024-12-27T23:09:50.879006+00:00,15.0,4.8,0,49.7,54.6,296,CRANE_OUTAGE,SHIFT_B (14:00-22:00),2.12
IMO9300767,SITC Post-Panamax 0767,SITC,Post-Panamax,8713,342.0,12.7,B-01,4,2026-01-21T05:47:33.508408+00:00,2026-01-21T07:31:21.508408+00:00,2026-01-23T12:01:21.508408+00:00,15.4,14.9,0,45.7,52.5,405,CRANE_OUTAGE,SHIFT_A (06:00-14:00),1.73
IMO9300768,MSC Panamax 0768,MSC,Panamax,5028,269.1,11.0,B-05,3,2026-04-10T08:14:03.599785+00:00,2026-04-10T11:08:39.599785+00:00,2026-04-11T17:32:39.599785+00:00,15.4,19.0,0,29.6,30.4,0,NONE,SHIFT_A (06:00-14:00),2.91
IMO9300769,OOCL Feeder 0769,OOCL,Feeder,937,167.4,7.5,B-08,2,2026-05-31T01:59:58.443919+00:00,2026-05-31T04:10:46.443919+00:00,2026-05-31T22:46:46.443919+00:00,13.0,10.2,0,18.9,18.6,0,NONE,SHIFT_C (22:00-06:00),2.18
IMO9300770,ZIM Neo-Panamax 0770,ZIM,Neo-Panamax,11924,350.5,15.5,B-03,4,2026-03-14T22:00:58.432204+00:00,2026-03-15T00:15:22.432204+00:00,2026-03-17T00:57:22.432204+00:00,14.0,17.6,0,49.7,48.7,0,NONE,SHIFT_C (22:00-06:00),2.24
IMO9300771,Yang Ming Feeder 0771,Yang Ming,Feeder,1919,140.2,8.9,B-08,2,2025-10-10T14:04:54.121885+00:00,2025-10-10T18:01:18.121885+00:00,2025-10-11T09:37:18.121885+00:00,13.9,30.5,1,15.8,15.6,0,NONE,SHIFT_B (14:00-22:00),3.94
IMO9300772,Maersk Panamax 0772,Maersk,Panamax,4595,239.8,10.2,B-04,3,2025-07-27T11:39:12.504031+00:00,2025-07-27T13:58:24.504031+00:00,2025-07-28T18:22:24.504031+00:00,13.0,3.9,0,27.8,28.4,0,NONE,SHIFT_A (06:00-14:00),2.32
IMO9300773,Hapag-Lloyd Handymax 0773,Hapag-Lloyd,Handymax,2567,198.7,10.3,B-06,3,2024-10-11T19:27:44.238852+00:00,2024-10-11T19:27:44.238852+00:00,2024-10-12T16:03:44.238852+00:00,17.3,15.3,0,21.5,20.6,0,NONE,SHIFT_B (14:00-22:00),0.0
IMO9300774,PIL Post-Panamax 0774,PIL,Post-Panamax,10264,332.8,13.6,B-02,4,2026-03-01T22:00:26.358299+00:00,2026-03-02T01:29:50.358299+00:00,2026-03-04T09:11:50.358299+00:00,13.9,21.2,0,50.8,55.7,292,YARD_CONGESTION,SHIFT_C (22:00-06:00),3.49
IMO9300775,OOCL Handymax 0775,OOCL,Handymax,3451,204.2,9.0,B-08,2,2026-06-17T01:31:34.914640+00:00,2026-06-17T01:42:22.914640+00:00,2026-06-18T00:06:22.914640+00:00,18.5,12.2,0,21.9,22.4,0,NONE,SHIFT_C (22:00-06:00),0.18
IMO9300776,COSCO Feeder 0776,COSCO,Feeder,2191,169.9,8.2,B-09,2,2026-01-28T07:26:05.077147+00:00,2026-01-28T08:30:17.077147+00:00,2026-01-29T00:24:17.077147+00:00,15.0,9.8,0,13.5,15.9,143,WEATHER,SHIFT_A (06:00-14:00),1.07
IMO9300777,Evergreen Neo-Panamax 0777,Evergreen,Neo-Panamax,13441,358.9,14.3,B-01,4,2026-08-04T15:02:08.254249+00:00,2026-08-04T16:38:08.254249+00:00,2026-08-06T15:02:08.254249+00:00,15.0,20.9,0,47.3,46.4,0,NONE,SHIFT_B (14:00-22:00),1.6
IMO9300778,COSCO Feeder 0778,COSCO,Feeder,2105,171.9,7.9,B-10,2,2025-08-13T19:17:30.157419+00:00,2025-08-13T21:54:42.157419+00:00,2025-08-14T16:54:42.157419+00:00,11.8,9.0,0,18.7,19.0,0,NONE,SHIFT_B (14:00-22:00),2.62
IMO9300779,ONE Panamax 0779,ONE,Panamax,3394,226.0,10.0,B-05,3,2026-08-25T06:24:38.050163+00:00,2026-08-25T07:55:50.050163+00:00,2026-08-26T09:43:50.050163+00:00,14.6,21.6,0,25.6,25.8,0,NONE,SHIFT_A (06:00-14:00),1.52
IMO9300780,OOCL ULCV 0780,OOCL,ULCV,21761,372.5,14.9,B-03,4,2026-01-07T20:13:03.442557+00:00,2026-01-07T20:41:15.442557+00:00,2026-01-10T14:11:15.442557+00:00,14.9,17.7,0,65.8,65.5,0,NONE,SHIFT_B (14:00-22:00),0.47
IMO9300781,CMA CGM Feeder 0781,CMA CGM,Feeder,1006,137.6,8.3,B-08,2,2025-09-24T08:37:18.896883+00:00,2025-09-24T12:01:18.896883+00:00,2025-09-25T12:07:18.896883+00:00,15.2,3.2,0,19.3,24.1,289,WEATHER,SHIFT_A (06:00-14:00),3.4
IMO9300782,CMA CGM Post-Panamax 0782,CMA CGM,Post-Panamax,8859,343.6,12.8,B-01,4,2025-08-29T15:57:16.495760+00:00,2025-08-29T16:44:40.495760+00:00,2025-08-31T14:38:40.495760+00:00,12.0,10.0,0,45.8,45.9,0,NONE,SHIFT_B (14:00-22:00),0.79
IMO9300783,COSCO Panamax 0783,COSCO,Panamax,4077,260.8,11.9,B-04,3,2026-08-25T23:03:53.903163+00:00,2026-08-26T00:17:05.903163+00:00,2026-08-27T14:47:05.903163+00:00,15.1,25.7,0,34.2,38.5,258,WEATHER,SHIFT_C (22:00-06:00),1.22
IMO9300784,MSC Neo-Panamax 0784,MSC,Neo-Panamax,14619,346.1,13.6,B-03,4,2025-04-30T07:24:44.909226+00:00,2025-04-30T10:13:20.909226+00:00,2025-05-02T18:55:20.909226+00:00,19.4,21.3,0,55.3,56.7,86,YARD_CONGESTION,SHIFT_A (06:00-14:00),2.81
IMO9300785,OOCL Neo-Panamax 0785,OOCL,Neo-Panamax,10341,364.6,14.0,B-01,4,2026-08-23T13:38:33.612667+00:00,2026-08-23T13:38:33.612667+00:00,2026-08-25T15:02:33.612667+00:00,14.4,13.9,0,48.6,49.4,50,PILOT_UNAVAILABLE,SHIFT_A (06:00-14:00),0.0
IMO9300786,Maersk ULCV 0786,Maersk,ULCV,22752,392.3,16.1,B-03,4,2025-01-07T04:49:11.999761+00:00,2025-01-07T08:05:23.999761+00:00,2025-01-10T06:17:23.999761+00:00,13.9,19.1,0,63.3,70.2,416,CRANE_OUTAGE,SHIFT_A (06:00-14:00),3.27
IMO9300787,KMTC Feeder 0787,KMTC,Feeder,1041,163.0,7.3,B-10,2,2024-10-11T05:58:41.542940+00:00,2024-10-11T06:56:17.542940+00:00,2024-10-12T02:20:17.542940+00:00,15.4,14.0,0,20.0,19.4,0,NONE,SHIFT_A (06:00-14:00),0.96
IMO9300788,MSC Post-Panamax 0788,MSC,Post-Panamax,8547,349.5,12.5,B-01,4,2026-07-25T01:27:16.263076+00:00,2026-07-25T04:17:04.263076+00:00,2026-07-27T04:11:04.263076+00:00,14.7,7.3,0,47.7,47.9,0,NONE,SHIFT_C (22:00-06:00),2.83
IMO9300789,ZIM Feeder 0789,ZIM,Feeder,2146,137.8,8.0,B-08,2,2025-06-02T18:23:02.108324+00:00,2025-06-02T23:21:50.108324+00:00,2025-06-03T19:21:50.108324+00:00,16.5,9.2,0,17.4,20.0,157,YARD_CONGESTION,SHIFT_C (22:00-06:00),4.98
IMO9300790,ZIM Panamax 0790,ZIM,Panamax,4198,285.9,11.6,B-05,3,2025-09-04T02:50:22.199268+00:00,2025-09-04T02:50:22.199268+00:00,2025-09-05T07:32:22.199268+00:00,13.8,10.6,0,28.1,28.7,0,NONE,SHIFT_C (22:00-06:00),0.0
IMO9300791,OOCL Post-Panamax 0791,OOCL,Post-Panamax,7623,314.0,12.9,B-05,3,2026-04-05T07:29:25.986844+00:00,2026-04-05T08:45:37.986844+00:00,2026-04-07T10:51:37.986844+00:00,13.3,12.7,0,47.5,50.1,157,PILOT_UNAVAILABLE,SHIFT_A (06:00-14:00),1.27
IMO9300792,SITC Panamax 0792,SITC,Panamax,3138,286.7,10.0,B-06,3,2026-03-02T04:26:42.242274+00:00,2026-03-02T05:09:54.242274+00:00,2026-03-03T11:57:54.242274+00:00,14.9,13.0,0,30.7,30.8,0,NONE,SHIFT_C (22:00-06:00),0.72
IMO9300793,X-Press Feeders Panamax 0793,X-Press Feeders,Panamax,3842,246.9,10.1,B-07,3,2026-05-08T11:42:10.820518+00:00,2026-05-08T12:31:58.820518+00:00,2026-05-09T17:31:58.820518+00:00,14.7,11.4,0,28.9,29.0,0,NONE,SHIFT_A (06:00-14:00),0.83
IMO9300794,HMM Neo-Panamax 0794,HMM,Neo-Panamax,10224,361.1,14.7,B-02,4,2025-04-13T23:30:26.678968+00:00,2025-04-14T00:36:26.678968+00:00,2025-04-15T18:42:26.678968+00:00,15.3,17.8,0,40.2,42.1,115,CRANE_OUTAGE,SHIFT_C (22:00-06:00),1.1
IMO9300795,ZIM Panamax 0795,ZIM,Panamax,4898,280.1,11.9,B-07,3,2025-08-02T04:41:02.572678+00:00,2025-08-02T05:11:38.572678+00:00,2025-08-03T10:47:38.572678+00:00,13.6,8.2,0,27.7,29.6,112,YARD_CONGESTION,SHIFT_C (22:00-06:00),0.51
IMO9300796,HMM Neo-Panamax 0796,HMM,Neo-Panamax,10700,360.8,15.4,B-01,4,2025-03-12T04:53:58.384639+00:00,2025-03-12T07:25:46.384639+00:00,2025-03-14T11:55:46.384639+00:00,15.9,11.2,0,53.0,52.5,0,NONE,SHIFT_A (06:00-14:00),2.53
IMO9300797,Maersk Post-Panamax 0797,Maersk,Post-Panamax,9129,306.2,13.6,B-03,4,2025-01-16T08:09:17.070889+00:00,2025-01-16T09:12:53.070889+00:00,2025-01-18T11:48:53.070889+00:00,14.6,2.1,0,50.6,50.6,0,NONE,SHIFT_A (06:00-14:00),1.06
IMO9300798,CMA CGM Panamax 0798,CMA CGM,Panamax,4286,239.4,11.2,B-04,3,2025-11-05T06:52:31.329477+00:00,2025-11-05T08:57:55.329477+00:00,2025-11-06T13:45:55.329477+00:00,14.8,10.4,0,29.4,28.8,0,NONE,SHIFT_A (06:00-14:00),2.09
IMO9300799,MSC Feeder 0799,MSC,Feeder,1177,144.0,8.6,B-10,2,2025-09-18T14:21:28.918027+00:00,2025-09-18T15:25:04.918027+00:00,2025-09-19T18:07:04.918027+00:00,15.1,16.3,0,19.3,26.7,443,TIDAL_WINDOW_MISSED,SHIFT_B (14:00-22:00),1.06
IMO9300800,PIL Feeder 0800,PIL,Feeder,1280,162.4,7.1,B-09,2,2026-07-01T15:20:59.949269+00:00,2026-07-01T20:17:59.949269+00:00,2026-07-02T15:23:59.949269+00:00,15.0,15.4,0,19.1,19.1,0,NONE,SHIFT_B (14:00-22:00),4.95
IMO9300801,KMTC Post-Panamax 0801,KMTC,Post-Panamax,8819,303.6,13.4,B-02,4,2026-08-31T09:57:30.791090+00:00,2026-08-31T12:33:30.791090+00:00,2026-09-02T14:15:30.791090+00:00,9.2,32.6,1,50.0,49.7,0,NONE,SHIFT_A (06:00-14:00),2.6
IMO9300802,Hapag-Lloyd Handymax 0802,Hapag-Lloyd,Handymax,3247,216.5,8.6,B-07,3,2025-02-13T19:15:00.473695+00:00,2025-02-13T19:57:00.473695+00:00,2025-02-14T16:21:00.473695+00:00,14.9,15.5,0,20.8,20.4,0,NONE,SHIFT_B (14:00-22:00),0.7
IMO9300803,MSC Feeder 0803,MSC,Feeder,2361,169.4,7.4,B-10,2,2026-07-23T17:47:49.749319+00:00,2026-07-23T23:37:01.749319+00:00,2026-07-24T15:01:01.749319+00:00,16.5,9.7,0,15.6,15.4,0,NONE,SHIFT_C (22:00-06:00),5.82
IMO9300804,MSC Post-Panamax 0804,MSC,Post-Panamax,10762,330.4,13.8,B-04,3,2026-02-02T03:28:34.088714+00:00,2026-02-02T05:49:34.088714+00:00,2026-02-04T00:13:34.088714+00:00,11.0,9.0,0,42.0,42.4,0,NONE,SHIFT_C (22:00-06:00),2.35
IMO9300805,Yang Ming ULCV 0805,Yang Ming,ULCV,15890,381.5,16.0,B-03,4,2026-03-28T17:59:39.748650+00:00,2026-03-28T19:27:15.748650+00:00,2026-03-31T03:39:15.748650+00:00,10.8,12.5,0,50.1,56.2,369,CRANE_OUTAGE,SHIFT_B (14:00-22:00),1.46
IMO9300806,KMTC Feeder 0806,KMTC,Feeder,1056,143.8,9.1,B-10,2,2026-03-25T22:41:35.341649+00:00,2026-03-26T00:00:47.341649+00:00,2026-03-26T15:54:47.341649+00:00,13.3,26.8,0,15.5,15.9,0,NONE,SHIFT_C (22:00-06:00),1.32
IMO9300807,COSCO Handymax 0807,COSCO,Handymax,2303,183.3,9.6,B-09,2,2025-06-20T00:08:02.874940+00:00,2025-06-20T02:41:38.874940+00:00,2025-06-21T04:05:38.874940+00:00,10.7,25.2,0,25.4,25.4,0,NONE,SHIFT_C (22:00-06:00),2.56
IMO9300808,COSCO ULCV 0808,COSCO,ULCV,21068,370.3,14.6,B-01,4,2025-05-09T16:39:39.060192+00:00,2025-05-09T22:05:27.060192+00:00,2025-05-12T23:05:27.060192+00:00,12.6,36.0,1,73.3,73.0,0,NONE,SHIFT_C (22:00-06:00),5.43
IMO9300809,ZIM Panamax 0809,ZIM,Panamax,4378,228.3,11.8,B-04,3,2024-10-02T21:40:38.035424+00:00,2024-10-03T01:55:38.035424+00:00,2024-10-04T07:01:38.035424+00:00,15.3,12.4,0,28.6,29.1,0,NONE,SHIFT_C (22:00-06:00),4.25
IMO9300810,OOCL Handymax 0810,OOCL,Handymax,3482,208.0,10.3,B-06,3,2026-05-31T15:13:17.194741+00:00,2026-05-31T16:50:29.194741+00:00,2026-06-01T14:08:29.194741+00:00,12.3,2.0,0,21.7,21.3,0,NONE,SHIFT_B (14:00-22:00),1.62
IMO9300811,HMM Feeder 0811,HMM,Feeder,1408,186.7,7.2,B-09,2,2026-01-15T17:58:22.562146+00:00,2026-01-15T17:58:22.562146+00:00,2026-01-16T13:22:22.562146+00:00,13.0,16.9,0,19.8,19.4,0,NONE,SHIFT_B (14:00-22:00),0.0
IMO9300812,Hapag-Lloyd Feeder 0812,Hapag-Lloyd,Feeder,2297,132.5,9.4,B-08,2,2025-11-12T09:51:38.711521+00:00,2025-11-12T10:04:14.711521+00:00,2025-11-13T02:34:14.711521+00:00,15.6,10.8,0,17.2,16.5,0,NONE,SHIFT_A (06:00-14:00),0.21
IMO9300813,OOCL Handymax 0813,OOCL,Handymax,2590,197.6,10.7,B-08,2,2024-10-06T17:41:25.002815+00:00,2024-10-06T19:02:25.002815+00:00,2024-10-08T04:08:25.002815+00:00,10.4,18.8,0,25.2,33.1,476,WEATHER,SHIFT_B (14:00-22:00),1.35
IMO9300814,MSC Feeder 0814,MSC,Feeder,2436,187.6,8.3,B-08,2,2026-09-13T09:17:30.733662+00:00,2026-09-13T12:33:42.733662+00:00,2026-09-14T11:39:42.733662+00:00,15.7,23.4,0,18.7,23.1,263,YARD_CONGESTION,SHIFT_A (06:00-14:00),3.27
IMO9300815,Hapag-Lloyd Post-Panamax 0815,Hapag-Lloyd,Post-Panamax,7397,341.6,13.1,B-01,4,2025-11-02T10:23:53.893119+00:00,2025-11-02T10:44:53.893119+00:00,2025-11-04T16:08:53.893119+00:00,15.1,24.7,0,53.8,53.4,0,NONE,SHIFT_A (06:00-14:00),0.35
IMO9300816,Yang Ming Feeder 0816,Yang Ming,Feeder,1838,173.6,7.8,B-09,2,2026-03-03T12:33:05.307301+00:00,2026-03-03T14:12:41.307301+00:00,2026-03-04T12:06:41.307301+00:00,11.4,18.0,0,18.2,21.9,221,CRANE_OUTAGE,SHIFT_B (14:00-22:00),1.66
IMO9300817,MSC Neo-Panamax 0817,MSC,Neo-Panamax,14270,351.3,15.4,B-02,4,2026-05-04T04:34:50.087275+00:00,2026-05-04T04:34:50.087275+00:00,2026-05-06T06:28:50.087275+00:00,13.3,17.9,0,49.3,49.9,0,NONE,SHIFT_C (22:00-06:00),0.0
IMO9300818,ONE Feeder 0818,ONE,Feeder,2466,145.9,7.4,B-08,2,2025-04-08T09:15:32.489755+00:00,2025-04-08T10:05:20.489755+00:00,2025-04-09T10:35:20.489755+00:00,15.7,10.9,0,22.9,24.5,99,PILOT_UNAVAILABLE,SHIFT_A (06:00-14:00),0.83
IMO9300819,CMA CGM Feeder 0819,CMA CGM,Feeder,2254,159.4,8.5,B-08,2,2026-08-21T06:10:00.174698+00:00,2026-08-21T07:15:24.174698+00:00,2026-08-22T02:39:24.174698+00:00,12.2,18.0,0,18.7,19.4,0,NONE,SHIFT_A (06:00-14:00),1.09
IMO9300820,Yang Ming Neo-Panamax 0820,Yang Ming,Neo-Panamax,14015,362.8,14.8,B-03,4,2025-12-09T23:42:06.082129+00:00,2025-12-10T02:39:06.082129+00:00,2025-12-12T11:21:06.082129+00:00,15.2,12.4,0,53.5,56.7,192,YARD_CONGESTION,SHIFT_C (22:00-06:00),2.95
IMO9300821,SITC Panamax 0821,SITC,Panamax,3474,242.8,11.3,B-05,3,2025-10-18T19:19:29.477722+00:00,2025-10-18T20:17:41.477722+00:00,2025-10-20T02:59:41.477722+00:00,15.3,19.5,0,30.3,30.7,0,NONE,SHIFT_B (14:00-22:00),0.97
IMO9300822,KMTC Panamax 0822,KMTC,Panamax,4097,268.1,10.1,B-05,3,2024-12-16T23:08:06.957312+00:00,2024-12-16T23:08:06.957312+00:00,2024-12-18T08:56:06.957312+00:00,17.4,21.8,0,34.2,33.8,0,NONE,SHIFT_C (22:00-06:00),0.0
IMO9300823,SITC Handymax 0823,SITC,Handymax,2111,197.0,9.2,B-08,2,2025-10-03T20:40:40.132705+00:00,2025-10-03T22:03:28.132705+00:00,2025-10-04T22:45:28.132705+00:00,17.0,4.5,0,22.2,24.7,150,YARD_CONGESTION,SHIFT_C (22:00-06:00),1.38
IMO9300824,COSCO Post-Panamax 0824,COSCO,Post-Panamax,9200,347.4,13.7,B-02,4,2025-07-09T21:54:53.411349+00:00,2025-07-10T00:21:17.411349+00:00,2025-07-11T15:09:17.411349+00:00,13.9,3.0,0,38.5,38.8,0,NONE,SHIFT_C (22:00-06:00),2.44
IMO9300825,CMA CGM Neo-Panamax 0825,CMA CGM,Neo-Panamax,12966,357.0,14.5,B-03,4,2026-04-28T09:43:34.411531+00:00,2026-04-28T12:26:46.411531+00:00,2026-04-30T21:14:46.411531+00:00,16.4,24.5,0,53.2,56.8,214,YARD_CONGESTION,SHIFT_A (06:00-14:00),2.72
IMO9300826,Yang Ming Panamax 0826,Yang Ming,Panamax,3082,285.8,10.1,B-04,3,2025-09-22T08:29:40.801170+00:00,2025-09-22T12:33:52.801170+00:00,2025-09-23T21:21:52.801170+00:00,15.9,22.1,0,32.7,32.8,0,NONE,SHIFT_A (06:00-14:00),4.07
IMO9300827,MSC Post-Panamax 0827,MSC,Post-Panamax,9595,313.6,12.7,B-04,3,2026-06-15T18:56:27.379280+00:00,2026-06-15T21:15:39.379280+00:00,2026-06-18T06:39:39.379280+00:00,13.1,6.0,0,52.9,57.4,272,CRANE_OUTAGE,SHIFT_B (14:00-22:00),2.32
IMO9300828,Hapag-Lloyd Feeder 0828,Hapag-Lloyd,Feeder,1601,135.7,8.5,B-08,2,2025-01-27T22:31:52.838180+00:00,2025-01-28T00:05:28.838180+00:00,2025-01-28T19:53:28.838180+00:00,14.9,24.4,0,16.2,19.8,214,CRANE_OUTAGE,SHIFT_C (22:00-06:00),1.56
IMO9300829,ONE Handymax 0829,ONE,Handymax,3180,184.0,10.9,B-09,2,2025-12-21T05:35:20.322335+00:00,2025-12-21T06:17:56.322335+00:00,2025-12-22T11:11:56.322335+00:00,15.0,13.4,0,23.6,28.9,319,CRANE_OUTAGE,SHIFT_A (06:00-14:00),0.71
IMO9300830,Maersk Feeder 0830,Maersk,Feeder,1563,189.6,8.8,B-10,2,2025-04-22T01:02:21.701455+00:00,2025-04-22T03:10:45.701455+00:00,2025-04-23T02:46:45.701455+00:00,14.1,14.3,0,18.3,23.6,318,WEATHER,SHIFT_C (22:00-06:00),2.14
IMO9300831,COSCO Handymax 0831,COSCO,Handymax,3290,205.7,9.3,B-06,3,2026-07-11T13:12:25.477133+00:00,2026-07-11T16:46:01.477133+00:00,2026-07-12T16:40:01.477133+00:00,17.6,15.0,0,24.0,23.9,0,NONE,SHIFT_B (14:00-22:00),3.56
IMO9300832,Yang Ming Post-Panamax 0832,Yang Ming,Post-Panamax,9873,302.9,13.5,B-03,4,2025-04-03T09:14:19.510580+00:00,2025-04-03T11:42:31.510580+00:00,2025-04-05T12:24:31.510580+00:00,17.2,23.5,0,48.1,48.7,0,NONE,SHIFT_A (06:00-14:00),2.47
IMO9300833,ONE Handymax 0833,ONE,Handymax,3117,210.2,10.5,B-09,2,2026-02-04T23:13:17.790432+00:00,2026-02-05T00:04:53.790432+00:00,2026-02-05T23:04:53.790432+00:00,13.2,19.8,0,18.6,23.0,263,TIDAL_WINDOW_MISSED,SHIFT_C (22:00-06:00),0.86
IMO9300834,KMTC Neo-Panamax 0834,KMTC,Neo-Panamax,10111,358.2,14.3,B-01,4,2025-09-09T02:04:40.672368+00:00,2025-09-09T03:17:52.672368+00:00,2025-09-11T17:53:52.672368+00:00,15.7,7.1,0,62.0,62.6,0,NONE,SHIFT_C (22:00-06:00),1.22
IMO9300835,OOCL Panamax 0835,OOCL,Panamax,4712,229.8,11.7,B-07,3,2026-09-11T12:30:31.359075+00:00,2026-09-11T16:14:55.359075+00:00,2026-09-13T02:50:55.359075+00:00,18.5,20.1,0,34.0,34.6,0,NONE,SHIFT_B (14:00-22:00),3.74
IMO9300836,Evergreen Panamax 0836,Evergreen,Panamax,3837,229.9,11.0,B-06,3,2025-09-09T11:44:05.354511+00:00,2025-09-09T12:41:05.354511+00:00,2025-09-11T00:29:05.354511+00:00,10.4,10.2,0,33.9,35.8,114,YARD_CONGESTION,SHIFT_A (06:00-14:00),0.95
IMO9300837,OOCL Feeder 0837,OOCL,Feeder,1107,130.6,8.0,B-09,2,2026-07-31T22:35:59.434860+00:00,2026-08-01T00:45:35.434860+00:00,2026-08-01T17:21:35.434860+00:00,14.3,8.8,0,17.5,16.6,0,NONE,SHIFT_C (22:00-06:00),2.16
IMO9300838,Evergreen Panamax 0838,Evergreen,Panamax,3925,224.7,11.3,B-06,3,2025-06-22T17:53:27.248086+00:00,2025-06-22T18:05:27.248086+00:00,2025-06-24T14:59:27.248086+00:00,14.0,27.9,0,38.4,44.9,389,WEATHER,SHIFT_B (14:00-22:00),0.2
IMO9300839,PIL Post-Panamax 0839,PIL,Post-Panamax,8586,331.2,13.3,B-05,3,2025-08-24T22:06:12.582226+00:00,2025-08-24T23:44:00.582226+00:00,2025-08-26T21:02:00.582226+00:00,13.9,7.9,0,46.1,45.3,0,NONE,SHIFT_C (22:00-06:00),1.63
IMO9300840,X-Press Feeders Post-Panamax 0840,X-Press Feeders,Post-Panamax,8771,316.5,14.0,B-05,3,2025-05-25T04:46:48.833065+00:00,2025-05-25T05:09:36.833065+00:00,2025-05-27T15:03:36.833065+00:00,16.0,14.7,0,53.4,57.9,273,TIDAL_WINDOW_MISSED,SHIFT_C (22:00-06:00),0.38
IMO9300841,Hapag-Lloyd Neo-Panamax 0841,Hapag-Lloyd,Neo-Panamax,10002,343.7,14.5,B-02,4,2026-07-24T05:09:05.839405+00:00,2026-07-24T06:33:05.839405+00:00,2026-07-26T05:39:05.839405+00:00,14.3,22.6,0,46.7,47.1,0,NONE,SHIFT_A (06:00-14:00),1.4
IMO9300842,X-Press Feeders Feeder 0842,X-Press Feeders,Feeder,1771,152.6,8.0,B-09,2,2026-02-05T20:52:53.796814+00:00,2026-02-05T22:26:29.796814+00:00,2026-02-06T18:56:29.796814+00:00,10.8,15.7,0,17.6,20.5,175,WEATHER,SHIFT_C (22:00-06:00),1.56
IMO9300843,HMM ULCV 0843,HMM,ULCV,23183,390.2,16.2,B-02,4,2025-09-30T13:27:01.068559+00:00,2025-09-30T15:11:25.068559+00:00,2025-10-03T06:11:25.068559+00:00,11.8,16.4,0,63.2,63.0,0,NONE,SHIFT_B (14:00-22:00),1.74
IMO9300844,KMTC Post-Panamax 0844,KMTC,Post-Panamax,8064,310.7,13.6,B-04,3,2025-12-22T22:35:53.389199+00:00,2025-12-23T00:10:41.389199+00:00,2025-12-24T21:58:41.389199+00:00,15.7,28.3,1,46.4,45.8,0,NONE,SHIFT_C (22:00-06:00),1.58
IMO9300845,Wan Hai Panamax 0845,Wan Hai,Panamax,4039,226.6,10.7,B-04,3,2025-07-08T14:36:15.663883+00:00,2025-07-08T17:00:51.663883+00:00,2025-07-10T06:18:51.663883+00:00,14.8,14.8,0,37.2,37.3,0,NONE,SHIFT_B (14:00-22:00),2.41
IMO9300846,Maersk ULCV 0846,Maersk,ULCV,23954,395.3,16.4,B-03,4,2025-10-26T04:24:42.778488+00:00,2025-10-26T06:07:18.778488+00:00,2025-10-28T15:31:18.778488+00:00,13.1,8.5,0,57.7,57.4,0,NONE,SHIFT_A (06:00-14:00),1.71
IMO9300847,Hapag-Lloyd Panamax 0847,Hapag-Lloyd,Panamax,3539,269.4,10.4,B-04,3,2025-11-20T07:12:20.049810+00:00,2025-11-20T08:18:56.049810+00:00,2025-11-21T18:36:56.049810+00:00,14.0,18.1,0,33.5,34.3,0,NONE,SHIFT_A (06:00-14:00),1.11
IMO9300848,Maersk Feeder 0848,Maersk,Feeder,1448,150.0,8.7,B-10,2,2026-05-19T10:24:19.419517+00:00,2026-05-19T14:30:19.419517+00:00,2026-05-20T07:06:19.419517+00:00,12.2,34.9,1,16.4,16.6,0,NONE,SHIFT_B (14:00-22:00),4.1
IMO9300849,ONE Feeder 0849,ONE,Feeder,2292,179.5,8.3,B-09,2,2026-07-19T18:24:48.305188+00:00,2026-07-19T18:59:36.305188+00:00,2026-07-20T13:05:36.305188+00:00,15.0,9.1,0,17.1,18.1,61,CRANE_OUTAGE,SHIFT_B (14:00-22:00),0.58
IMO9300850,PIL Handymax 0850,PIL,Handymax,3426,184.7,9.7,B-06,3,2025-08-06T19:25:41.877062+00:00,2025-08-06T21:17:53.877062+00:00,2025-08-08T00:41:53.877062+00:00,15.1,14.5,0,24.8,27.4,155,CRANE_OUTAGE,SHIFT_B (14:00-22:00),1.87
IMO9300851,Maersk Handymax 0851,Maersk,Handymax,2445,210.7,10.5,B-08,2,2025-10-21T23:04:36.127836+00:00,2025-10-22T02:13:00.127836+00:00,2025-10-23T07:19:00.127836+00:00,11.5,11.4,0,21.2,29.1,472,WEATHER,SHIFT_C (22:00-06:00),3.14
IMO9300852,Hapag-Lloyd Post-Panamax 0852,Hapag-Lloyd,Post-Panamax,8851,315.5,13.3,B-02,4,2026-03-01T11:14:42.074219+00:00,2026-03-01T11:14:42.074219+00:00,2026-03-03T13:32:42.074219+00:00,11.6,16.6,0,50.9,50.3,0,NONE,SHIFT_A (06:00-14:00),0.0
IMO9300853,HMM ULCV 0853,HMM,ULCV,22026,389.7,15.0,B-02,4,2025-07-28T19:27:34.454017+00:00,2025-07-28T19:55:46.454017+00:00,2025-07-31T17:31:46.454017+00:00,16.6,14.2,0,64.8,69.6,287,WEATHER,SHIFT_B (14:00-22:00),0.47
IMO9300854,ONE Feeder 0854,ONE,Feeder,2123,189.6,8.1,B-10,2,2025-02-22T06:22:13.386029+00:00,2025-02-22T07:33:01.386029+00:00,2025-02-23T07:51:01.386029+00:00,13.8,9.3,0,16.0,24.3,496,WEATHER,SHIFT_A (06:00-14:00),1.18
IMO9300855,ONE Handymax 0855,ONE,Handymax,2064,190.3,9.7,B-06,3,2025-09-11T04:18:50.450872+00:00,2025-09-11T04:52:26.450872+00:00,2025-09-12T04:34:26.450872+00:00,13.0,14.6,0,22.4,23.7,77,CRANE_OUTAGE,SHIFT_C (22:00-06:00),0.56
IMO9300856,COSCO Handymax 0856,COSCO,Handymax,2016,205.2,10.7,B-07,3,2025-11-18T23:30:56.474674+00:00,2025-11-19T03:20:44.474674+00:00,2025-11-20T05:44:44.474674+00:00,14.0,12.0,0,23.0,26.4,201,YARD_CONGESTION,SHIFT_C (22:00-06:00),3.83
IMO9300857,Evergreen Feeder 0857,Evergreen,Feeder,2062,175.1,8.1,B-09,2,2025-07-18T02:32:10.036754+00:00,2025-07-18T03:28:34.036754+00:00,2025-07-18T21:58:34.036754+00:00,11.8,14.7,0,18.6,18.5,0,NONE,SHIFT_C (22:00-06:00),0.94
IMO9300858,MSC Panamax 0858,MSC,Panamax,5076,288.0,11.8,B-04,3,2025-11-19T06:47:56.203349+00:00,2025-11-19T11:50:20.203349+00:00,2025-11-20T18:44:20.203349+00:00,16.2,21.6,0,31.0,30.9,0,NONE,SHIFT_A (06:00-14:00),5.04
IMO9300859,ONE Neo-Panamax 0859,ONE,Neo-Panamax,11143,364.7,14.6,B-01,4,2025-05-28T20:40:58.391616+00:00,2025-05-28T22:13:22.391616+00:00,2025-05-31T05:07:22.391616+00:00,13.9,6.2,0,55.1,54.9,0,NONE,SHIFT_C (22:00-06:00),1.54
IMO9300860,ONE Post-Panamax 0860,ONE,Post-Panamax,7158,344.1,13.1,B-02,4,2026-04-01T05:58:00.582999+00:00,2026-04-01T08:14:12.582999+00:00,2026-04-03T12:44:12.582999+00:00,15.6,9.2,0,48.3,52.5,251,CRANE_OUTAGE,SHIFT_A (06:00-14:00),2.27
IMO9300861,Evergreen Feeder 0861,Evergreen,Feeder,2206,150.7,8.2,B-09,2,2025-05-03T09:51:22.455487+00:00,2025-05-03T12:58:34.455487+00:00,2025-05-04T05:40:34.455487+00:00,13.1,23.4,0,17.5,16.7,0,NONE,SHIFT_A (06:00-14:00),3.12
IMO9300862,Hapag-Lloyd Post-Panamax 0862,Hapag-Lloyd,Post-Panamax,8819,320.0,13.2,B-04,3,2025-07-15T16:26:40.062516+00:00,2025-07-15T16:26:40.062516+00:00,2025-07-17T21:20:40.062516+00:00,13.0,15.9,0,52.0,52.9,51,PILOT_UNAVAILABLE,SHIFT_B (14:00-22:00),0.0
IMO9300863,Evergreen Feeder 0863,Evergreen,Feeder,1496,176.1,7.9,B-10,2,2025-02-02T20:42:31.323112+00:00,2025-02-02T20:46:07.323112+00:00,2025-02-03T13:58:07.323112+00:00,12.6,27.1,0,17.8,17.2,0,NONE,SHIFT_B (14:00-22:00),0.06
IMO9300864,Wan Hai Panamax 0864,Wan Hai,Panamax,3617,246.9,10.4,B-06,3,2026-02-06T08:26:49.194297+00:00,2026-02-06T09:31:01.194297+00:00,2026-02-07T19:19:01.194297+00:00,13.1,19.0,0,32.3,33.8,90,PILOT_UNAVAILABLE,SHIFT_A (06:00-14:00),1.07
IMO9300865,COSCO Feeder 0865,COSCO,Feeder,2205,157.9,7.2,B-10,2,2026-07-07T05:19:18.222318+00:00,2026-07-07T09:10:54.222318+00:00,2026-07-08T02:16:54.222318+00:00,12.0,2.4,0,17.3,17.1,0,NONE,SHIFT_A (06:00-14:00),3.86
IMO9300866,X-Press Feeders Panamax 0866,X-Press Feeders,Panamax,4740,249.6,10.1,B-06,3,2025-04-02T06:24:22.846579+00:00,2025-04-02T08:34:34.846579+00:00,2025-04-03T09:46:34.846579+00:00,15.9,7.0,0,24.8,25.2,0,NONE,SHIFT_A (06:00-14:00),2.17
IMO9300867,PIL Post-Panamax 0867,PIL,Post-Panamax,9973,305.6,12.9,B-05,3,2025-03-20T15:25:33.395117+00:00,2025-03-20T17:40:33.395117+00:00,2025-03-22T22:46:33.395117+00:00,14.0,1.9,0,53.2,53.1,0,NONE,SHIFT_B (14:00-22:00),2.25
IMO9300868,SITC Panamax 0868,SITC,Panamax,3163,250.4,10.9,B-04,3,2025-01-01T17:32:39.932628+00:00,2025-01-01T18:15:51.932628+00:00,2025-01-03T03:33:51.932628+00:00,16.8,14.4,0,33.5,33.3,0,NONE,SHIFT_B (14:00-22:00),0.72
IMO9300869,Maersk Post-Panamax 0869,Maersk,Post-Panamax,9423,327.1,12.9,B-04,3,2026-09-05T13:52:01.062948+00:00,2026-09-05T14:24:25.062948+00:00,2026-09-07T15:12:25.062948+00:00,16.8,17.2,0,45.7,48.8,187,CRANE_OUTAGE,SHIFT_B (14:00-22:00),0.54
IMO9300870,COSCO Feeder 0870,COSCO,Feeder,1810,137.6,7.4,B-09,2,2024-12-14T20:57:12.016143+00:00,2024-12-14T23:22:24.016143+00:00,2024-12-15T23:22:24.016143+00:00,12.1,12.2,0,19.3,24.0,279,YARD_CONGESTION,SHIFT_C (22:00-06:00),2.42
IMO9300871,Wan Hai Feeder 0871,Wan Hai,Feeder,2282,152.4,7.4,B-10,2,2025-02-10T14:32:28.026296+00:00,2025-02-10T17:09:04.026296+00:00,2025-02-11T09:39:04.026296+00:00,15.8,20.2,0,16.8,16.5,0,NONE,SHIFT_B (14:00-22:00),2.61
IMO9300872,HMM Feeder 0872,HMM,Feeder,962,173.3,8.9,B-09,2,2024-10-23T18:00:04.264415+00:00,2024-10-23T20:37:16.264415+00:00,2024-10-24T11:55:16.264415+00:00,9.2,22.1,0,15.3,15.3,0,NONE,SHIFT_B (14:00-22:00),2.62
IMO9300873,MSC Post-Panamax 0873,MSC,Post-Panamax,10079,318.7,13.4,B-03,4,2025-03-29T19:26:14.473752+00:00,2025-03-29T22:04:38.473752+00:00,2025-03-31T16:04:38.473752+00:00,13.1,18.9,0,38.7,42.0,199,CRANE_OUTAGE,SHIFT_C (22:00-06:00),2.64
IMO9300874,ONE Feeder 0874,ONE,Feeder,1065,131.1,8.0,B-09,2,2026-03-10T00:54:32.038630+00:00,2026-03-10T00:54:32.038630+00:00,2026-03-10T18:06:32.038630+00:00,16.1,17.3,0,18.2,17.2,0,NONE,SHIFT_C (22:00-06:00),0.0
IMO9300875,CMA CGM Handymax 0875,CMA CGM,Handymax,3247,204.5,10.3,B-09,2,2025-07-22T04:16:59.308883+00:00,2025-07-22T05:16:59.308883+00:00,2025-07-23T05:16:59.308883+00:00,13.3,13.0,0,24.4,24.0,0,NONE,SHIFT_C (22:00-06:00),1.0
IMO9300876,SITC Panamax 0876,SITC,Panamax,5180,279.8,11.0,B-05,3,2025-05-21T23:15:48.683804+00:00,2025-05-22T00:21:12.683804+00:00,2025-05-23T12:33:12.683804+00:00,17.9,10.3,0,33.4,36.2,169,PILOT_UNAVAILABLE,SHIFT_C (22:00-06:00),1.09
IMO9300877,PIL Panamax 0877,PIL,Panamax,5169,225.8,11.5,B-06,3,2026-02-11T10:20:51.893917+00:00,2026-02-11T12:15:27.893917+00:00,2026-02-12T22:51:27.893917+00:00,12.5,14.6,0,34.6,34.6,0,NONE,SHIFT_A (06:00-14:00),1.91
IMO9300878,Maersk Panamax 0878,Maersk,Panamax,5010,272.6,10.6,B-05,3,2025-12-22T03:58:30.077775+00:00,2025-12-22T06:26:06.077775+00:00,2025-12-23T20:02:06.077775+00:00,11.3,16.0,0,37.9,37.6,0,NONE,SHIFT_A (06:00-14:00),2.46
IMO9300879,COSCO Feeder 0879,COSCO,Feeder,1125,164.2,7.4,B-10,2,2024-10-13T20:48:00.516445+00:00,2024-10-13T21:34:12.516445+00:00,2024-10-15T00:28:12.516445+00:00,14.0,9.5,0,20.0,26.9,412,WEATHER,SHIFT_B (14:00-22:00),0.77
IMO9300880,Wan Hai Feeder 0880,Wan Hai,Feeder,1261,160.1,8.3,B-09,2,2025-09-27T03:36:17.965587+00:00,2025-09-27T04:38:05.965587+00:00,2025-09-27T23:14:05.965587+00:00,15.4,14.5,0,16.3,18.6,135,YARD_CONGESTION,SHIFT_C (22:00-06:00),1.03
IMO9300881,Maersk Panamax 0881,Maersk,Panamax,4900,257.3,10.7,B-05,3,2025-05-14T12:15:59.228765+00:00,2025-05-14T14:41:47.228765+00:00,2025-05-15T20:05:47.228765+00:00,15.9,13.6,0,30.0,29.4,0,NONE,SHIFT_B (14:00-22:00),2.43
IMO9300882,CMA CGM Panamax 0882,CMA CGM,Panamax,3093,262.0,11.5,B-06,3,2025-07-06T10:08:33.203020+00:00,2025-07-06T12:22:21.203020+00:00,2025-07-07T17:22:21.203020+00:00,12.6,8.3,0,28.2,29.0,50,PILOT_UNAVAILABLE,SHIFT_A (06:00-14:00),2.23
IMO9300883,X-Press Feeders Post-Panamax 0883,X-Press Feeders,Post-Panamax,7822,327.6,14.2,B-04,3,2025-12-26T15:22:56.027661+00:00,2025-12-26T16:52:20.027661+00:00,2025-12-28T19:28:20.027661+00:00,13.7,28.6,1,50.0,50.6,0,NONE,SHIFT_B (14:00-22:00),1.49
IMO9300884,SITC Feeder 0884,SITC,Feeder,1708,157.6,8.7,B-08,2,2025-02-21T22:02:40.252252+00:00,2025-02-22T00:39:52.252252+00:00,2025-02-22T21:15:52.252252+00:00,10.1,32.2,1,18.5,20.6,126,YARD_CONGESTION,SHIFT_C (22:00-06:00),2.62
IMO9300885,CMA CGM Feeder 0885,CMA CGM,Feeder,2186,130.4,7.1,B-09,2,2025-01-02T07:56:45.554008+00:00,2025-01-02T12:26:09.554008+00:00,2025-01-03T07:26:09.554008+00:00,14.4,5.5,0,17.0,19.0,121,CRANE_OUTAGE,SHIFT_A (06:00-14:00),4.49
IMO9300886,Maersk Post-Panamax 0886,Maersk,Post-Panamax,6989,321.9,14.2,B-03,4,2025-02-11T04:35:55.385501+00:00,2025-02-11T06:16:07.385501+00:00,2025-02-13T04:10:07.385501+00:00,14.4,23.3,0,45.2,45.9,0,NONE,SHIFT_A (06:00-14:00),1.67
IMO9300887,SITC Panamax 0887,SITC,Panamax,3597,250.0,10.2,B-06,3,2025-03-21T20:16:10.820974+00:00,2025-03-21T20:16:10.820974+00:00,2025-03-23T00:16:10.820974+00:00,13.0,20.1,0,28.6,28.0,0,NONE,SHIFT_B (14:00-22:00),0.0
IMO9300888,HMM Panamax 0888,HMM,Panamax,3303,226.8,11.3,B-07,3,2024-12-10T05:04:49.076334+00:00,2024-12-10T07:34:13.076334+00:00,2024-12-11T18:04:13.076334+00:00,14.5,15.1,0,34.7,34.5,0,NONE,SHIFT_A (06:00-14:00),2.49
IMO9300889,HMM Post-Panamax 0889,HMM,Post-Panamax,7647,328.4,13.7,B-02,4,2025-09-07T18:18:00.340005+00:00,2025-09-07T21:46:48.340005+00:00,2025-09-10T01:10:48.340005+00:00,15.1,16.5,0,45.6,51.4,350,CRANE_OUTAGE,SHIFT_B (14:00-22:00),3.48
IMO9300890,OOCL Panamax 0890,OOCL,Panamax,3632,269.9,11.3,B-05,3,2026-06-04T18:10:17.573634+00:00,2026-06-04T18:38:29.573634+00:00,2026-06-06T05:20:29.573634+00:00,12.6,11.1,0,35.3,34.7,0,NONE,SHIFT_B (14:00-22:00),0.47
IMO9300891,Maersk Handymax 0891,Maersk,Handymax,3058,190.4,10.3,B-09,2,2025-10-09T23:59:31.594971+00:00,2025-10-10T03:37:19.594971+00:00,2025-10-11T00:31:19.594971+00:00,11.7,18.3,0,21.2,20.9,0,NONE,SHIFT_C (22:00-06:00),3.63
IMO9300892,Evergreen Neo-Panamax 0892,Evergreen,Neo-Panamax,13964,362.6,14.5,B-02,4,2026-09-07T22:36:59.293413+00:00,2026-09-07T23:28:35.293413+00:00,2026-09-10T06:46:35.293413+00:00,13.7,29.4,1,55.8,55.3,0,NONE,SHIFT_C (22:00-06:00),0.86
IMO9300893,COSCO Post-Panamax 0893,COSCO,Post-Panamax,10262,332.5,13.2,B-05,3,2024-11-30T11:50:17.044599+00:00,2024-11-30T16:19:41.044599+00:00,2024-12-02T15:19:41.044599+00:00,12.6,23.9,0,47.6,47.0,0,NONE,SHIFT_B (14:00-22:00),4.49
IMO9300894,X-Press Feeders Post-Panamax 0894,X-Press Feeders,Post-Panamax,10656,331.3,14.4,B-01,4,2026-03-06T20:34:46.146030+00:00,2026-03-06T23:35:58.146030+00:00,2026-03-08T17:23:58.146030+00:00,13.6,30.8,1,41.9,41.8,0,NONE,SHIFT_C (22:00-06:00),3.02
IMO9300895,Evergreen Feeder 0895,Evergreen,Feeder,1301,171.4,8.6,B-08,2,2025-05-09T23:43:31.595561+00:00,2025-05-10T00:59:43.595561+00:00,2025-05-10T19:05:43.595561+00:00,14.6,17.5,0,17.6,18.1,0,NONE,SHIFT_C (22:00-06:00),1.27
IMO9300896,Hapag-Lloyd Feeder 0896,Hapag-Lloyd,Feeder,1266,161.4,7.2,B-08,2,2025-07-23T18:54:27.887019+00:00,2025-07-23T19:44:15.887019+00:00,2025-07-24T19:02:15.887019+00:00,12.3,16.9,0,19.1,23.3,253,WEATHER,SHIFT_B (14:00-22:00),0.83
IMO9300897,CMA CGM Post-Panamax 0897,CMA CGM,Post-Panamax,7183,309.8,12.7,B-04,3,2026-04-29T03:44:47.866617+00:00,2026-04-29T04:38:11.866617+00:00,2026-05-01T00:14:11.866617+00:00,14.2,15.0,0,41.1,43.6,147,WEATHER,SHIFT_C (22:00-06:00),0.89
IMO9300898,SITC Post-Panamax 0898,SITC,Post-Panamax,10237,338.9,12.9,B-01,4,2026-03-21T01:12:15.511000+00:00,2026-03-21T01:53:03.511000+00:00,2026-03-23T06:35:03.511000+00:00,14.2,13.4,0,52.8,52.7,0,NONE,SHIFT_C (22:00-06:00),0.68
IMO9300899,ZIM Handymax 0899,ZIM,Handymax,2698,190.6,9.8,B-08,2,2025-05-18T11:23:58.952442+00:00,2025-05-18T11:29:22.952442+00:00,2025-05-19T12:11:22.952442+00:00,14.5,6.8,0,24.1,24.7,0,NONE,SHIFT_A (06:00-14:00),0.09
IMO9300900,OOCL Panamax 0900,OOCL,Panamax,4769,231.4,10.1,B-06,3,2026-07-12T03:23:06.428082+00:00,2026-07-12T04:03:18.428082+00:00,2026-07-13T19:39:18.428082+00:00,13.0,24.6,0,36.5,39.6,189,WEATHER,SHIFT_C (22:00-06:00),0.67
IMO9300901,Yang Ming Post-Panamax 0901,Yang Ming,Post-Panamax,9121,310.7,13.5,B-05,3,2025-10-13T16:02:11.068884+00:00,2025-10-13T16:35:47.068884+00:00,2025-10-15T12:53:47.068884+00:00,10.7,9.3,0,44.6,44.3,0,NONE,SHIFT_B (14:00-22:00),0.56
IMO9300902,Evergreen Feeder 0902,Evergreen,Feeder,1857,166.6,7.4,B-09,2,2025-06-04T23:54:31.462679+00:00,2025-06-05T00:34:07.462679+00:00,2025-06-05T22:04:07.462679+00:00,14.8,22.0,0,16.7,21.5,286,YARD_CONGESTION,SHIFT_C (22:00-06:00),0.66
IMO9300903,ZIM ULCV 0903,ZIM,ULCV,19798,378.6,15.1,B-03,4,2026-02-03T06:58:44.541891+00:00,2026-02-03T08:23:20.541891+00:00,2026-02-06T02:35:20.541891+00:00,16.7,21.2,1,66.0,66.2,0,NONE,SHIFT_A (06:00-14:00),1.41
IMO9300904,SITC Feeder 0904,SITC,Feeder,2242,176.0,7.0,B-08,2,2026-04-21T02:07:26.387144+00:00,2026-04-21T03:09:50.387144+00:00,2026-04-22T00:09:50.387144+00:00,14.0,20.0,0,20.6,21.0,0,NONE,SHIFT_C (22:00-06:00),1.04
IMO9300905,ONE Handymax 0905,ONE,Handymax,2901,211.9,10.0,B-08,2,2026-07-03T07:33:55.707757+00:00,2026-07-03T09:03:19.707757+00:00,2026-07-04T09:21:19.707757+00:00,16.1,14.8,0,23.4,24.3,56,PILOT_UNAVAILABLE,SHIFT_A (06:00-14:00),1.49
IMO9300906,X-Press Feeders Post-Panamax 0906,X-Press Feeders,Post-Panamax,10489,334.4,14.3,B-02,4,2026-02-28T14:52:56.276020+00:00,2026-02-28T14:58:56.276020+00:00,2026-03-02T14:28:56.276020+00:00,13.9,17.4,0,48.0,47.5,0,NONE,SHIFT_B (14:00-22:00),0.1
IMO9300907,ZIM Handymax 0907,ZIM,Handymax,2151,184.4,8.8,B-08,2,2024-10-15T02:27:43.695729+00:00,2024-10-15T04:13:19.695729+00:00,2024-10-16T01:01:19.695729+00:00,11.2,25.1,0,21.0,20.8,0,NONE,SHIFT_C (22:00-06:00),1.76
IMO9300908,HMM Handymax 0908,HMM,Handymax,3412,202.3,10.5,B-06,3,2026-06-09T02:47:27.521139+00:00,2026-06-09T03:24:39.521139+00:00,2026-06-10T04:24:39.521139+00:00,16.4,21.4,0,20.9,25.0,244,CRANE_OUTAGE,SHIFT_C (22:00-06:00),0.62
IMO9300909,SITC Neo-Panamax 0909,SITC,Neo-Panamax,12631,359.4,13.9,B-02,4,2026-04-07T08:46:02.301873+00:00,2026-04-07T12:03:26.301873+00:00,2026-04-09T18:27:26.301873+00:00,12.8,32.0,1,54.6,54.4,0,NONE,SHIFT_A (06:00-14:00),3.29
IMO9300910,MSC Post-Panamax 0910,MSC,Post-Panamax,10696,341.6,12.6,B-03,4,2026-09-06T12:37:17.093172+00:00,2026-09-06T14:39:05.093172+00:00,2026-09-08T22:27:05.093172+00:00,16.6,14.0,0,47.6,55.8,494,WEATHER,SHIFT_B (14:00-22:00),2.03
IMO9300911,ZIM Panamax 0911,ZIM,Panamax,3309,260.2,11.3,B-04,3,2024-10-17T05:25:25.777247+00:00,2024-10-17T07:48:13.777247+00:00,2024-10-18T19:06:13.777247+00:00,12.3,22.3,0,32.9,35.3,142,YARD_CONGESTION,SHIFT_A (06:00-14:00),2.38
IMO9300912,KMTC Post-Panamax 0912,KMTC,Post-Panamax,7746,340.9,13.4,B-03,4,2026-07-27T15:22:32.335834+00:00,2026-07-27T16:25:32.335834+00:00,2026-07-30T00:19:32.335834+00:00,13.3,18.4,0,51.2,55.9,281,CRANE_OUTAGE,SHIFT_B (14:00-22:00),1.05
IMO9300913,X-Press Feeders Neo-Panamax 0913,X-Press Feeders,Neo-Panamax,13194,354.9,13.5,B-01,4,2026-09-12T00:57:08.600033+00:00,2026-09-12T01:49:20.600033+00:00,2026-09-13T22:19:20.600033+00:00,15.4,24.3,0,44.3,44.5,0,NONE,SHIFT_C (22:00-06:00),0.87
IMO9300914,PIL Feeder 0914,PIL,Feeder,1981,183.6,8.8,B-08,2,2026-05-05T07:22:06.391070+00:00,2026-05-05T08:11:18.391070+00:00,2026-05-06T04:23:18.391070+00:00,14.2,7.8,0,19.5,20.2,0,NONE,SHIFT_A (06:00-14:00),0.82
IMO9300915,Hapag-Lloyd Feeder 0915,Hapag-Lloyd,Feeder,1470,162.4,9.4,B-09,2,2024-11-19T03:38:33.512937+00:00,2024-11-19T04:16:57.512937+00:00,2024-11-20T04:10:57.512937+00:00,13.5,8.2,0,20.1,23.9,226,YARD_CONGESTION,SHIFT_C (22:00-06:00),0.64
IMO9300916,SITC Feeder 0916,SITC,Feeder,852,137.4,9.4,B-09,2,2025-01-01T23:49:43.516385+00:00,2025-01-02T00:56:55.516385+00:00,2025-01-02T19:32:55.516385+00:00,14.6,24.2,0,19.2,18.6,0,NONE,SHIFT_C (22:00-06:00),1.12
IMO9300917,COSCO Post-Panamax 0917,COSCO,Post-Panamax,10731,304.6,12.9,B-01,4,2026-05-23T23:43:16.845628+00:00,2026-05-24T02:42:40.845628+00:00,2026-05-25T15:18:40.845628+00:00,18.6,20.6,0,37.2,36.6,0,NONE,SHIFT_C (22:00-06:00),2.99
IMO9300918,PIL Feeder 0918,PIL,Feeder,1735,158.7,8.3,B-08,2,2026-09-12T23:05:43.195858+00:00,2026-09-13T04:10:31.195858+00:00,2026-09-14T01:58:31.195858+00:00,11.6,22.5,0,21.1,21.8,0,NONE,SHIFT_C (22:00-06:00),5.08
IMO9300919,KMTC Neo-Panamax 0919,KMTC,Neo-Panamax,11878,364.6,14.8,B-03,4,2026-07-19T10:04:36.918867+00:00,2026-07-19T10:51:24.918867+00:00,2026-07-21T12:57:24.918867+00:00,13.1,14.7,0,50.8,50.1,0,NONE,SHIFT_A (06:00-14:00),0.78
IMO9300920,Maersk Feeder 0920,Maersk,Feeder,2223,137.7,7.4,B-09,2,2025-03-18T17:11:54.613922+00:00,2025-03-18T20:01:06.613922+00:00,2025-03-19T14:25:06.613922+00:00,15.7,5.1,0,14.2,18.4,250,CRANE_OUTAGE,SHIFT_B (14:00-22:00),2.82
IMO9300921,Evergreen Panamax 0921,Evergreen,Panamax,5124,249.3,10.3,B-05,3,2025-04-02T08:06:16.065078+00:00,2025-04-02T09:59:04.065078+00:00,2025-04-03T19:11:04.065078+00:00,13.4,25.3,0,33.6,33.2,0,NONE,SHIFT_A (06:00-14:00),1.88
IMO9300922,HMM Panamax 0922,HMM,Panamax,3105,263.5,10.1,B-06,3,2026-08-28T16:18:02.269063+00:00,2026-08-28T18:03:02.269063+00:00,2026-08-30T00:09:02.269063+00:00,14.4,14.7,0,30.1,30.1,0,NONE,SHIFT_B (14:00-22:00),1.75
IMO9300923,Evergreen Post-Panamax 0923,Evergreen,Post-Panamax,8324,307.9,12.5,B-01,4,2025-11-20T01:50:50.593451+00:00,2025-11-20T06:20:14.593451+00:00,2025-11-21T21:02:14.593451+00:00,16.4,14.5,0,38.2,38.7,0,NONE,SHIFT_A (06:00-14:00),4.49
IMO9300924,Maersk Post-Panamax 0924,Maersk,Post-Panamax,8604,315.6,13.4,B-02,4,2026-01-28T20:57:15.309069+00:00,2026-01-28T23:24:15.309069+00:00,2026-01-30T20:00:15.309069+00:00,17.1,16.0,0,44.7,44.6,0,NONE,SHIFT_C (22:00-06:00),2.45
IMO9300925,ONE Neo-Panamax 0925,ONE,Neo-Panamax,11168,343.3,14.5,B-01,4,2025-05-31T21:08:52.305732+00:00,2025-05-31T22:31:04.305732+00:00,2025-06-02T23:49:04.305732+00:00,11.6,10.9,0,49.0,49.3,0,NONE,SHIFT_C (22:00-06:00),1.37
IMO9300926,SITC Handymax 0926,SITC,Handymax,3182,206.7,9.8,B-08,2,2025-03-20T10:32:30.993085+00:00,2025-03-20T11:15:42.993085+00:00,2025-03-21T13:51:42.993085+00:00,12.2,7.4,0,25.9,26.6,0,NONE,SHIFT_A (06:00-14:00),0.72
IMO9300927,X-Press Feeders Feeder 0927,X-Press Feeders,Feeder,1173,167.9,9.0,B-08,2,2026-06-07T07:50:49.975076+00:00,2026-06-07T10:31:01.975076+00:00,2026-06-08T03:19:01.975076+00:00,15.2,8.2,0,17.2,16.8,0,NONE,SHIFT_A (06:00-14:00),2.67
IMO9300928,X-Press Feeders Panamax 0928,X-Press Feeders,Panamax,4076,251.6,10.4,B-07,3,2026-06-25T09:53:03.202726+00:00,2026-06-25T12:02:03.202726+00:00,2026-06-26T12:44:03.202726+00:00,15.0,10.8,0,24.1,24.7,0,NONE,SHIFT_A (06:00-14:00),2.15
IMO9300929,OOCL Handymax 0929,OOCL,Handymax,2197,210.9,9.6,B-08,2,2025-03-18T00:15:00.890922+00:00,2025-03-18T01:24:36.890922+00:00,2025-03-19T05:36:36.890922+00:00,17.6,13.8,0,27.4,28.2,0,NONE,SHIFT_C (22:00-06:00),1.16
IMO9300930,COSCO Neo-Panamax 0930,COSCO,Neo-Panamax,12847,354.3,14.1,B-02,4,2025-10-27T13:29:43.998790+00:00,2025-10-27T15:53:43.998790+00:00,2025-10-29T16:17:43.998790+00:00,18.9,16.3,0,46.9,48.4,91,PILOT_UNAVAILABLE,SHIFT_B (14:00-22:00),2.4
IMO9300931,ONE Handymax 0931,ONE,Handymax,2034,185.7,10.2,B-07,3,2025-04-08T11:49:15.356750+00:00,2025-04-08T12:19:15.356750+00:00,2025-04-09T19:01:15.356750+00:00,16.4,7.9,0,26.1,30.7,275,WEATHER,SHIFT_A (06:00-14:00),0.5
IMO9300932,Evergreen Panamax 0932,Evergreen,Panamax,3678,246.2,10.2,B-05,3,2025-01-19T11:20:14.856923+00:00,2025-01-19T11:48:26.856923+00:00,2025-01-21T03:06:26.856923+00:00,17.0,20.9,0,38.8,39.3,0,NONE,SHIFT_A (06:00-14:00),0.47
IMO9300933,X-Press Feeders Handymax 0933,X-Press Feeders,Handymax,2862,191.9,10.8,B-09,2,2025-10-16T10:53:21.558076+00:00,2025-10-16T13:22:45.558076+00:00,2025-10-17T14:04:45.558076+00:00,17.7,0.5,0,24.0,24.7,0,NONE,SHIFT_A (06:00-14:00),2.49
IMO9300934,CMA CGM Panamax 0934,CMA CGM,Panamax,3588,224.1,10.8,B-07,3,2025-02-03T10:28:09.865818+00:00,2025-02-03T13:59:21.865818+00:00,2025-02-04T14:23:21.865818+00:00,16.0,21.3,0,24.0,24.4,0,NONE,SHIFT_A (06:00-14:00),3.52
IMO9300935,X-Press Feeders Panamax 0935,X-Press Feeders,Panamax,4435,261.4,10.5,B-04,3,2026-04-08T08:32:56.517787+00:00,2026-04-08T10:07:08.517787+00:00,2026-04-09T20:07:08.517787+00:00,14.2,13.3,0,31.3,34.0,165,CRANE_OUTAGE,SHIFT_A (06:00-14:00),1.57
IMO9300936,HMM Panamax 0936,HMM,Panamax,3480,273.2,10.0,B-06,3,2025-09-05T23:47:31.552304+00:00,2025-09-05T23:47:31.552304+00:00,2025-09-07T06:47:31.552304+00:00,13.4,21.5,0,30.5,31.0,0,NONE,SHIFT_C (22:00-06:00),0.0
IMO9300937,SITC Panamax 0937,SITC,Panamax,4398,230.8,11.8,B-06,3,2024-11-04T00:37:39.761611+00:00,2024-11-04T03:20:51.761611+00:00,2024-11-05T09:02:51.761611+00:00,15.4,10.3,0,29.4,29.7,0,NONE,SHIFT_C (22:00-06:00),2.72
IMO9300938,OOCL Neo-Panamax 0938,OOCL,Neo-Panamax,10844,359.7,13.9,B-01,4,2024-09-30T09:44:11.381510+00:00,2024-09-30T10:17:11.381510+00:00,2024-10-02T18:35:11.381510+00:00,13.1,17.4,0,49.1,56.3,430,WEATHER,SHIFT_A (06:00-14:00),0.55
IMO9300939,KMTC Panamax 0939,KMTC,Panamax,4147,249.5,11.3,B-06,3,2024-12-06T05:29:01.871742+00:00,2024-12-06T06:18:49.871742+00:00,2024-12-07T14:36:49.871742+00:00,13.3,18.8,0,32.0,32.3,0,NONE,SHIFT_A (06:00-14:00),0.83
IMO9300940,OOCL Panamax 0940,OOCL,Panamax,4088,235.5,10.9,B-04,3,2024-09-30T14:57:52.948222+00:00,2024-09-30T17:12:16.948222+00:00,2024-10-02T01:42:16.948222+00:00,12.0,23.2,0,32.4,32.5,0,NONE,SHIFT_B (14:00-22:00),2.24
IMO9300941,X-Press Feeders Neo-Panamax 0941,X-Press Feeders,Neo-Panamax,10807,341.1,13.7,B-03,4,2026-07-11T21:25:02.946929+00:00,2026-07-11T23:10:02.946929+00:00,2026-07-14T08:58:02.946929+00:00,14.2,16.9,0,50.2,57.8,457,WEATHER,SHIFT_C (22:00-06:00),1.75
IMO9300942,PIL Post-Panamax 0942,PIL,Post-Panamax,10274,332.4,13.4,B-05,3,2025-01-04T22:59:57.062021+00:00,2025-01-04T23:14:57.062021+00:00,2025-01-07T07:14:57.062021+00:00,11.9,4.1,0,51.3,56.0,281,CRANE_OUTAGE,SHIFT_C (22:00-06:00),0.25
IMO9300943,Maersk Post-Panamax 0943,Maersk,Post-Panamax,9194,310.8,12.9,B-01,4,2026-02-19T21:20:54.224464+00:00,2026-02-19T22:22:42.224464+00:00,2026-02-22T04:10:42.224464+00:00,14.7,14.4,0,49.8,53.8,240,CRANE_OUTAGE,SHIFT_C (22:00-06:00),1.03
IMO9300944,Yang Ming ULCV 0944,Yang Ming,ULCV,19316,375.4,16.1,B-02,4,2025-05-03T04:14:58.803712+00:00,2025-05-03T05:13:10.803712+00:00,2025-05-06T11:01:10.803712+00:00,15.7,18.1,0,70.8,77.8,421,WEATHER,SHIFT_C (22:00-06:00),0.97
IMO9300945,X-Press Feeders Handymax 0945,X-Press Feeders,Handymax,2352,210.1,10.5,B-09,2,2025-01-09T19:48:56.146315+00:00,2025-01-09T20:17:08.146315+00:00,2025-01-10T23:41:08.146315+00:00,16.7,20.6,0,25.0,27.4,141,WEATHER,SHIFT_B (14:00-22:00),0.47
IMO9300946,CMA CGM Neo-Panamax 0946,CMA CGM,Neo-Panamax,14073,356.6,14.1,B-03,4,2026-05-07T05:13:08.269337+00:00,2026-05-07T06:11:20.269337+00:00,2026-05-09T18:53:20.269337+00:00,14.2,12.9,0,60.2,60.7,0,NONE,SHIFT_A (06:00-14:00),0.97
IMO9300947,Evergreen Neo-Panamax 0947,Evergreen,Neo-Panamax,10913,364.9,14.1,B-01,4,2025-07-26T13:03:13.601234+00:00,2025-07-26T16:13:25.601234+00:00,2025-07-28T20:49:25.601234+00:00,13.0,16.5,0,52.3,52.6,0,NONE,SHIFT_B (14:00-22:00),3.17
IMO9300948,CMA CGM Feeder 0948,CMA CGM,Feeder,2158,172.7,9.3,B-09,2,2025-01-13T00:26:35.529828+00:00,2025-01-13T00:33:47.529828+00:00,2025-01-13T20:33:47.529828+00:00,13.6,7.8,0,20.3,20.0,0,NONE,SHIFT_C (22:00-06:00),0.12
IMO9300949,ZIM Neo-Panamax 0949,ZIM,Neo-Panamax,12652,355.9,15.4,B-01,4,2025-11-03T18:40:20.427283+00:00,2025-11-03T22:25:56.427283+00:00,2025-11-05T23:43:56.427283+00:00,15.1,18.8,0,42.1,49.3,431,TIDAL_WINDOW_MISSED,SHIFT_C (22:00-06:00),3.76
IMO9300950,SITC Neo-Panamax 0950,SITC,Neo-Panamax,10101,356.8,13.9,B-02,4,2026-03-26T20:30:54.791382+00:00,2026-03-26T21:43:30.791382+00:00,2026-03-28T19:13:30.791382+00:00,11.9,3.1,0,45.5,45.5,0,NONE,SHIFT_B (14:00-22:00),1.21
IMO9300951,KMTC Panamax 0951,KMTC,Panamax,4636,233.0,11.0,B-07,3,2025-03-29T20:46:01.933276+00:00,2025-03-29T21:24:25.933276+00:00,2025-03-31T07:54:25.933276+00:00,9.6,22.5,0,31.7,34.5,165,YARD_CONGESTION,SHIFT_B (14:00-22:00),0.64
IMO9300952,PIL Handymax 0952,PIL,Handymax,2658,183.1,10.2,B-07,3,2025-02-22T18:42:19.104806+00:00,2025-02-22T21:48:19.104806+00:00,2025-02-24T12:24:19.104806+00:00,17.8,16.9,0,27.5,38.6,667,TIDAL_WINDOW_MISSED,SHIFT_B (14:00-22:00),3.1
IMO9300953,COSCO Panamax 0953,COSCO,Panamax,4426,276.5,11.2,B-05,3,2025-10-18T09:49:07.545253+00:00,2025-10-18T11:28:43.545253+00:00,2025-10-19T17:16:43.545253+00:00,14.2,17.7,0,28.3,29.8,88,PILOT_UNAVAILABLE,SHIFT_A (06:00-14:00),1.66
IMO9300954,SITC Feeder 0954,SITC,Feeder,1511,163.5,7.1,B-09,2,2025-01-01T23:03:45.856236+00:00,2025-01-02T00:13:57.856236+00:00,2025-01-02T23:43:57.856236+00:00,14.2,7.8,0,17.7,23.5,351,CRANE_OUTAGE,SHIFT_C (22:00-06:00),1.17
IMO9300955,Maersk Handymax 0955,Maersk,Handymax,3442,208.5,9.7,B-07,3,2024-10-08T14:34:10.083615+00:00,2024-10-08T16:04:46.083615+00:00,2024-10-09T15:34:46.083615+00:00,16.4,16.0,0,22.9,23.5,0,NONE,SHIFT_B (14:00-22:00),1.51
IMO9300956,Hapag-Lloyd ULCV 0956,Hapag-Lloyd,ULCV,23615,392.1,16.5,B-02,4,2025-01-05T10:41:34.726744+00:00,2025-01-05T13:54:10.726744+00:00,2025-01-08T08:24:10.726744+00:00,13.9,32.0,1,67.4,66.5,0,NONE,SHIFT_A (06:00-14:00),3.21
IMO9300957,Evergreen Panamax 0957,Evergreen,Panamax,3734,271.3,10.5,B-05,3,2026-08-27T23:11:37.798277+00:00,2026-08-28T02:32:37.798277+00:00,2026-08-29T20:20:37.798277+00:00,13.2,11.9,0,35.0,41.8,410,CRANE_OUTAGE,SHIFT_C (22:00-06:00),3.35
IMO9300958,KMTC Handymax 0958,KMTC,Handymax,2703,195.3,9.7,B-07,3,2026-07-11T05:01:02.897737+00:00,2026-07-11T06:59:14.897737+00:00,2026-07-12T00:53:14.897737+00:00,13.5,12.4,0,18.6,17.9,0,NONE,SHIFT_A (06:00-14:00),1.97
IMO9300959,Yang Ming Panamax 0959,Yang Ming,Panamax,3334,244.6,11.3,B-06,3,2025-10-28T03:57:16.522177+00:00,2025-10-28T06:32:04.522177+00:00,2025-10-29T20:26:04.522177+00:00,15.3,25.3,0,36.1,37.9,108,CRANE_OUTAGE,SHIFT_A (06:00-14:00),2.58
IMO9300960,Maersk Feeder 0960,Maersk,Feeder,856,130.3,8.0,B-10,2,2025-08-08T20:12:11.719351+00:00,2025-08-08T21:58:23.719351+00:00,2025-08-09T15:22:23.719351+00:00,15.6,24.4,0,18.1,17.4,0,NONE,SHIFT_B (14:00-22:00),1.77
IMO9300961,PIL Feeder 0961,PIL,Feeder,1116,135.8,8.7,B-10,2,2025-12-22T23:14:48.015240+00:00,2025-12-23T01:44:48.015240+00:00,2025-12-24T01:56:48.015240+00:00,16.2,23.9,0,18.9,24.2,317,WEATHER,SHIFT_C (22:00-06:00),2.5
IMO9300962,MSC Feeder 0962,MSC,Feeder,2425,186.1,9.2,B-08,2,2025-02-14T09:34:18.659758+00:00,2025-02-14T10:01:54.659758+00:00,2025-02-15T06:25:54.659758+00:00,14.1,11.5,0,20.5,20.4,0,NONE,SHIFT_A (06:00-14:00),0.46
IMO9300963,OOCL Neo-Panamax 0963,OOCL,Neo-Panamax,12763,345.0,13.8,B-02,4,2024-11-19T01:12:30.254432+00:00,2024-11-19T01:33:30.254432+00:00,2024-11-21T10:15:30.254432+00:00,14.0,14.2,0,57.0,56.7,0,NONE,SHIFT_C (22:00-06:00),0.35
IMO9300964,OOCL Feeder 0964,OOCL,Feeder,1533,141.3,8.0,B-08,2,2024-11-27T16:21:17.255063+00:00,2024-11-27T18:30:17.255063+00:00,2024-11-28T14:24:17.255063+00:00,16.0,27.5,0,13.9,19.9,362,CRANE_OUTAGE,SHIFT_B (14:00-22:00),2.15
IMO9300965,CMA CGM Feeder 0965,CMA CGM,Feeder,1879,169.8,7.8,B-10,2,2025-07-31T09:47:10.320319+00:00,2025-07-31T10:15:58.320319+00:00,2025-08-01T04:45:58.320319+00:00,14.1,16.2,0,19.1,18.5,0,NONE,SHIFT_A (06:00-14:00),0.48
IMO9300966,KMTC ULCV 0966,KMTC,ULCV,22035,379.7,15.3,B-01,4,2025-09-29T17:39:46.278479+00:00,2025-09-29T19:54:10.278479+00:00,2025-10-02T20:36:10.278479+00:00,12.9,11.7,0,68.7,72.7,237,WEATHER,SHIFT_B (14:00-22:00),2.24
IMO9300967,MSC Post-Panamax 0967,MSC,Post-Panamax,7230,326.4,12.6,B-03,4,2024-12-15T07:43:51.570381+00:00,2024-12-15T10:06:03.570381+00:00,2024-12-17T08:48:03.570381+00:00,12.2,8.5,0,46.0,46.7,0,NONE,SHIFT_A (06:00-14:00),2.37
IMO9300968,PIL Handymax 0968,PIL,Handymax,3401,218.6,8.6,B-09,2,2025-04-04T19:16:28.965674+00:00,2025-04-04T21:32:04.965674+00:00,2025-04-06T02:44:04.965674+00:00,15.3,15.7,0,26.4,29.2,169,CRANE_OUTAGE,SHIFT_B (14:00-22:00),2.26
IMO9300969,Evergreen Feeder 0969,Evergreen,Feeder,949,183.5,8.8,B-10,2,2026-04-24T16:28:40.652826+00:00,2026-04-24T18:32:16.652826+00:00,2026-04-25T17:50:16.652826+00:00,17.0,2.7,0,19.8,23.3,208,CRANE_OUTAGE,SHIFT_B (14:00-22:00),2.06
IMO9300970,Yang Ming Feeder 0970,Yang Ming,Feeder,1477,169.6,9.3,B-08,2,2024-10-07T23:23:33.425828+00:00,2024-10-08T00:43:21.425828+00:00,2024-10-08T21:37:21.425828+00:00,12.1,23.2,0,21.6,20.9,0,NONE,SHIFT_C (22:00-06:00),1.33
IMO9300971,HMM Feeder 0971,HMM,Feeder,1968,182.9,8.1,B-10,2,2025-01-04T17:15:51.357599+00:00,2025-01-04T18:06:51.357599+00:00,2025-01-05T16:54:51.357599+00:00,13.6,25.3,0,18.3,22.8,272,CRANE_OUTAGE,SHIFT_B (14:00-22:00),0.85
IMO9300972,X-Press Feeders Post-Panamax 0972,X-Press Feeders,Post-Panamax,10499,313.9,14.3,B-03,4,2025-07-13T09:20:47.541204+00:00,2025-07-13T09:43:35.541204+00:00,2025-07-15T12:37:35.541204+00:00,12.3,17.9,0,50.7,50.9,0,NONE,SHIFT_A (06:00-14:00),0.38
IMO9300973,COSCO Feeder 0973,COSCO,Feeder,1800,136.9,9.3,B-08,2,2026-05-09T06:08:57.458024+00:00,2026-05-09T06:34:09.458024+00:00,2026-05-09T22:52:09.458024+00:00,18.3,10.4,0,16.3,16.3,0,NONE,SHIFT_A (06:00-14:00),0.42
IMO9300974,HMM Handymax 0974,HMM,Handymax,2413,184.3,8.8,B-06,3,2025-08-15T00:57:43.779261+00:00,2025-08-15T00:57:43.779261+00:00,2025-08-16T06:39:43.779261+00:00,18.6,15.2,0,30.5,29.7,0,NONE,SHIFT_C (22:00-06:00),0.0
IMO9300975,X-Press Feeders Feeder 0975,X-Press Feeders,Feeder,2451,141.1,8.9,B-08,2,2026-03-28T05:48:50.641420+00:00,2026-03-28T06:11:38.641420+00:00,2026-03-29T02:35:38.641420+00:00,13.2,7.7,0,18.0,20.4,141,YARD_CONGESTION,SHIFT_A (06:00-14:00),0.38
IMO9300976,Wan Hai Post-Panamax 0976,Wan Hai,Post-Panamax,7751,302.2,12.5,B-03,4,2025-01-07T18:45:13.770021+00:00,2025-01-07T20:07:25.770021+00:00,2025-01-10T00:19:25.770021+00:00,15.4,10.2,0,51.0,52.2,73,YARD_CONGESTION,SHIFT_B (14:00-22:00),1.37
IMO9300977,Hapag-Lloyd Handymax 0977,Hapag-Lloyd,Handymax,2461,217.9,9.8,B-07,3,2025-06-23T21:39:35.987421+00:00,2025-06-23T21:54:35.987421+00:00,2025-06-24T16:30:35.987421+00:00,17.0,3.4,0,19.1,18.6,0,NONE,SHIFT_B (14:00-22:00),0.25
IMO9300978,Wan Hai Feeder 0978,Wan Hai,Feeder,1639,133.4,8.7,B-10,2,2025-08-29T18:32:43.947821+00:00,2025-08-29T20:51:55.947821+00:00,2025-08-30T19:15:55.947821+00:00,16.5,17.7,0,23.1,22.4,0,NONE,SHIFT_B (14:00-22:00),2.32
IMO9300979,Yang Ming Feeder 0979,Yang Ming,Feeder,919,130.4,7.0,B-09,2,2025-03-14T02:33:07.898107+00:00,2025-03-14T04:58:55.898107+00:00,2025-03-14T23:16:55.898107+00:00,15.4,17.9,0,17.7,18.3,0,NONE,SHIFT_C (22:00-06:00),2.43
IMO9300980,X-Press Feeders ULCV 0980,X-Press Feeders,ULCV,21367,375.6,15.7,B-03,4,2026-03-31T04:18:56.907703+00:00,2026-03-31T05:16:32.907703+00:00,2026-04-02T20:46:32.907703+00:00,17.0,15.0,0,62.9,63.5,0,NONE,SHIFT_C (22:00-06:00),0.96
IMO9300981,PIL Panamax 0981,PIL,Panamax,3714,235.7,10.6,B-07,3,2024-09-29T07:13:37.615784+00:00,2024-09-29T10:00:25.615784+00:00,2024-09-30T19:00:25.615784+00:00,13.3,3.1,0,32.7,33.0,0,NONE,SHIFT_A (06:00-14:00),2.78
IMO9300982,Yang Ming Panamax 0982,Yang Ming,Panamax,4445,289.1,10.3,B-05,3,2024-11-09T11:58:55.966769+00:00,2024-11-09T13:03:07.966769+00:00,2024-11-10T23:33:07.966769+00:00,12.0,13.7,0,34.8,34.5,0,NONE,SHIFT_A (06:00-14:00),1.07
IMO9300983,Wan Hai Handymax 0983,Wan Hai,Handymax,3085,206.6,8.8,B-07,3,2026-03-25T04:20:02.582168+00:00,2026-03-25T05:33:14.582168+00:00,2026-03-26T04:45:14.582168+00:00,12.2,29.5,1,23.4,23.2,0,NONE,SHIFT_C (22:00-06:00),1.22
IMO9300984,KMTC Neo-Panamax 0984,KMTC,Neo-Panamax,13218,349.7,14.1,B-01,4,2025-10-14T20:24:39.538120+00:00,2025-10-14T20:24:39.538120+00:00,2025-10-17T06:18:39.538120+00:00,10.8,16.1,0,55.4,57.9,150,PILOT_UNAVAILABLE,SHIFT_B (14:00-22:00),0.0
IMO9300985,ONE Feeder 0985,ONE,Feeder,2150,150.3,9.2,B-09,2,2024-11-12T22:09:45.531247+00:00,2024-11-12T22:09:45.531247+00:00,2024-11-13T18:15:45.531247+00:00,16.3,3.3,0,19.3,20.1,0,NONE,SHIFT_C (22:00-06:00),0.0
IMO9300986,Hapag-Lloyd Post-Panamax 0986,Hapag-Lloyd,Post-Panamax,8120,332.1,13.7,B-02,4,2025-11-26T06:14:01.860388+00:00,2025-11-26T08:14:37.860388+00:00,2025-11-28T08:20:37.860388+00:00,15.1,14.6,0,44.7,48.1,206,YARD_CONGESTION,SHIFT_A (06:00-14:00),2.01
IMO9300987,MSC Panamax 0987,MSC,Panamax,3351,267.3,11.6,B-04,3,2026-09-11T22:41:38.826218+00:00,2026-09-12T01:26:38.826218+00:00,2026-09-13T05:50:38.826218+00:00,14.0,24.2,0,29.1,28.4,0,NONE,SHIFT_C (22:00-06:00),2.75
IMO9300988,CMA CGM Feeder 0988,CMA CGM,Feeder,1994,151.8,9.3,B-09,2,2025-10-11T08:34:36.770390+00:00,2025-10-11T13:03:24.770390+00:00,2025-10-12T09:09:24.770390+00:00,14.3,19.7,0,19.5,20.1,0,NONE,SHIFT_A (06:00-14:00),4.48
IMO9300989,KMTC Feeder 0989,KMTC,Feeder,1639,137.1,9.3,B-08,2,2025-08-10T01:34:11.102342+00:00,2025-08-10T01:53:59.102342+00:00,2025-08-10T22:05:59.102342+00:00,12.5,10.9,0,19.5,20.2,0,NONE,SHIFT_C (22:00-06:00),0.33
IMO9300990,COSCO Neo-Panamax 0990,COSCO,Neo-Panamax,13120,359.6,13.8,B-02,4,2025-12-19T05:25:40.869227+00:00,2025-12-19T06:35:52.869227+00:00,2025-12-21T16:47:52.869227+00:00,17.2,8.4,0,53.0,58.2,315,WEATHER,SHIFT_A (06:00-14:00),1.17
IMO9300991,Evergreen Panamax 0991,Evergreen,Panamax,5014,251.3,10.0,B-06,3,2024-12-19T23:46:38.768594+00:00,2024-12-20T03:52:38.768594+00:00,2024-12-21T13:10:38.768594+00:00,14.2,5.4,0,34.0,33.3,0,NONE,SHIFT_C (22:00-06:00),4.1
IMO9300992,ONE ULCV 0992,ONE,ULCV,15361,398.7,15.1,B-02,4,2025-07-11T11:01:03.639782+00:00,2025-07-11T13:11:51.639782+00:00,2025-07-14T01:35:51.639782+00:00,16.0,22.3,1,59.9,60.4,0,NONE,SHIFT_A (06:00-14:00),2.18
IMO9300993,HMM Feeder 0993,HMM,Feeder,848,188.9,9.3,B-09,2,2026-01-31T23:21:37.670791+00:00,2026-02-01T01:28:13.670791+00:00,2026-02-01T18:52:13.670791+00:00,16.8,19.6,0,17.9,17.4,0,NONE,SHIFT_C (22:00-06:00),2.11
IMO9300994,SITC ULCV 0994,SITC,ULCV,14514,388.4,15.2,B-01,4,2024-12-29T17:59:51.972013+00:00,2024-12-29T21:58:39.972013+00:00,2025-01-01T11:22:39.972013+00:00,13.1,27.8,1,61.6,61.4,0,NONE,SHIFT_B (14:00-22:00),3.98
IMO9300995,HMM Handymax 0995,HMM,Handymax,3049,207.9,9.3,B-09,2,2025-11-29T04:56:27.732715+00:00,2025-11-29T04:56:27.732715+00:00,2025-11-30T02:32:27.732715+00:00,18.1,20.1,0,21.0,21.6,0,NONE,SHIFT_C (22:00-06:00),0.0
IMO9300996,CMA CGM Neo-Panamax 0996,CMA CGM,Neo-Panamax,14168,360.9,15.3,B-01,4,2026-09-01T15:05:31.705442+00:00,2026-09-01T16:22:55.705442+00:00,2026-09-03T23:40:55.705442+00:00,14.5,7.3,0,55.3,55.3,0,NONE,SHIFT_B (14:00-22:00),1.29
IMO9300997,CMA CGM Feeder 0997,CMA CGM,Feeder,827,181.8,7.0,B-10,2,2025-02-14T13:20:47.235577+00:00,2025-02-14T16:25:35.235577+00:00,2025-02-15T08:19:35.235577+00:00,12.7,8.0,0,15.3,15.9,0,NONE,SHIFT_B (14:00-22:00),3.08
IMO9300998,COSCO Post-Panamax 0998,COSCO,Post-Panamax,7636,330.6,12.6,B-02,4,2024-11-26T16:19:24.377948+00:00,2024-11-26T16:19:24.377948+00:00,2024-11-28T21:13:24.377948+00:00,15.6,27.8,0,53.1,52.9,0,NONE,SHIFT_B (14:00-22:00),0.0
IMO9300999,ONE Post-Panamax 0999,ONE,Post-Panamax,9124,302.5,12.7,B-05,3,2026-05-02T13:54:06.528492+00:00,2026-05-02T16:05:30.528492+00:00,2026-05-04T19:11:30.528492+00:00,11.9,15.1,0,45.1,51.1,363,CRANE_OUTAGE,SHIFT_B (14:00-22:00),2.19
IMO9301000,MSC Neo-Panamax 1000,MSC,Neo-Panamax,10651,351.5,14.5,B-01,4,2024-10-17T06:03:57.131875+00:00,2024-10-17T06:40:33.131875+00:00,2024-10-19T05:04:33.131875+00:00,16.2,10.5,0,47.2,46.4,0,NONE,SHIFT_A (06:00-14:00),0.61
IMO9301001,ONE Post-Panamax 1001,ONE,Post-Panamax,8365,309.4,13.1,B-02,4,2025-12-08T05:15:30.162434+00:00,2025-12-08T07:12:30.162434+00:00,2025-12-10T03:18:30.162434+00:00,13.2,13.5,0,44.5,44.1,0,NONE,SHIFT_A (06:00-14:00),1.95
IMO9301002,Maersk Feeder 1002,Maersk,Feeder,1315,169.3,9.4,B-09,2,2025-03-24T11:10:57.789301+00:00,2025-03-24T11:49:57.789301+00:00,2025-03-25T13:25:57.789301+00:00,16.0,5.3,0,19.3,25.6,377,CRANE_OUTAGE,SHIFT_A (06:00-14:00),0.65
IMO9301003,KMTC Post-Panamax 1003,KMTC,Post-Panamax,10153,304.0,14.0,B-01,4,2024-10-15T02:39:13.361051+00:00,2024-10-15T03:39:13.361051+00:00,2024-10-17T08:51:13.361051+00:00,13.1,21.5,0,52.5,53.2,0,NONE,SHIFT_C (22:00-06:00),1.0
IMO9301004,Wan Hai Panamax 1004,Wan Hai,Panamax,4967,251.6,11.5,B-06,3,2025-09-23T15:39:10.331426+00:00,2025-09-23T16:19:58.331426+00:00,2025-09-25T12:31:58.331426+00:00,11.9,21.3,0,44.1,44.2,0,NONE,SHIFT_B (14:00-22:00),0.68
IMO9301005,PIL Feeder 1005,PIL,Feeder,1464,154.6,9.2,B-09,2,2025-10-19T14:31:41.354964+00:00,2025-10-19T17:31:41.354964+00:00,2025-10-20T11:19:41.354964+00:00,13.3,7.7,0,18.5,17.8,0,NONE,SHIFT_B (14:00-22:00),3.0
IMO9301006,Hapag-Lloyd Handymax 1006,Hapag-Lloyd,Handymax,3355,196.0,8.5,B-07,3,2026-06-01T12:14:58.224498+00:00,2026-06-01T12:18:34.224498+00:00,2026-06-02T12:18:34.224498+00:00,14.6,29.3,1,24.5,24.0,0,NONE,SHIFT_A (06:00-14:00),0.06
IMO9301007,OOCL Feeder 1007,OOCL,Feeder,1925,153.5,7.8,B-09,2,2026-04-07T07:46:58.297524+00:00,2026-04-07T07:46:58.297524+00:00,2026-04-08T04:34:58.297524+00:00,14.7,13.9,0,19.8,20.8,60,PILOT_UNAVAILABLE,SHIFT_A (06:00-14:00),0.0
IMO9301008,COSCO Handymax 1008,COSCO,Handymax,2976,182.7,9.3,B-08,2,2026-06-08T09:20:46.919884+00:00,2026-06-08T11:09:22.919884+00:00,2026-06-09T11:57:22.919884+00:00,13.2,15.6,0,24.1,24.8,0,NONE,SHIFT_A (06:00-14:00),1.81
IMO9301009,Wan Hai Panamax 1009,Wan Hai,Panamax,4757,264.1,11.4,B-04,3,2025-07-14T02:51:10.654688+00:00,2025-07-14T03:24:46.654688+00:00,2025-07-15T10:36:46.654688+00:00,14.2,12.7,0,31.3,31.2,0,NONE,SHIFT_C (22:00-06:00),0.56
IMO9301010,PIL Feeder 1010,PIL,Feeder,1468,155.0,7.5,B-10,2,2026-04-03T05:22:17.448735+00:00,2026-04-03T06:39:41.448735+00:00,2026-04-04T07:39:41.448735+00:00,13.0,25.0,0,23.1,25.0,116,PILOT_UNAVAILABLE,SHIFT_A (06:00-14:00),1.29
IMO9301011,Wan Hai Panamax 1011,Wan Hai,Panamax,4318,268.9,11.8,B-05,3,2025-04-26T16:49:47.327624+00:00,2025-04-26T16:49:47.327624+00:00,2025-04-27T18:37:47.327624+00:00,12.4,10.2,0,25.2,25.8,0,NONE,SHIFT_B (14:00-22:00),0.0
IMO9301012,Hapag-Lloyd Handymax 1012,Hapag-Lloyd,Handymax,3005,204.9,8.7,B-09,2,2025-07-11T14:41:31.174758+00:00,2025-07-11T14:57:07.174758+00:00,2025-07-12T14:45:07.174758+00:00,15.9,25.8,0,23.4,23.8,0,NONE,SHIFT_B (14:00-22:00),0.26
IMO9301013,HMM Post-Panamax 1013,HMM,Post-Panamax,6983,335.6,13.2,B-04,3,2026-03-24T18:20:40.221874+00:00,2026-03-24T19:03:52.221874+00:00,2026-03-26T14:39:52.221874+00:00,13.3,23.2,0,44.0,43.6,0,NONE,SHIFT_B (14:00-22:00),0.72
IMO9301014,ONE ULCV 1014,ONE,ULCV,23790,394.0,15.8,B-03,4,2026-06-23T13:58:00.113909+00:00,2026-06-23T15:29:12.113909+00:00,2026-06-26T18:23:12.113909+00:00,15.6,20.4,0,74.5,74.9,0,NONE,SHIFT_B (14:00-22:00),1.52
IMO9301015,Maersk Panamax 1015,Maersk,Panamax,4212,240.9,10.4,B-04,3,2026-08-28T10:41:59.466919+00:00,2026-08-28T11:14:23.466919+00:00,2026-08-29T20:44:23.466919+00:00,13.0,12.6,0,33.8,33.5,0,NONE,SHIFT_A (06:00-14:00),0.54
IMO9301016,SITC Feeder 1016,SITC,Feeder,1360,175.5,7.3,B-09,2,2026-03-03T15:17:23.405165+00:00,2026-03-03T15:17:23.405165+00:00,2026-03-04T10:53:23.405165+00:00,13.5,19.7,0,18.9,19.6,0,NONE,SHIFT_B (14:00-22:00),0.0
IMO9301017,Wan Hai Feeder 1017,Wan Hai,Feeder,1445,163.2,7.9,B-10,2,2025-12-22T08:23:00.095880+00:00,2025-12-22T11:05:36.095880+00:00,2025-12-23T13:29:36.095880+00:00,14.8,11.8,0,19.9,26.4,389,CRANE_OUTAGE,SHIFT_A (06:00-14:00),2.71
IMO9301018,MSC Handymax 1018,MSC,Handymax,3468,215.3,8.6,B-07,3,2025-09-25T19:46:23.675595+00:00,2025-09-26T00:13:23.675595+00:00,2025-09-27T01:31:23.675595+00:00,15.0,27.9,0,25.0,25.3,0,NONE,SHIFT_C (22:00-06:00),4.45
IMO9301019,PIL Feeder 1019,PIL,Feeder,1645,188.3,7.8,B-09,2,2025-03-26T22:41:42.608779+00:00,2025-03-26T23:01:30.608779+00:00,2025-03-27T16:37:30.608779+00:00,14.6,15.7,0,17.1,17.6,0,NONE,SHIFT_C (22:00-06:00),0.33
IMO9301020,SITC Post-Panamax 1020,SITC,Post-Panamax,8636,308.0,14.0,B-02,4,2026-03-30T00:45:01.563391+00:00,2026-03-30T01:14:25.563391+00:00,2026-04-01T02:38:25.563391+00:00,13.9,18.3,0,46.0,49.4,205,WEATHER,SHIFT_C (22:00-06:00),0.49
IMO9301021,MSC Panamax 1021,MSC,Panamax,3625,235.3,10.5,B-05,3,2025-09-23T00:18:09.316935+00:00,2025-09-23T01:28:21.316935+00:00,2025-09-24T15:34:21.316935+00:00,17.2,18.9,0,37.9,38.1,0,NONE,SHIFT_C (22:00-06:00),1.17
IMO9301022,CMA CGM Post-Panamax 1022,CMA CGM,Post-Panamax,8210,302.0,13.7,B-02,4,2025-07-25T21:38:40.845957+00:00,2025-07-25T23:43:28.845957+00:00,2025-07-27T17:07:28.845957+00:00,13.8,1.9,0,40.8,41.4,0,NONE,SHIFT_C (22:00-06:00),2.08
IMO9301023,ONE Feeder 1023,ONE,Feeder,2085,139.1,7.0,B-10,2,2025-06-27T02:00:54.893549+00:00,2025-06-27T03:21:18.893549+00:00,2025-06-27T23:09:18.893549+00:00,16.2,13.0,0,20.4,19.8,0,NONE,SHIFT_C (22:00-06:00),1.34
IMO9301024,X-Press Feeders Neo-Panamax 1024,X-Press Feeders,Neo-Panamax,10236,343.1,14.1,B-02,4,2025-07-11T01:25:43.582012+00:00,2025-07-11T01:25:43.582012+00:00,2025-07-13T04:07:43.582012+00:00,12.7,18.4,0,51.6,50.7,0,NONE,SHIFT_C (22:00-06:00),0.0
IMO9301025,ONE Post-Panamax 1025,ONE,Post-Panamax,8946,310.0,13.6,B-02,4,2024-12-19T05:40:31.960280+00:00,2024-12-19T07:34:31.960280+00:00,2024-12-21T04:52:31.960280+00:00,12.9,4.9,0,42.4,45.3,174,YARD_CONGESTION,SHIFT_A (06:00-14:00),1.9
IMO9301026,Maersk Feeder 1026,Maersk,Feeder,1170,148.6,7.5,B-09,2,2026-04-22T17:05:11.466704+00:00,2026-04-22T17:19:35.466704+00:00,2026-04-23T18:55:35.466704+00:00,13.3,29.4,1,19.8,25.6,349,TIDAL_WINDOW_MISSED,SHIFT_B (14:00-22:00),0.24
IMO9301027,OOCL Neo-Panamax 1027,OOCL,Neo-Panamax,12035,354.6,14.1,B-01,4,2025-07-01T16:54:08.488224+00:00,2025-07-01T19:39:44.488224+00:00,2025-07-04T10:51:44.488224+00:00,12.2,17.7,0,59.9,63.2,200,YARD_CONGESTION,SHIFT_B (14:00-22:00),2.76
IMO9301028,Evergreen Panamax 1028,Evergreen,Panamax,3781,226.8,10.7,B-07,3,2025-04-02T10:10:47.330141+00:00,2025-04-02T10:10:47.330141+00:00,2025-04-03T22:16:47.330141+00:00,14.0,12.7,0,37.0,36.1,0,NONE,SHIFT_A (06:00-14:00),0.0
IMO9301029,Hapag-Lloyd Feeder 1029,Hapag-Lloyd,Feeder,2439,145.8,9.3,B-08,2,2026-06-23T14:36:44.907534+00:00,2026-06-23T14:36:44.907534+00:00,2026-06-24T12:06:44.907534+00:00,11.1,22.1,0,22.3,21.5,0,NONE,SHIFT_B (14:00-22:00),0.0
IMO9301030,SITC Post-Panamax 1030,SITC,Post-Panamax,8737,343.5,13.7,B-03,4,2026-09-01T22:50:13.293012+00:00,2026-09-01T22:50:13.293012+00:00,2026-09-03T23:44:13.293012+00:00,17.0,16.5,0,49.2,48.9,0,NONE,SHIFT_C (22:00-06:00),0.0
IMO9301031,MSC Handymax 1031,MSC,Handymax,2844,199.9,10.6,B-07,3,2024-10-18T04:13:29.317147+00:00,2024-10-18T06:11:05.317147+00:00,2024-10-19T06:23:05.317147+00:00,14.2,5.2,0,24.3,24.2,0,NONE,SHIFT_A (06:00-14:00),1.96
IMO9301032,Maersk Post-Panamax 1032,Maersk,Post-Panamax,8040,333.6,14.4,B-02,4,2025-05-09T23:04:24.869091+00:00,2025-05-09T23:26:00.869091+00:00,2025-05-11T22:26:00.869091+00:00,15.0,22.7,0,46.5,47.0,0,NONE,SHIFT_C (22:00-06:00),0.36
IMO9301033,OOCL Panamax 1033,OOCL,Panamax,3193,275.4,11.4,B-06,3,2025-12-30T06:13:55.543529+00:00,2025-12-30T06:37:55.543529+00:00,2025-12-31T17:13:55.543529+00:00,13.4,14.7,0,34.6,34.6,0,NONE,SHIFT_A (06:00-14:00),0.4
IMO9301034,PIL Feeder 1034,PIL,Feeder,1562,154.4,8.5,B-09,2,2024-10-10T13:05:09.776146+00:00,2024-10-10T16:33:21.776146+00:00,2024-10-11T17:57:21.776146+00:00,16.1,21.4,0,21.2,25.4,253,YARD_CONGESTION,SHIFT_B (14:00-22:00),3.47
IMO9301035,KMTC Handymax 1035,KMTC,Handymax,2281,183.5,9.1,B-08,2,2024-11-21T20:20:09.375586+00:00,2024-11-21T21:03:57.375586+00:00,2024-11-22T19:21:57.375586+00:00,12.9,16.0,0,21.6,22.3,0,NONE,SHIFT_B (14:00-22:00),0.73
IMO9301036,Hapag-Lloyd ULCV 1036,Hapag-Lloyd,ULCV,16612,386.4,15.6,B-03,4,2026-06-09T19:07:52.014405+00:00,2026-06-09T19:07:52.014405+00:00,2026-06-12T07:55:52.014405+00:00,14.2,22.9,1,61.6,60.8,0,NONE,SHIFT_B (14:00-22:00),0.0
IMO9301037,MSC Panamax 1037,MSC,Panamax,4043,256.4,11.2,B-05,3,2025-04-03T23:03:02.980601+00:00,2025-04-04T00:16:50.980601+00:00,2025-04-05T05:58:50.980601+00:00,11.6,15.0,0,29.0,29.7,0,NONE,SHIFT_C (22:00-06:00),1.23
IMO9301038,X-Press Feeders Panamax 1038,X-Press Feeders,Panamax,4671,235.3,10.7,B-04,3,2026-04-08T17:00:52.848844+00:00,2026-04-08T19:38:04.848844+00:00,2026-04-10T09:08:04.848844+00:00,16.0,18.3,0,36.5,37.5,60,CRANE_OUTAGE,SHIFT_B (14:00-22:00),2.62
IMO9301039,COSCO Neo-Panamax 1039,COSCO,Neo-Panamax,12511,352.9,15.3,B-01,4,2025-03-23T09:13:14.452566+00:00,2025-03-23T10:58:50.452566+00:00,2025-03-25T14:40:50.452566+00:00,15.7,18.1,0,52.3,51.7,0,NONE,SHIFT_A (06:00-14:00),1.76
IMO9301040,CMA CGM Post-Panamax 1040,CMA CGM,Post-Panamax,7474,303.4,13.4,B-04,3,2024-11-07T08:17:24.626904+00:00,2024-11-07T10:19:12.626904+00:00,2024-11-09T08:55:12.626904+00:00,16.9,18.7,0,46.9,46.6,0,NONE,SHIFT_A (06:00-14:00),2.03
IMO9301041,OOCL Handymax 1041,OOCL,Handymax,3390,205.4,10.0,B-09,2,2024-10-15T05:18:59.330267+00:00,2024-10-15T05:41:11.330267+00:00,2024-10-16T02:41:11.330267+00:00,14.5,10.3,0,19.2,21.0,110,CRANE_OUTAGE,SHIFT_C (22:00-06:00),0.37
IMO9301042,PIL Panamax 1042,PIL,Panamax,3111,286.4,11.4,B-07,3,2026-08-21T08:36:15.024808+00:00,2026-08-21T10:52:27.024808+00:00,2026-08-22T15:46:27.024808+00:00,16.2,15.0,0,29.8,28.9,0,NONE,SHIFT_A (06:00-14:00),2.27
IMO9301043,COSCO Post-Panamax 1043,COSCO,Post-Panamax,8477,322.7,14.0,B-05,3,2024-10-10T04:40:07.224650+00:00,2024-10-10T08:01:43.224650+00:00,2024-10-12T07:25:43.224650+00:00,14.8,21.7,0,48.4,47.4,0,NONE,SHIFT_A (06:00-14:00),3.36
IMO9301044,Maersk Feeder 1044,Maersk,Feeder,1828,186.1,8.1,B-08,2,2025-10-19T22:11:35.079744+00:00,2025-10-19T22:49:59.079744+00:00,2025-10-20T22:01:59.079744+00:00,11.4,19.5,0,21.8,23.2,84,CRANE_OUTAGE,SHIFT_C (22:00-06:00),0.64
IMO9301045,COSCO Handymax 1045,COSCO,Handymax,2925,207.9,9.7,B-08,2,2025-01-12T01:11:46.036727+00:00,2025-01-12T05:15:58.036727+00:00,2025-01-13T02:21:58.036727+00:00,15.1,13.8,0,21.2,21.1,0,NONE,SHIFT_C (22:00-06:00),4.07
IMO9301046,X-Press Feeders Feeder 1046,X-Press Feeders,Feeder,1161,176.5,9.0,B-09,2,2026-08-17T14:45:25.317361+00:00,2026-08-17T14:45:25.317361+00:00,2026-08-18T15:33:25.317361+00:00,13.0,8.7,0,21.4,24.8,207,WEATHER,SHIFT_B (14:00-22:00),0.0
IMO9301047,COSCO Post-Panamax 1047,COSCO,Post-Panamax,6693,305.1,12.8,B-04,3,2025-09-26T04:56:29.980984+00:00,2025-09-26T07:28:53.980984+00:00,2025-09-28T09:16:53.980984+00:00,12.7,19.8,0,50.0,49.8,0,NONE,SHIFT_A (06:00-14:00),2.54
IMO9301048,KMTC Feeder 1048,KMTC,Feeder,933,163.4,8.1,B-08,2,2026-03-13T02:46:34.593299+00:00,2026-03-13T03:36:22.593299+00:00,2026-03-14T01:48:22.593299+00:00,13.4,29.5,1,20.3,22.2,115,YARD_CONGESTION,SHIFT_C (22:00-06:00),0.83
IMO9301049,Evergreen Feeder 1049,Evergreen,Feeder,1202,135.2,7.5,B-09,2,2025-05-31T09:53:18.560842+00:00,2025-05-31T10:01:06.560842+00:00,2025-06-01T06:55:06.560842+00:00,13.8,14.8,0,21.7,20.9,0,NONE,SHIFT_A (06:00-14:00),0.13
IMO9301050,ONE Feeder 1050,ONE,Feeder,2236,138.8,7.3,B-09,2,2026-09-10T03:05:36.555811+00:00,2026-09-10T04:14:00.555811+00:00,2026-09-11T03:38:00.555811+00:00,14.7,5.1,0,17.4,23.4,359,CRANE_OUTAGE,SHIFT_C (22:00-06:00),1.14
IMO9301051,ZIM Panamax 1051,ZIM,Panamax,3998,281.6,10.3,B-07,3,2025-02-18T16:49:35.775171+00:00,2025-02-18T19:28:35.775171+00:00,2025-02-20T06:16:35.775171+00:00,16.4,14.8,0,34.8,34.8,0,NONE,SHIFT_B (14:00-22:00),2.65
IMO9301052,Hapag-Lloyd Post-Panamax 1052,Hapag-Lloyd,Post-Panamax,7691,333.4,14.2,B-01,4,2025-10-09T11:39:42.019996+00:00,2025-10-09T15:07:54.019996+00:00,2025-10-11T15:31:54.019996+00:00,11.9,36.0,1,47.7,48.4,0,NONE,SHIFT_B (14:00-22:00),3.4699999999999998
IMO9301053,KMTC Post-Panamax 1053,KMTC,Post-Panamax,9125,303.0,13.4,B-04,3,2026-08-29T06:39:41.867089+00:00,2026-08-29T06:58:17.867089+00:00,2026-08-31T00:28:17.867089+00:00,10.8,13.1,0,39.4,41.5,125,CRANE_OUTAGE,SHIFT_A (06:00-14:00),0.31
IMO9301054,KMTC Panamax 1054,KMTC,Panamax,3644,265.2,11.5,B-05,3,2025-07-14T05:13:05.277475+00:00,2025-07-14T05:22:05.277475+00:00,2025-07-15T08:46:05.277475+00:00,14.8,11.0,0,28.3,27.4,0,NONE,SHIFT_C (22:00-06:00),0.15
IMO9301055,Hapag-Lloyd Feeder 1055,Hapag-Lloyd,Feeder,1368,176.4,7.1,B-09,2,2026-02-28T02:57:08.723419+00:00,2026-02-28T02:57:08.723419+00:00,2026-03-01T03:51:08.723419+00:00,10.2,12.1,0,20.1,24.9,285,YARD_CONGESTION,SHIFT_C (22:00-06:00),0.0
IMO9301056,X-Press Feeders Panamax 1056,X-Press Feeders,Panamax,3562,273.0,11.7,B-07,3,2026-01-18T15:46:09.858782+00:00,2026-01-18T15:49:09.858782+00:00,2026-01-19T22:13:09.858782+00:00,16.7,19.4,0,31.3,30.4,0,NONE,SHIFT_B (14:00-22:00),0.05
IMO9301057,HMM Panamax 1057,HMM,Panamax,3933,281.2,11.2,B-06,3,2024-11-20T08:03:35.905428+00:00,2024-11-20T09:03:35.905428+00:00,2024-11-21T19:33:35.905428+00:00,15.7,8.9,0,34.3,34.5,0,NONE,SHIFT_A (06:00-14:00),1.0
IMO9301058,KMTC Handymax 1058,KMTC,Handymax,3255,206.8,9.0,B-07,3,2025-02-17T23:13:41.649900+00:00,2025-02-18T00:31:05.649900+00:00,2025-02-19T10:07:05.649900+00:00,15.5,19.3,0,27.9,33.6,343,CRANE_OUTAGE,SHIFT_C (22:00-06:00),1.29
IMO9301059,SITC Handymax 1059,SITC,Handymax,3483,203.3,8.9,B-08,2,2025-06-15T17:07:12.966730+00:00,2025-06-15T18:40:48.966730+00:00,2025-06-16T19:40:48.966730+00:00,17.6,23.4,0,25.6,25.0,0,NONE,SHIFT_B (14:00-22:00),1.56
IMO9301060,HMM Panamax 1060,HMM,Panamax,4398,285.3,10.9,B-05,3,2026-03-18T21:46:52.693205+00:00,2026-03-19T00:30:40.693205+00:00,2026-03-20T10:36:40.693205+00:00,15.7,5.5,0,34.4,34.1,0,NONE,SHIFT_C (22:00-06:00),2.73
IMO9301061,HMM Feeder 1061,HMM,Feeder,1927,185.7,8.1,B-10,2,2025-02-04T08:37:28.016628+00:00,2025-02-04T08:53:04.016628+00:00,2025-02-05T05:41:04.016628+00:00,14.4,10.6,0,21.6,20.8,0,NONE,SHIFT_A (06:00-14:00),0.26
IMO9301062,Wan Hai Panamax 1062,Wan Hai,Panamax,4480,228.4,10.4,B-04,3,2026-08-19T15:47:57.104500+00:00,2026-08-19T17:10:09.104500+00:00,2026-08-21T03:04:09.104500+00:00,16.2,5.5,0,34.7,33.9,0,NONE,SHIFT_B (14:00-22:00),1.37
IMO9301063,KMTC Post-Panamax 1063,KMTC,Post-Panamax,6990,310.2,14.3,B-01,4,2026-06-30T00:10:35.235757+00:00,2026-06-30T03:09:23.235757+00:00,2026-07-02T02:15:23.235757+00:00,14.1,10.9,0,46.7,47.1,0,NONE,SHIFT_C (22:00-06:00),2.98
IMO9301064,PIL Neo-Panamax 1064,PIL,Neo-Panamax,14535,361.9,13.8,B-03,4,2026-02-02T07:18:07.426947+00:00,2026-02-02T10:04:55.426947+00:00,2026-02-04T04:58:55.426947+00:00,15.7,9.6,0,42.8,42.9,0,NONE,SHIFT_A (06:00-14:00),2.78
IMO9301065,CMA CGM ULCV 1065,CMA CGM,ULCV,18419,385.4,15.7,B-02,4,2026-06-20T13:25:34.531449+00:00,2026-06-20T15:15:22.531449+00:00,2026-06-23T17:09:22.531449+00:00,16.3,10.0,0,74.9,73.9,0,NONE,SHIFT_B (14:00-22:00),1.83
IMO9301066,KMTC Post-Panamax 1066,KMTC,Post-Panamax,9667,329.0,13.7,B-04,3,2026-04-17T15:36:15.143785+00:00,2026-04-17T15:36:15.143785+00:00,2026-04-19T17:54:15.143785+00:00,17.0,6.5,0,50.0,50.3,0,NONE,SHIFT_B (14:00-22:00),0.0
IMO9301067,X-Press Feeders Handymax 1067,X-Press Feeders,Handymax,2420,180.9,10.4,B-09,2,2025-11-08T00:18:27.845576+00:00,2025-11-08T01:59:15.845576+00:00,2025-11-08T22:41:15.845576+00:00,13.3,3.1,0,21.3,20.7,0,NONE,SHIFT_C (22:00-06:00),1.68
IMO9301068,CMA CGM Feeder 1068,CMA CGM,Feeder,1573,166.1,8.7,B-08,2,2025-02-28T03:59:34.838384+00:00,2025-02-28T05:43:58.838384+00:00,2025-03-01T01:49:58.838384+00:00,13.8,9.3,0,20.6,20.1,0,NONE,SHIFT_C (22:00-06:00),1.74
IMO9301069,OOCL Feeder 1069,OOCL,Feeder,1953,187.6,8.7,B-08,2,2025-06-10T18:17:01.275906+00:00,2025-06-10T21:02:01.275906+00:00,2025-06-11T13:26:01.275906+00:00,15.6,3.2,0,16.6,16.4,0,NONE,SHIFT_B (14:00-22:00),2.75
IMO9301070,KMTC Panamax 1070,KMTC,Panamax,3936,226.3,10.5,B-06,3,2025-12-28T10:01:36.230950+00:00,2025-12-28T13:37:36.230950+00:00,2025-12-29T22:25:36.230950+00:00,9.3,40.2,1,32.3,32.8,0,NONE,SHIFT_A (06:00-14:00),3.5999999999999996
IMO9301071,X-Press Feeders Neo-Panamax 1071,X-Press Feeders,Neo-Panamax,10737,349.5,15.0,B-03,4,2024-11-28T05:29:18.792096+00:00,2024-11-28T07:44:54.792096+00:00,2024-11-30T17:26:54.792096+00:00,16.0,4.7,1,57.2,57.7,0,NONE,SHIFT_A (06:00-14:00),2.26
IMO9301072,Evergreen Handymax 1072,Evergreen,Handymax,3066,189.2,9.3,B-06,3,2026-04-04T09:23:33.164116+00:00,2026-04-04T10:26:33.164116+00:00,2026-04-05T20:38:33.164116+00:00,17.0,6.2,0,25.3,34.2,533,WEATHER,SHIFT_A (06:00-14:00),1.05
IMO9301073,Evergreen ULCV 1073,Evergreen,ULCV,20934,375.8,15.4,B-01,4,2026-04-01T04:54:08.754608+00:00,2026-04-01T06:46:56.754608+00:00,2026-04-04T07:16:56.754608+00:00,13.4,19.9,1,73.3,72.5,0,NONE,SHIFT_A (06:00-14:00),1.88
IMO9301074,PIL Panamax 1074,PIL,Panamax,3765,270.6,10.3,B-05,3,2025-03-01T00:03:05.045072+00:00,2025-03-01T03:19:17.045072+00:00,2025-03-02T19:37:17.045072+00:00,15.2,11.8,0,34.5,40.3,346,WEATHER,SHIFT_C (22:00-06:00),3.27
IMO9301075,MSC Panamax 1075,MSC,Panamax,4921,247.6,10.3,B-05,3,2025-01-17T02:22:55.368090+00:00,2025-01-17T04:53:31.368090+00:00,2025-01-18T13:59:31.368090+00:00,17.0,12.6,0,32.8,33.1,0,NONE,SHIFT_C (22:00-06:00),2.51
IMO9301076,Evergreen Post-Panamax 1076,Evergreen,Post-Panamax,7049,332.0,14.0,B-04,3,2026-06-12T09:35:25.085488+00:00,2026-06-12T09:52:49.085488+00:00,2026-06-14T13:10:49.085488+00:00,12.4,11.0,0,45.6,51.3,341,CRANE_OUTAGE,SHIFT_A (06:00-14:00),0.29
IMO9301077,X-Press Feeders Panamax 1077,X-Press Feeders,Panamax,5128,282.2,10.9,B-06,3,2025-03-01T09:05:36.850564+00:00,2025-03-01T09:05:36.850564+00:00,2025-03-02T17:29:36.850564+00:00,12.9,13.4,0,31.9,32.4,0,NONE,SHIFT_A (06:00-14:00),0.0
IMO9301078,MSC Feeder 1078,MSC,Feeder,1552,142.4,8.5,B-09,2,2026-06-27T01:18:21.303934+00:00,2026-06-27T07:35:09.303934+00:00,2026-06-28T03:17:09.303934+00:00,13.4,26.5,0,19.8,19.7,0,NONE,SHIFT_A (06:00-14:00),6.28
IMO9301079,ONE Post-Panamax 1079,ONE,Post-Panamax,7705,321.8,13.8,B-04,3,2025-01-03T16:09:36.192028+00:00,2025-01-03T18:05:24.192028+00:00,2025-01-05T14:53:24.192028+00:00,11.6,18.4,0,45.4,44.8,0,NONE,SHIFT_B (14:00-22:00),1.93
IMO9301080,OOCL Panamax 1080,OOCL,Panamax,4521,247.9,11.4,B-05,3,2025-10-19T20:07:57.114326+00:00,2025-10-19T22:08:33.114326+00:00,2025-10-21T10:26:33.114326+00:00,18.6,13.6,0,34.7,36.3,96,YARD_CONGESTION,SHIFT_C (22:00-06:00),2.01
IMO9301081,MSC Handymax 1081,MSC,Handymax,3338,194.0,10.8,B-09,2,2026-07-23T23:20:55.434885+00:00,2026-07-24T00:55:07.434885+00:00,2026-07-25T10:31:07.434885+00:00,17.7,16.3,0,31.5,33.6,124,WEATHER,SHIFT_C (22:00-06:00),1.57
IMO9301082,ONE Handymax 1082,ONE,Handymax,2022,192.4,9.8,B-06,3,2026-06-05T04:18:35.284988+00:00,2026-06-05T06:34:47.284988+00:00,2026-06-06T07:04:47.284988+00:00,14.5,19.9,0,24.6,24.5,0,NONE,SHIFT_A (06:00-14:00),2.27
IMO9301083,X-Press Feeders Feeder 1083,X-Press Feeders,Feeder,1510,150.0,8.5,B-10,2,2026-01-26T05:36:41.853040+00:00,2026-01-26T05:37:17.853040+00:00,2026-01-27T02:49:17.853040+00:00,16.9,17.0,0,21.3,21.2,0,NONE,SHIFT_C (22:00-06:00),0.01
IMO9301084,CMA CGM Post-Panamax 1084,CMA CGM,Post-Panamax,9595,349.9,12.8,B-03,4,2025-05-30T20:51:47.983123+00:00,2025-05-30T21:08:35.983123+00:00,2025-06-01T16:44:35.983123+00:00,14.3,14.0,0,43.0,43.6,0,NONE,SHIFT_B (14:00-22:00),0.28
IMO9301085,X-Press Feeders Feeder 1085,X-Press Feeders,Feeder,890,146.5,7.6,B-09,2,2026-09-09T11:11:15.802444+00:00,2026-09-09T12:55:03.802444+00:00,2026-09-10T08:49:03.802444+00:00,15.9,9.0,0,19.9,19.9,0,NONE,SHIFT_A (06:00-14:00),1.73
IMO9301086,ONE ULCV 1086,ONE,ULCV,14613,366.0,14.6,B-02,4,2025-04-12T22:26:24.920758+00:00,2025-04-12T22:26:24.920758+00:00,2025-04-15T14:32:24.920758+00:00,15.4,21.9,1,62.1,64.1,118,CRANE_OUTAGE,SHIFT_C (22:00-06:00),0.0
IMO9301087,SITC Feeder 1087,SITC,Feeder,2290,178.7,7.9,B-09,2,2025-01-14T04:19:50.368167+00:00,2025-01-14T06:06:38.368167+00:00,2025-01-15T04:00:38.368167+00:00,14.1,16.4,0,21.7,21.9,0,NONE,SHIFT_A (06:00-14:00),1.78
IMO9301088,HMM Panamax 1088,HMM,Panamax,4004,276.4,11.6,B-05,3,2025-02-08T20:08:29.997892+00:00,2025-02-08T20:15:05.997892+00:00,2025-02-10T13:15:05.997892+00:00,13.9,13.9,0,40.2,41.0,0,NONE,SHIFT_B (14:00-22:00),0.11
IMO9301089,MSC ULCV 1089,MSC,ULCV,18221,398.4,15.1,B-01,4,2025-02-02T06:21:41.538281+00:00,2025-02-02T06:21:41.538281+00:00,2025-02-04T18:51:41.538281+00:00,13.3,9.5,0,60.5,60.5,0,NONE,SHIFT_A (06:00-14:00),0.0
IMO9301090,X-Press Feeders Handymax 1090,X-Press Feeders,Handymax,2166,196.8,9.3,B-07,3,2026-05-24T07:16:35.278404+00:00,2026-05-24T08:29:47.278404+00:00,2026-05-25T08:41:47.278404+00:00,15.1,14.9,0,23.6,24.2,0,NONE,SHIFT_A (06:00-14:00),1.22
IMO9301091,KMTC Panamax 1091,KMTC,Panamax,3125,230.8,10.9,B-06,3,2024-11-12T14:00:40.927173+00:00,2024-11-12T15:57:04.927173+00:00,2024-11-13T14:51:04.927173+00:00,15.4,25.3,0,23.2,22.9,0,NONE,SHIFT_B (14:00-22:00),1.94
IMO9301092,ZIM Neo-Panamax 1092,ZIM,Neo-Panamax,12753,346.3,15.1,B-01,4,2025-07-14T22:25:44.185448+00:00,2025-07-15T00:39:32.185448+00:00,2025-07-17T08:15:32.185448+00:00,15.1,17.2,0,53.3,55.6,136,CRANE_OUTAGE,SHIFT_C (22:00-06:00),2.23
IMO9301093,OOCL Panamax 1093,OOCL,Panamax,3622,282.8,11.9,B-04,3,2026-09-16T16:20:31.581290+00:00,2026-09-16T20:35:31.581290+00:00,2026-09-18T05:11:31.581290+00:00,12.5,34.2,1,33.5,32.6,0,NONE,SHIFT_B (14:00-22:00),4.25
IMO9301094,Wan Hai Neo-Panamax 1094,Wan Hai,Neo-Panamax,10674,342.6,15.5,B-01,4,2025-07-03T03:33:31.447969+00:00,2025-07-03T04:11:19.447969+00:00,2025-07-05T17:35:19.447969+00:00,15.4,23.0,1,56.6,61.4,290,TIDAL_WINDOW_MISSED,SHIFT_C (22:00-06:00),0.63
IMO9301095,ZIM Handymax 1095,ZIM,Handymax,3254,204.6,9.8,B-08,2,2026-06-10T10:45:49.624029+00:00,2026-06-10T10:45:49.624029+00:00,2026-06-11T10:39:49.624029+00:00,15.3,8.1,0,24.5,23.9,0,NONE,SHIFT_A (06:00-14:00),0.0
IMO9301096,X-Press Feeders Handymax 1096,X-Press Feeders,Handymax,3423,214.1,10.2,B-09,2,2025-02-12T04:37:44.178517+00:00,2025-02-12T04:39:32.178517+00:00,2025-02-13T08:57:32.178517+00:00,13.0,12.4,0,23.9,28.3,265,CRANE_OUTAGE,SHIFT_C (22:00-06:00),0.03
IMO9301097,Yang Ming Panamax 1097,Yang Ming,Panamax,4337,275.6,11.7,B-05,3,2026-03-29T00:18:02.180513+00:00,2026-03-29T02:30:02.180513+00:00,2026-03-30T08:48:02.180513+00:00,15.3,5.8,0,30.5,30.3,0,NONE,SHIFT_C (22:00-06:00),2.2
IMO9301098,CMA CGM Feeder 1098,CMA CGM,Feeder,1455,146.9,7.8,B-10,2,2026-03-30T00:56:45.265774+00:00,2026-03-30T02:23:45.265774+00:00,2026-03-31T06:23:45.265774+00:00,11.0,14.9,0,21.3,28.0,403,CRANE_OUTAGE,SHIFT_C (22:00-06:00),1.45
IMO9301099,ZIM Panamax 1099,ZIM,Panamax,4938,285.6,10.4,B-04,3,2025-12-30T03:13:05.435567+00:00,2025-12-30T04:16:05.435567+00:00,2025-12-31T16:10:05.435567+00:00,15.5,4.6,0,35.4,35.9,0,NONE,SHIFT_C (22:00-06:00),1.05
IMO9301100,X-Press Feeders Panamax 1100,X-Press Feeders,Panamax,4841,274.9,11.7,B-05,3,2025-02-08T05:28:31.030223+00:00,2025-02-08T05:28:31.030223+00:00,2025-02-09T10:04:31.030223+00:00,13.8,20.8,0,27.1,28.6,92,PILOT_UNAVAILABLE,SHIFT_C (22:00-06:00),0.0
IMO9301101,Evergreen Feeder 1101,Evergreen,Feeder,1797,187.3,8.0,B-09,2,2026-06-03T13:49:25.701707+00:00,2026-06-03T16:05:01.701707+00:00,2026-06-04T19:53:01.701707+00:00,13.6,17.4,0,23.2,27.8,273,CRANE_OUTAGE,SHIFT_B (14:00-22:00),2.26
IMO9301102,Maersk Feeder 1102,Maersk,Feeder,2438,167.9,8.8,B-10,2,2025-12-23T19:00:30.092693+00:00,2025-12-23T19:37:06.092693+00:00,2025-12-24T14:01:06.092693+00:00,11.2,1.2,0,19.0,18.4,0,NONE,SHIFT_B (14:00-22:00),0.61
IMO9301103,HMM Handymax 1103,HMM,Handymax,3209,201.2,10.7,B-07,3,2025-11-09T05:52:53.013781+00:00,2025-11-09T09:01:17.013781+00:00,2025-11-10T08:43:17.013781+00:00,13.5,14.3,0,23.3,23.7,0,NONE,SHIFT_A (06:00-14:00),3.14
IMO9301104,Wan Hai Feeder 1104,Wan Hai,Feeder,2421,131.1,8.5,B-08,2,2025-10-11T18:24:56.072315+00:00,2025-10-11T18:36:20.072315+00:00,2025-10-12T10:24:20.072315+00:00,18.1,25.3,0,16.4,15.8,0,NONE,SHIFT_B (14:00-22:00),0.19
IMO9301105,Yang Ming Handymax 1105,Yang Ming,Handymax,3335,198.0,9.3,B-06,3,2025-02-07T12:58:59.027402+00:00,2025-02-07T13:53:35.027402+00:00,2025-02-08T16:23:35.027402+00:00,12.4,13.2,0,26.0,26.5,0,NONE,SHIFT_A (06:00-14:00),0.91
IMO9301106,Maersk Feeder 1106,Maersk,Feeder,2443,155.8,9.4,B-09,2,2025-08-29T01:33:21.865621+00:00,2025-08-29T02:49:33.865621+00:00,2025-08-30T04:55:33.865621+00:00,14.8,26.3,0,18.3,26.1,465,WEATHER,SHIFT_C (22:00-06:00),1.27
IMO9301107,ZIM Post-Panamax 1107,ZIM,Post-Panamax,10568,338.4,13.8,B-05,3,2026-04-17T15:08:32.708885+00:00,2026-04-17T16:34:56.708885+00:00,2026-04-19T15:58:56.708885+00:00,13.2,6.9,0,47.8,47.4,0,NONE,SHIFT_B (14:00-22:00),1.44
IMO9301108,ONE Panamax 1108,ONE,Panamax,4346,221.0,10.9,B-05,3,2024-11-06T02:51:58.997125+00:00,2024-11-06T07:45:58.997125+00:00,2024-11-07T20:09:58.997125+00:00,16.6,3.1,0,36.2,36.4,0,NONE,SHIFT_A (06:00-14:00),4.9
IMO9301109,KMTC Post-Panamax 1109,KMTC,Post-Panamax,7842,308.1,13.4,B-03,4,2026-07-09T22:57:13.337395+00:00,2026-07-10T01:08:01.337395+00:00,2026-07-12T03:08:01.337395+00:00,13.9,16.1,0,44.9,50.0,304,TIDAL_WINDOW_MISSED,SHIFT_C (22:00-06:00),2.18
IMO9301110,Maersk Neo-Panamax 1110,Maersk,Neo-Panamax,12212,364.8,13.6,B-01,4,2026-06-28T14:41:55.171740+00:00,2026-06-28T15:49:43.171740+00:00,2026-07-01T07:31:43.171740+00:00,16.7,14.3,0,58.2,63.7,328,WEATHER,SHIFT_B (14:00-22:00),1.13
IMO9301111,OOCL Panamax 1111,OOCL,Panamax,3341,266.8,10.6,B-06,3,2025-02-27T11:55:56.849657+00:00,2025-02-27T12:37:56.849657+00:00,2025-03-01T03:25:56.849657+00:00,15.9,8.9,0,37.3,38.8,89,YARD_CONGESTION,SHIFT_A (06:00-14:00),0.7
IMO9301112,Evergreen ULCV 1112,Evergreen,ULCV,22762,371.0,14.8,B-01,4,2025-10-08T18:21:35.523820+00:00,2025-10-08T19:18:35.523820+00:00,2025-10-11T18:48:35.523820+00:00,18.0,27.7,0,66.3,71.5,311,WEATHER,SHIFT_B (14:00-22:00),0.95
IMO9301113,X-Press Feeders Feeder 1113,X-Press Feeders,Feeder,2105,142.7,7.5,B-09,2,2025-03-10T16:13:09.423738+00:00,2025-03-10T19:57:33.423738+00:00,2025-03-11T21:27:33.423738+00:00,11.2,37.3,1,20.7,25.5,288,WEATHER,SHIFT_B (14:00-22:00),3.74
IMO9301114,PIL Handymax 1114,PIL,Handymax,2927,188.0,8.6,B-07,3,2026-09-15T12:07:04.501750+00:00,2026-09-15T13:15:28.501750+00:00,2026-09-16T12:27:28.501750+00:00,18.7,12.4,0,23.5,23.2,0,NONE,SHIFT_A (06:00-14:00),1.14
IMO9301115,Wan Hai Neo-Panamax 1115,Wan Hai,Neo-Panamax,10786,362.4,13.7,B-03,4,2025-09-08T16:08:45.898921+00:00,2025-09-08T17:50:45.898921+00:00,2025-09-10T17:32:45.898921+00:00,12.1,14.7,0,45.7,47.7,121,CRANE_OUTAGE,SHIFT_B (14:00-22:00),1.7
IMO9301116,MSC Panamax 1116,MSC,Panamax,4007,275.0,11.3,B-06,3,2025-08-27T18:03:39.350898+00:00,2025-08-27T19:46:15.350898+00:00,2025-08-29T06:04:15.350898+00:00,15.3,13.8,0,32.4,34.3,115,YARD_CONGESTION,SHIFT_B (14:00-22:00),1.71
IMO9301117,X-Press Feeders Post-Panamax 1117,X-Press Feeders,Post-Panamax,9875,350.0,13.1,B-01,4,2024-10-16T13:50:51.931751+00:00,2024-10-16T14:15:27.931751+00:00,2024-10-18T11:09:27.931751+00:00,16.1,20.6,0,45.6,44.9,0,NONE,SHIFT_B (14:00-22:00),0.41
IMO9301118,Hapag-Lloyd Feeder 1118,Hapag-Lloyd,Feeder,1005,185.9,8.5,B-09,2,2026-06-28T14:38:22.426569+00:00,2026-06-28T18:08:22.426569+00:00,2026-06-29T09:44:22.426569+00:00,12.4,32.5,1,16.5,15.6,0,NONE,SHIFT_B (14:00-22:00),3.5
IMO9301119,ZIM Feeder 1119,ZIM,Feeder,1908,180.5,8.4,B-08,2,2025-02-11T06:04:17.539660+00:00,2025-02-11T06:22:17.539660+00:00,2025-02-12T00:40:17.539660+00:00,13.8,19.4,0,17.7,18.3,0,NONE,SHIFT_A (06:00-14:00),0.3
IMO9301120,MSC Post-Panamax 1120,MSC,Post-Panamax,7261,315.6,14.3,B-03,4,2026-03-08T14:27:38.861682+00:00,2026-03-08T18:51:38.861682+00:00,2026-03-10T21:09:38.861682+00:00,18.5,4.8,0,51.1,50.3,0,NONE,SHIFT_B (14:00-22:00),4.4
IMO9301121,OOCL Panamax 1121,OOCL,Panamax,3437,276.7,10.8,B-06,3,2026-05-26T22:06:23.676601+00:00,2026-05-27T01:22:35.676601+00:00,2026-05-28T09:52:35.676601+00:00,13.1,10.2,0,30.9,32.5,98,YARD_CONGESTION,SHIFT_C (22:00-06:00),3.27
IMO9301122,Maersk Panamax 1122,Maersk,Panamax,3518,252.9,11.5,B-05,3,2025-04-05T06:59:22.605522+00:00,2025-04-05T08:50:58.605522+00:00,2025-04-06T14:38:58.605522+00:00,14.0,23.1,0,29.6,29.8,0,NONE,SHIFT_A (06:00-14:00),1.86
IMO9301123,ONE Neo-Panamax 1123,ONE,Neo-Panamax,13520,352.8,14.0,B-01,4,2025-07-03T22:38:47.517869+00:00,2025-07-03T22:38:47.517869+00:00,2025-07-06T11:56:47.517869+00:00,16.7,11.1,0,61.3,61.3,0,NONE,SHIFT_C (22:00-06:00),0.0
IMO9301124,COSCO Handymax 1124,COSCO,Handymax,3239,208.3,9.1,B-09,2,2026-09-17T03:18:02.717293+00:00,2026-09-17T08:27:38.717293+00:00,2026-09-18T11:51:38.717293+00:00,12.0,6.9,0,21.5,27.4,355,CRANE_OUTAGE,SHIFT_A (06:00-14:00),5.16
IMO9301125,COSCO Feeder 1125,COSCO,Feeder,2256,188.0,7.6,B-08,2,2026-04-05T01:58:10.378530+00:00,2026-04-05T04:04:10.378530+00:00,2026-04-05T17:10:10.378530+00:00,15.1,5.5,0,13.9,13.1,0,NONE,SHIFT_C (22:00-06:00),2.1
IMO9301126,ONE Feeder 1126,ONE,Feeder,828,173.0,9.1,B-09,2,2026-07-03T05:30:33.299431+00:00,2026-07-03T08:47:21.299431+00:00,2026-07-04T14:59:21.299431+00:00,16.3,9.2,0,21.3,30.2,534,WEATHER,SHIFT_A (06:00-14:00),3.28
IMO9301127,KMTC Handymax 1127,KMTC,Handymax,2563,195.1,9.8,B-09,2,2025-05-29T01:38:00.071291+00:00,2025-05-29T03:23:00.071291+00:00,2025-05-30T07:41:00.071291+00:00,13.7,13.1,0,25.5,28.3,169,YARD_CONGESTION,SHIFT_C (22:00-06:00),1.75
IMO9301128,HMM Panamax 1128,HMM,Panamax,4774,250.6,10.5,B-07,3,2026-05-27T01:35:31.493756+00:00,2026-05-27T04:22:55.493756+00:00,2026-05-28T06:46:55.493756+00:00,16.0,21.8,0,27.0,26.4,0,NONE,SHIFT_C (22:00-06:00),2.79
IMO9301129,ZIM Feeder 1129,ZIM,Feeder,1672,138.4,7.7,B-08,2,2025-10-12T16:34:50.887498+00:00,2025-10-12T18:40:14.887498+00:00,2025-10-13T13:16:14.887498+00:00,13.8,14.3,0,18.0,18.6,0,NONE,SHIFT_B (14:00-22:00),2.09
IMO9301130,X-Press Feeders Neo-Panamax 1130,X-Press Feeders,Neo-Panamax,13589,347.0,14.5,B-01,4,2026-09-05T20:18:42.175014+00:00,2026-09-05T22:01:18.175014+00:00,2026-09-08T04:19:18.175014+00:00,13.2,9.9,0,52.3,54.3,119,YARD_CONGESTION,SHIFT_C (22:00-06:00),1.71
IMO9301131,PIL Feeder 1131,PIL,Feeder,1356,161.3,8.7,B-10,2,2025-09-11T13:47:57.140546+00:00,2025-09-11T15:13:45.140546+00:00,2025-09-12T13:37:45.140546+00:00,16.2,5.2,0,19.5,22.4,174,YARD_CONGESTION,SHIFT_B (14:00-22:00),1.43
IMO9301132,Evergreen Post-Panamax 1132,Evergreen,Post-Panamax,6527,331.4,14.5,B-02,4,2024-10-28T10:54:30.885267+00:00,2024-10-28T12:21:30.885267+00:00,2024-10-30T04:33:30.885267+00:00,13.7,11.8,0,41.2,40.2,0,NONE,SHIFT_A (06:00-14:00),1.45
IMO9301133,COSCO Feeder 1133,COSCO,Feeder,1670,174.0,8.8,B-09,2,2025-05-05T09:23:30.572048+00:00,2025-05-05T11:21:06.572048+00:00,2025-05-06T06:45:06.572048+00:00,15.7,13.3,0,20.2,19.4,0,NONE,SHIFT_A (06:00-14:00),1.96
IMO9301134,ONE Panamax 1134,ONE,Panamax,4376,282.3,10.6,B-06,3,2025-10-14T00:31:44.210960+00:00,2025-10-14T00:40:08.210960+00:00,2025-10-15T11:40:08.210960+00:00,13.9,10.0,0,34.2,35.0,49,PILOT_UNAVAILABLE,SHIFT_C (22:00-06:00),0.14
IMO9301135,COSCO Post-Panamax 1135,COSCO,Post-Panamax,9864,328.3,12.8,B-01,4,2026-04-23T17:08:48.680181+00:00,2026-04-23T17:08:48.680181+00:00,2026-04-25T09:38:48.680181+00:00,17.6,5.6,0,41.3,40.5,0,NONE,SHIFT_B (14:00-22:00),0.0
IMO9301136,ONE Post-Panamax 1136,ONE,Post-Panamax,6595,318.5,12.6,B-05,3,2025-11-27T19:23:12.555992+00:00,2025-11-27T20:37:00.555992+00:00,2025-11-29T13:31:00.555992+00:00,7.9,36.5,1,39.1,40.9,105,YARD_CONGESTION,SHIFT_B (14:00-22:00),1.23
IMO9301137,HMM Feeder 1137,HMM,Feeder,2088,177.5,8.3,B-08,2,2026-08-17T09:38:52.073975+00:00,2026-08-17T10:30:28.073975+00:00,2026-08-18T13:24:28.073975+00:00,12.4,18.6,0,18.4,26.9,508,WEATHER,SHIFT_A (06:00-14:00),0.86
IMO9301138,KMTC ULCV 1138,KMTC,ULCV,22252,396.2,14.7,B-03,4,2026-04-06T04:19:40.180488+00:00,2026-04-06T05:37:04.180488+00:00,2026-04-08T13:31:04.180488+00:00,13.1,16.8,1,50.2,55.9,344,CRANE_OUTAGE,SHIFT_C (22:00-06:00),1.29
IMO9301139,Maersk Post-Panamax 1139,Maersk,Post-Panamax,6674,336.9,14.5,B-03,4,2026-05-02T15:31:27.628628+00:00,2026-05-02T17:07:27.628628+00:00,2026-05-04T18:43:27.628628+00:00,13.3,4.5,0,50.1,49.6,0,NONE,SHIFT_B (14:00-22:00),1.6
IMO9301140,SITC Feeder 1140,SITC,Feeder,1041,143.5,7.3,B-10,2,2024-11-30T19:48:11.479153+00:00,2024-11-30T22:23:35.479153+00:00,2024-12-01T13:47:35.479153+00:00,11.9,9.2,0,15.2,15.4,0,NONE,SHIFT_C (22:00-06:00),2.59
IMO9301141,CMA CGM Feeder 1141,CMA CGM,Feeder,1574,180.0,7.4,B-08,2,2026-05-17T21:04:43.789619+00:00,2026-05-17T23:41:55.789619+00:00,2026-05-18T16:29:55.789619+00:00,14.7,23.8,0,17.7,16.8,0,NONE,SHIFT_C (22:00-06:00),2.62
IMO9301142,KMTC Panamax 1142,KMTC,Panamax,4090,236.0,11.6,B-06,3,2024-12-19T10:14:00.531027+00:00,2024-12-19T11:50:00.531027+00:00,2024-12-20T20:26:00.531027+00:00,16.7,8.1,0,31.9,32.6,0,NONE,SHIFT_A (06:00-14:00),1.6
IMO9301143,SITC Panamax 1143,SITC,Panamax,3877,239.5,10.5,B-04,3,2026-04-29T23:12:02.267918+00:00,2026-04-29T23:56:26.267918+00:00,2026-05-01T14:26:26.267918+00:00,17.5,14.5,0,35.9,38.5,154,WEATHER,SHIFT_C (22:00-06:00),0.74
IMO9301144,Yang Ming Neo-Panamax 1144,Yang Ming,Neo-Panamax,10927,359.2,14.6,B-03,4,2025-10-08T07:27:29.611042+00:00,2025-10-08T10:08:17.611042+00:00,2025-10-10T11:20:17.611042+00:00,14.4,26.8,0,49.2,49.2,0,NONE,SHIFT_A (06:00-14:00),2.68
IMO9301145,Hapag-Lloyd Feeder 1145,Hapag-Lloyd,Feeder,2042,144.4,7.1,B-10,2,2024-12-20T20:12:10.321701+00:00,2024-12-20T21:12:46.321701+00:00,2024-12-21T13:12:46.321701+00:00,16.8,12.1,0,16.8,16.0,0,NONE,SHIFT_B (14:00-22:00),1.01
IMO9301146,KMTC Feeder 1146,KMTC,Feeder,1086,159.4,9.1,B-08,2,2025-05-03T09:55:45.336286+00:00,2025-05-03T11:08:57.336286+00:00,2025-05-04T07:38:57.336286+00:00,15.7,6.1,0,20.4,20.5,0,NONE,SHIFT_A (06:00-14:00),1.22
IMO9301147,Wan Hai Feeder 1147,Wan Hai,Feeder,1491,157.7,8.7,B-08,2,2026-08-25T08:42:30.177197+00:00,2026-08-25T10:31:06.177197+00:00,2026-08-26T08:43:06.177197+00:00,14.5,18.7,0,22.6,22.2,0,NONE,SHIFT_A (06:00-14:00),1.81
IMO9301148,CMA CGM Post-Panamax 1148,CMA CGM,Post-Panamax,7304,304.1,12.9,B-04,3,2025-03-03T08:19:19.998661+00:00,2025-03-03T10:29:31.998661+00:00,2025-03-05T20:53:31.998661+00:00,12.3,16.0,0,52.2,58.4,369,CRANE_OUTAGE,SHIFT_A (06:00-14:00),2.17
IMO9301149,Hapag-Lloyd Feeder 1149,Hapag-Lloyd,Feeder,2176,189.3,7.8,B-08,2,2025-02-23T09:41:07.877016+00:00,2025-02-23T09:56:07.877016+00:00,2025-02-24T06:08:07.877016+00:00,14.5,11.1,0,20.0,20.2,0,NONE,SHIFT_A (06:00-14:00),0.25
IMO9301150,ZIM Panamax 1150,ZIM,Panamax,3313,254.4,11.8,B-05,3,2026-05-14T17:57:58.334472+00:00,2026-05-14T21:29:46.334472+00:00,2026-05-16T05:11:46.334472+00:00,11.3,21.2,0,31.9,31.7,0,NONE,SHIFT_B (14:00-22:00),3.53
IMO9301151,SITC Panamax 1151,SITC,Panamax,3011,221.8,11.2,B-06,3,2024-12-19T20:30:55.292722+00:00,2024-12-19T20:47:43.292722+00:00,2024-12-21T03:59:43.292722+00:00,16.3,6.1,0,31.5,31.2,0,NONE,SHIFT_B (14:00-22:00),0.28
IMO9301152,KMTC Feeder 1152,KMTC,Feeder,1266,139.0,7.7,B-09,2,2025-12-26T06:42:50.854844+00:00,2025-12-26T07:19:26.854844+00:00,2025-12-27T03:25:26.854844+00:00,14.1,4.6,0,19.8,20.1,0,NONE,SHIFT_A (06:00-14:00),0.61
IMO9301153,MSC Panamax 1153,MSC,Panamax,3851,263.8,10.1,B-05,3,2025-11-27T01:20:12.760115+00:00,2025-11-27T05:02:12.760115+00:00,2025-11-28T13:14:12.760115+00:00,12.7,17.7,0,32.1,32.2,0,NONE,SHIFT_C (22:00-06:00),3.7
IMO9301154,Evergreen ULCV 1154,Evergreen,ULCV,14769,370.3,14.6,B-01,4,2025-01-03T15:13:30.009202+00:00,2025-01-03T16:36:18.009202+00:00,2025-01-06T03:00:18.009202+00:00,17.6,10.3,0,55.2,58.4,193,CRANE_OUTAGE,SHIFT_B (14:00-22:00),1.38
IMO9301155,HMM Panamax 1155,HMM,Panamax,4940,287.4,11.3,B-07,3,2024-12-23T16:42:19.665607+00:00,2024-12-23T18:03:19.665607+00:00,2024-12-25T03:21:19.665607+00:00,15.7,20.0,0,33.9,33.3,0,NONE,SHIFT_B (14:00-22:00),1.35
IMO9301156,Hapag-Lloyd Post-Panamax 1156,Hapag-Lloyd,Post-Panamax,8917,334.8,13.7,B-02,4,2025-09-07T19:15:50.232519+00:00,2025-09-07T21:20:38.232519+00:00,2025-09-09T15:32:38.232519+00:00,13.7,18.3,0,43.2,42.2,0,NONE,SHIFT_B (14:00-22:00),2.08
IMO9301157,Hapag-Lloyd Neo-Panamax 1157,Hapag-Lloyd,Neo-Panamax,14328,349.6,15.0,B-02,4,2026-04-17T07:12:11.529858+00:00,2026-04-17T07:36:47.529858+00:00,2026-04-19T23:06:47.529858+00:00,17.4,5.9,0,53.9,63.5,579,TIDAL_WINDOW_MISSED,SHIFT_A (06:00-14:00),0.41
IMO9301158,PIL Feeder 1158,PIL,Feeder,886,175.5,9.2,B-08,2,2025-12-02T00:33:35.963229+00:00,2025-12-02T01:31:47.963229+00:00,2025-12-02T21:43:47.963229+00:00,13.8,9.8,0,16.7,20.2,210,CRANE_OUTAGE,SHIFT_C (22:00-06:00),0.97
IMO9301159,Maersk Feeder 1159,Maersk,Feeder,1430,170.1,8.2,B-09,2,2025-02-25T06:30:34.920322+00:00,2025-02-25T11:54:34.920322+00:00,2025-02-26T07:24:34.920322+00:00,9.6,30.6,1,20.1,19.5,0,NONE,SHIFT_A (06:00-14:00),5.4
IMO9301160,Evergreen Post-Panamax 1160,Evergreen,Post-Panamax,7599,341.5,13.1,B-04,3,2025-07-06T05:15:37.254827+00:00,2025-07-06T06:58:49.254827+00:00,2025-07-08T02:04:49.254827+00:00,13.7,19.5,0,42.9,43.1,0,NONE,SHIFT_A (06:00-14:00),1.72
IMO9301161,ZIM ULCV 1161,ZIM,ULCV,17423,374.1,16.3,B-02,4,2026-05-01T08:42:47.455647+00:00,2026-05-01T08:55:23.455647+00:00,2026-05-04T01:43:23.455647+00:00,14.1,25.5,1,62.5,64.8,136,WEATHER,SHIFT_A (06:00-14:00),0.21
IMO9301162,SITC Feeder 1162,SITC,Feeder,2412,161.6,8.8,B-08,2,2025-08-22T12:04:01.495713+00:00,2025-08-22T12:04:01.495713+00:00,2025-08-23T08:52:01.495713+00:00,15.3,17.4,0,21.4,20.8,0,NONE,SHIFT_A (06:00-14:00),0.0
IMO9301163,X-Press Feeders Feeder 1163,X-Press Feeders,Feeder,880,168.6,9.5,B-09,2,2025-01-11T03:27:53.552812+00:00,2025-01-11T04:11:05.552812+00:00,2025-01-12T00:29:05.552812+00:00,10.1,27.3,0,16.5,20.3,227,CRANE_OUTAGE,SHIFT_C (22:00-06:00),0.72
IMO9301164,COSCO ULCV 1164,COSCO,ULCV,20671,381.7,15.5,B-03,4,2025-04-17T22:29:06.261178+00:00,2025-04-17T23:26:06.261178+00:00,2025-04-20T13:38:06.261178+00:00,15.5,15.7,1,61.7,62.2,0,NONE,SHIFT_C (22:00-06:00),0.95
IMO9301165,Wan Hai Panamax 1165,Wan Hai,Panamax,3523,274.5,10.2,B-04,3,2026-03-26T08:19:49.133981+00:00,2026-03-26T08:59:25.133981+00:00,2026-03-27T17:59:25.133981+00:00,15.9,19.7,0,31.8,33.0,75,PILOT_UNAVAILABLE,SHIFT_A (06:00-14:00),0.66
IMO9301166,KMTC ULCV 1166,KMTC,ULCV,17501,397.2,16.3,B-02,4,2025-12-27T11:24:14.565229+00:00,2025-12-27T13:36:50.565229+00:00,2025-12-30T06:42:50.565229+00:00,16.0,22.1,1,65.9,65.1,0,NONE,SHIFT_A (06:00-14:00),2.21
IMO9301167,ZIM Panamax 1167,ZIM,Panamax,3947,227.6,10.6,B-07,3,2025-09-01T22:16:11.788909+00:00,2025-09-02T00:08:23.788909+00:00,2025-09-03T13:14:23.788909+00:00,14.8,7.6,0,34.3,37.1,170,WEATHER,SHIFT_C (22:00-06:00),1.87
IMO9301168,Hapag-Lloyd ULCV 1168,Hapag-Lloyd,ULCV,19491,368.5,15.4,B-02,4,2025-11-21T05:42:58.327224+00:00,2025-11-21T06:39:22.327224+00:00,2025-11-23T10:57:22.327224+00:00,13.3,6.2,0,52.4,52.3,0,NONE,SHIFT_A (06:00-14:00),0.94
IMO9301169,MSC Panamax 1169,MSC,Panamax,4382,278.1,11.3,B-05,3,2025-09-28T22:02:39.427058+00:00,2025-09-28T23:02:39.427058+00:00,2025-09-30T11:26:39.427058+00:00,15.7,22.1,0,37.2,36.4,0,NONE,SHIFT_C (22:00-06:00),1.0
IMO9301170,Maersk Post-Panamax 1170,Maersk,Post-Panamax,6953,346.9,14.4,B-05,3,2024-12-20T11:17:13.470121+00:00,2024-12-20T13:01:37.470121+00:00,2024-12-22T23:13:37.470121+00:00,12.5,12.5,0,50.2,58.2,480,WEATHER,SHIFT_A (06:00-14:00),1.74
IMO9301171,Hapag-Lloyd Feeder 1171,Hapag-Lloyd,Feeder,2326,171.1,7.2,B-08,2,2026-07-08T06:31:18.451787+00:00,2026-07-08T07:44:30.451787+00:00,2026-07-08T22:56:30.451787+00:00,15.6,26.2,0,15.9,15.2,0,NONE,SHIFT_A (06:00-14:00),1.22
IMO9301172,OOCL Panamax 1172,OOCL,Panamax,3584,263.8,11.0,B-05,3,2024-10-10T06:03:23.347557+00:00,2024-10-10T08:48:23.347557+00:00,2024-10-12T01:00:23.347557+00:00,13.3,23.4,0,40.7,40.2,0,NONE,SHIFT_A (06:00-14:00),2.75
IMO9301173,SITC Panamax 1173,SITC,Panamax,3972,274.6,10.7,B-07,3,2025-01-05T08:58:22.383356+00:00,2025-01-05T11:18:10.383356+00:00,2025-01-06T17:24:10.383356+00:00,13.0,15.8,0,30.0,30.1,0,NONE,SHIFT_A (06:00-14:00),2.33
IMO9301174,COSCO Feeder 1174,COSCO,Feeder,2221,170.0,8.1,B-08,2,2025-07-09T09:28:01.714599+00:00,2025-07-09T12:08:13.714599+00:00,2025-07-10T12:14:13.714599+00:00,12.9,4.6,0,20.6,24.1,208,CRANE_OUTAGE,SHIFT_A (06:00-14:00),2.67
IMO9301175,Evergreen Handymax 1175,Evergreen,Handymax,2927,217.4,10.3,B-08,2,2025-07-25T18:52:59.350728+00:00,2025-07-25T21:30:11.350728+00:00,2025-07-27T00:42:11.350728+00:00,17.1,19.7,0,21.3,27.2,353,CRANE_OUTAGE,SHIFT_B (14:00-22:00),2.62
IMO9301176,ZIM Post-Panamax 1176,ZIM,Post-Panamax,10237,341.5,13.8,B-01,4,2024-12-17T10:31:07.847276+00:00,2024-12-17T11:11:19.847276+00:00,2024-12-19T09:29:19.847276+00:00,12.8,11.2,0,45.6,46.3,0,NONE,SHIFT_A (06:00-14:00),0.67
IMO9301177,Wan Hai Feeder 1177,Wan Hai,Feeder,2381,163.9,7.7,B-10,2,2024-12-18T17:49:30.995520+00:00,2024-12-18T17:49:30.995520+00:00,2024-12-19T17:19:30.995520+00:00,13.2,24.3,0,23.0,23.5,0,NONE,SHIFT_B (14:00-22:00),0.0
IMO9301178,Yang Ming Post-Panamax 1178,Yang Ming,Post-Panamax,10021,314.7,12.8,B-04,3,2025-08-08T10:41:54.014550+00:00,2025-08-08T14:02:54.014550+00:00,2025-08-10T14:50:54.014550+00:00,14.8,30.7,1,48.6,48.8,0,NONE,SHIFT_B (14:00-22:00),3.35
IMO9301179,KMTC Panamax 1179,KMTC,Panamax,4810,288.1,10.1,B-05,3,2025-03-28T01:52:38.410309+00:00,2025-03-28T02:24:26.410309+00:00,2025-03-29T14:00:26.410309+00:00,18.5,20.2,0,29.5,35.6,368,CRANE_OUTAGE,SHIFT_C (22:00-06:00),0.53
IMO9301180,Yang Ming Neo-Panamax 1180,Yang Ming,Neo-Panamax,14596,363.4,14.5,B-01,4,2025-01-24T16:50:00.215062+00:00,2025-01-24T21:41:36.215062+00:00,2025-01-26T15:05:36.215062+00:00,11.9,33.6,1,42.1,41.4,0,NONE,SHIFT_B (14:00-22:00),4.86
IMO9301181,KMTC Post-Panamax 1181,KMTC,Post-Panamax,7706,317.1,13.6,B-04,3,2025-07-20T07:25:17.157037+00:00,2025-07-20T07:52:17.157037+00:00,2025-07-22T05:16:17.157037+00:00,16.6,13.9,0,45.7,45.4,0,NONE,SHIFT_A (06:00-14:00),0.45
IMO9301182,CMA CGM Panamax 1182,CMA CGM,Panamax,4973,284.6,10.4,B-07,3,2026-07-09T11:45:21.451424+00:00,2026-07-09T15:54:21.451424+00:00,2026-07-11T00:06:21.451424+00:00,16.8,23.4,0,28.0,32.2,250,WEATHER,SHIFT_B (14:00-22:00),4.15
IMO9301183,COSCO Panamax 1183,COSCO,Panamax,4093,237.6,10.4,B-07,3,2025-08-24T14:18:50.554942+00:00,2025-08-24T16:34:26.554942+00:00,2025-08-25T18:46:26.554942+00:00,17.7,11.5,0,27.1,26.2,0,NONE,SHIFT_B (14:00-22:00),2.26
IMO9301184,OOCL ULCV 1184,OOCL,ULCV,22419,391.6,14.5,B-02,4,2025-07-13T04:48:29.723350+00:00,2025-07-13T06:01:41.723350+00:00,2025-07-16T13:13:41.723350+00:00,9.5,26.7,0,78.4,79.2,0,NONE,SHIFT_A (06:00-14:00),1.22
IMO9301185,ONE Handymax 1185,ONE,Handymax,3253,183.0,10.2,B-08,2,2025-02-02T15:08:29.311745+00:00,2025-02-02T16:42:41.311745+00:00,2025-02-03T15:06:41.311745+00:00,14.1,29.2,1,23.3,22.4,0,NONE,SHIFT_B (14:00-22:00),1.57
IMO9301186,CMA CGM Panamax 1186,CMA CGM,Panamax,4856,280.0,10.6,B-07,3,2025-03-10T12:55:19.650032+00:00,2025-03-10T15:02:31.650032+00:00,2025-03-12T02:14:31.650032+00:00,10.9,24.6,0,31.0,35.2,255,YARD_CONGESTION,SHIFT_B (14:00-22:00),2.12
IMO9301187,MSC Panamax 1187,MSC,Panamax,4146,271.1,10.4,B-06,3,2026-09-06T01:58:24.110386+00:00,2026-09-06T02:35:36.110386+00:00,2026-09-07T12:47:36.110386+00:00,14.6,10.9,0,34.9,34.2,0,NONE,SHIFT_C (22:00-06:00),0.62
IMO9301188,KMTC Panamax 1188,KMTC,Panamax,4411,267.0,11.2,B-04,3,2025-08-14T12:37:26.851085+00:00,2025-08-14T15:22:26.851085+00:00,2025-08-16T00:10:26.851085+00:00,16.5,6.2,0,28.0,32.8,286,WEATHER,SHIFT_B (14:00-22:00),2.75
IMO9301189,Evergreen Neo-Panamax 1189,Evergreen,Neo-Panamax,10547,354.7,15.4,B-02,4,2026-09-01T19:47:44.704240+00:00,2026-09-01T23:03:20.704240+00:00,2026-09-04T04:03:20.704240+00:00,13.5,10.5,0,53.8,53.0,0,NONE,SHIFT_C (22:00-06:00),3.26
IMO9301190,PIL ULCV 1190,PIL,ULCV,19648,390.3,14.8,B-02,4,2026-07-01T23:07:25.981403+00:00,2026-07-02T02:19:25.981403+00:00,2026-07-04T21:19:25.981403+00:00,18.0,16.1,1,64.8,67.0,129,YARD_CONGESTION,SHIFT_C (22:00-06:00),3.2
IMO9301191,CMA CGM Post-Panamax 1191,CMA CGM,Post-Panamax,7422,330.1,12.5,B-02,4,2025-03-27T07:33:14.055837+00:00,2025-03-27T09:28:26.055837+00:00,2025-03-29T11:04:26.055837+00:00,16.7,18.9,0,50.0,49.6,0,NONE,SHIFT_A (06:00-14:00),1.92
IMO9301192,ONE Feeder 1192,ONE,Feeder,1916,156.8,9.2,B-09,2,2026-02-09T05:24:44.528828+00:00,2026-02-09T07:51:08.528828+00:00,2026-02-10T00:03:08.528828+00:00,14.3,17.1,0,17.1,16.2,0,NONE,SHIFT_A (06:00-14:00),2.44
IMO9301193,ZIM Neo-Panamax 1193,ZIM,Neo-Panamax,10774,353.3,15.4,B-02,4,2026-03-04T00:55:10.716089+00:00,2026-03-04T03:59:58.716089+00:00,2026-03-06T12:05:58.716089+00:00,14.5,9.2,0,56.8,56.1,0,NONE,SHIFT_C (22:00-06:00),3.08
IMO9301194,OOCL Panamax 1194,OOCL,Panamax,3764,266.7,10.3,B-04,3,2026-09-08T02:23:58.086817+00:00,2026-09-08T04:22:10.086817+00:00,2026-09-09T20:40:10.086817+00:00,16.3,8.2,0,34.2,40.3,364,WEATHER,SHIFT_C (22:00-06:00),1.97
IMO9301195,COSCO Post-Panamax 1195,COSCO,Post-Panamax,9939,331.4,13.0,B-02,4,2025-08-02T06:06:47.476925+00:00,2025-08-02T06:42:11.476925+00:00,2025-08-04T06:18:11.476925+00:00,17.4,21.9,0,44.6,47.6,178,CRANE_OUTAGE,SHIFT_A (06:00-14:00),0.59
IMO9301196,Yang Ming Neo-Panamax 1196,Yang Ming,Neo-Panamax,11451,362.8,15.2,B-03,4,2025-05-15T19:41:41.316812+00:00,2025-05-15T20:09:17.316812+00:00,2025-05-18T09:39:17.316812+00:00,14.9,11.6,1,60.7,61.5,50,PILOT_UNAVAILABLE,SHIFT_B (14:00-22:00),0.46
IMO9301197,KMTC Panamax 1197,KMTC,Panamax,3487,248.2,11.9,B-07,3,2025-10-09T00:44:00.795864+00:00,2025-10-09T03:58:24.795864+00:00,2025-10-11T00:10:24.795864+00:00,15.8,15.2,0,35.4,44.2,530,WEATHER,SHIFT_C (22:00-06:00),3.24
IMO9301198,PIL Post-Panamax 1198,PIL,Post-Panamax,7676,338.2,13.3,B-01,4,2025-06-01T02:19:03.730683+00:00,2025-06-01T03:19:39.730683+00:00,2025-06-03T07:37:39.730683+00:00,14.8,8.4,0,50.6,52.3,104,CRANE_OUTAGE,SHIFT_C (22:00-06:00),1.01
IMO9301199,PIL ULCV 1199,PIL,ULCV,21328,366.5,15.2,B-01,4,2025-05-12T01:37:45.189803+00:00,2025-05-12T02:56:21.189803+00:00,2025-05-14T20:44:21.189803+00:00,15.1,5.6,0,66.2,65.8,0,NONE,SHIFT_C (22:00-06:00),1.31
IMO9301200,SITC Handymax 1200,SITC,Handymax,3141,210.2,10.9,B-08,2,2026-04-01T22:37:12.247069+00:00,2026-04-01T23:38:24.247069+00:00,2026-04-03T01:14:24.247069+00:00,11.5,17.8,0,22.7,25.6,171,WEATHER,SHIFT_C (22:00-06:00),1.02
IMO9301201,MSC Feeder 1201,MSC,Feeder,2039,181.1,9.0,B-10,2,2025-04-11T05:01:00.635389+00:00,2025-04-11T09:04:00.635389+00:00,2025-04-12T02:16:00.635389+00:00,9.1,32.6,1,16.6,17.2,0,NONE,SHIFT_A (06:00-14:00),4.05
IMO9301202,CMA CGM Handymax 1202,CMA CGM,Handymax,2925,205.9,9.2,B-09,2,2024-10-25T17:08:37.831451+00:00,2024-10-25T18:53:37.831451+00:00,2024-10-26T20:29:37.831451+00:00,17.1,20.9,0,24.9,25.6,0,NONE,SHIFT_B (14:00-22:00),1.75
IMO9301203,X-Press Feeders Feeder 1203,X-Press Feeders,Feeder,1904,156.9,8.2,B-10,2,2026-05-06T19:23:43.268471+00:00,2026-05-06T21:23:43.268471+00:00,2026-05-08T01:17:43.268471+00:00,13.7,12.9,0,21.2,27.9,399,CRANE_OUTAGE,SHIFT_B (14:00-22:00),2.0
IMO9301204,OOCL ULCV 1204,OOCL,ULCV,22879,386.8,15.5,B-01,4,2025-01-09T13:17:54.796834+00:00,2025-01-09T15:14:54.796834+00:00,2025-01-12T10:02:54.796834+00:00,11.0,16.8,0,64.2,66.8,156,WEATHER,SHIFT_B (14:00-22:00),1.95
IMO9301205,ONE Handymax 1205,ONE,Handymax,3317,199.8,10.4,B-08,2,2025-05-15T19:09:34.773580+00:00,2025-05-15T22:15:34.773580+00:00,2025-05-17T00:09:34.773580+00:00,14.5,19.2,0,24.7,25.9,75,CRANE_OUTAGE,SHIFT_C (22:00-06:00),3.1
IMO9301206,PIL Post-Panamax 1206,PIL,Post-Panamax,9218,337.8,13.3,B-04,3,2025-08-04T15:33:06.750994+00:00,2025-08-04T16:17:30.750994+00:00,2025-08-06T17:47:30.750994+00:00,15.5,3.7,0,49.1,49.5,0,NONE,SHIFT_B (14:00-22:00),0.74
IMO9301207,PIL Handymax 1207,PIL,Handymax,3072,190.7,9.0,B-09,2,2025-10-21T17:15:44.126553+00:00,2025-10-21T18:37:20.126553+00:00,2025-10-22T18:01:20.126553+00:00,15.1,23.2,0,22.7,23.4,0,NONE,SHIFT_B (14:00-22:00),1.36
IMO9301208,HMM Post-Panamax 1208,HMM,Post-Panamax,8320,339.5,14.2,B-02,4,2025-08-21T04:54:45.483148+00:00,2025-08-21T05:49:57.483148+00:00,2025-08-23T02:55:57.483148+00:00,13.7,26.4,0,45.6,45.1,0,NONE,SHIFT_C (22:00-06:00),0.92
IMO9301209,Wan Hai Post-Panamax 1209,Wan Hai,Post-Panamax,10459,309.3,14.0,B-02,4,2024-11-29T14:13:47.607304+00:00,2024-11-29T15:24:35.607304+00:00,2024-12-01T12:24:35.607304+00:00,15.4,16.8,0,41.6,45.0,203,WEATHER,SHIFT_B (14:00-22:00),1.18
IMO9301210,PIL Handymax 1210,PIL,Handymax,3033,184.1,10.7,B-06,3,2025-08-11T07:27:10.560255+00:00,2025-08-11T10:18:10.560255+00:00,2025-08-12T14:54:10.560255+00:00,11.6,13.1,0,29.1,28.6,0,NONE,SHIFT_A (06:00-14:00),2.85
IMO9301211,Wan Hai Handymax 1211,Wan Hai,Handymax,2998,180.6,9.3,B-08,2,2025-02-01T16:40:05.104105+00:00,2025-02-01T18:20:17.104105+00:00,2025-02-02T21:20:17.104105+00:00,15.7,17.9,0,27.0,27.0,0,NONE,SHIFT_B (14:00-22:00),1.67
IMO9301212,COSCO Neo-Panamax 1212,COSCO,Neo-Panamax,11350,363.8,14.7,B-01,4,2026-04-27T21:30:01.554859+00:00,2026-04-28T01:08:25.554859+00:00,2026-04-30T14:08:25.554859+00:00,14.8,23.5,0,61.3,61.0,0,NONE,SHIFT_C (22:00-06:00),3.64
IMO9301213,CMA CGM Handymax 1213,CMA CGM,Handymax,2669,193.0,9.6,B-08,2,2026-04-25T15:07:01.459897+00:00,2026-04-25T17:05:13.459897+00:00,2026-04-26T23:11:13.459897+00:00,15.6,17.7,0,24.6,30.1,328,CRANE_OUTAGE,SHIFT_B (14:00-22:00),1.97
IMO9301214,KMTC Feeder 1214,KMTC,Feeder,832,156.8,7.8,B-10,2,2026-03-10T23:20:15.165985+00:00,2026-03-11T01:45:27.165985+00:00,2026-03-11T17:51:27.165985+00:00,13.7,24.0,0,15.4,16.1,0,NONE,SHIFT_C (22:00-06:00),2.42
IMO9301215,MSC Post-Panamax 1215,MSC,Post-Panamax,9636,338.8,12.9,B-05,3,2025-09-02T09:57:00.364461+00:00,2025-09-02T14:54:00.364461+00:00,2025-09-04T15:42:00.364461+00:00,14.5,15.7,0,40.8,48.8,477,WEATHER,SHIFT_B (14:00-22:00),4.95
IMO9301216,HMM Panamax 1216,HMM,Panamax,5106,245.3,10.5,B-06,3,2025-12-02T19:18:20.615938+00:00,2025-12-02T20:06:56.615938+00:00,2025-12-04T06:42:56.615938+00:00,16.6,25.8,0,30.2,34.6,264,YARD_CONGESTION,SHIFT_B (14:00-22:00),0.81
IMO9301217,Wan Hai Panamax 1217,Wan Hai,Panamax,4701,280.5,11.2,B-07,3,2025-08-26T10:24:08.797651+00:00,2025-08-26T11:33:08.797651+00:00,2025-08-28T02:15:08.797651+00:00,18.0,7.6,0,30.9,38.7,466,TIDAL_WINDOW_MISSED,SHIFT_A (06:00-14:00),1.15
IMO9301218,Wan Hai Panamax 1218,Wan Hai,Panamax,4489,271.3,10.8,B-06,3,2025-02-28T11:58:25.212365+00:00,2025-02-28T12:15:49.212365+00:00,2025-03-02T00:21:49.212365+00:00,14.0,23.8,0,36.0,36.1,0,NONE,SHIFT_A (06:00-14:00),0.29
IMO9301219,CMA CGM Feeder 1219,CMA CGM,Feeder,1480,178.7,8.1,B-08,2,2026-06-12T05:46:25.361292+00:00,2026-06-12T09:14:01.361292+00:00,2026-06-13T04:38:01.361292+00:00,11.5,4.3,0,19.2,19.4,0,NONE,SHIFT_A (06:00-14:00),3.46
IMO9301220,Yang Ming Feeder 1220,Yang Ming,Feeder,2493,137.9,9.2,B-08,2,2025-02-20T01:51:48.789852+00:00,2025-02-20T02:25:24.789852+00:00,2025-02-20T20:07:24.789852+00:00,14.7,24.8,0,18.6,17.7,0,NONE,SHIFT_C (22:00-06:00),0.56
IMO9301221,KMTC Feeder 1221,KMTC,Feeder,1005,163.3,7.5,B-09,2,2026-02-11T23:38:57.481775+00:00,2026-02-12T01:46:09.481775+00:00,2026-02-12T13:52:09.481775+00:00,12.7,12.9,0,12.2,12.1,0,NONE,SHIFT_C (22:00-06:00),2.12
IMO9301222,Yang Ming Neo-Panamax 1222,Yang Ming,Neo-Panamax,13613,351.0,15.3,B-03,4,2024-11-04T01:09:09.792164+00:00,2024-11-04T01:09:09.792164+00:00,2024-11-06T05:39:09.792164+00:00,16.2,18.2,1,52.2,52.5,0,NONE,SHIFT_C (22:00-06:00),0.0
IMO9301223,PIL Feeder 1223,PIL,Feeder,942,147.3,9.4,B-10,2,2026-04-14T00:23:11.470920+00:00,2026-04-14T03:02:47.470920+00:00,2026-04-15T01:02:47.470920+00:00,11.9,22.6,0,19.4,22.0,154,WEATHER,SHIFT_C (22:00-06:00),2.66
IMO9301224,Hapag-Lloyd Feeder 1224,Hapag-Lloyd,Feeder,2083,182.7,8.6,B-09,2,2025-06-26T03:58:52.150096+00:00,2025-06-26T05:12:40.150096+00:00,2025-06-26T18:42:40.150096+00:00,14.2,5.0,0,13.8,13.5,0,NONE,SHIFT_C (22:00-06:00),1.23
IMO9301225,ONE Panamax 1225,ONE,Panamax,3099,270.2,10.9,B-05,3,2025-03-15T08:57:03.834194+00:00,2025-03-15T08:57:03.834194+00:00,2025-03-16T17:45:03.834194+00:00,16.1,18.8,0,33.0,32.8,0,NONE,SHIFT_A (06:00-14:00),0.0
IMO9301226,PIL Handymax 1226,PIL,Handymax,2277,202.5,9.2,B-09,2,2026-05-29T20:04:36.138288+00:00,2026-05-29T22:41:12.138288+00:00,2026-05-30T23:29:12.138288+00:00,15.5,16.7,0,24.3,24.8,0,NONE,SHIFT_C (22:00-06:00),2.61
IMO9301227,SITC Neo-Panamax 1227,SITC,Neo-Panamax,11975,349.9,14.8,B-03,4,2026-07-06T14:43:58.342391+00:00,2026-07-06T17:30:10.342391+00:00,2026-07-08T18:54:10.342391+00:00,15.7,20.0,0,50.0,49.4,0,NONE,SHIFT_B (14:00-22:00),2.77
IMO9301228,ONE Panamax 1228,ONE,Panamax,3762,284.8,11.3,B-04,3,2026-01-26T18:04:48.499265+00:00,2026-01-26T18:57:36.499265+00:00,2026-01-28T01:09:36.499265+00:00,12.4,8.4,0,29.9,30.2,0,NONE,SHIFT_B (14:00-22:00),0.88
IMO9301229,COSCO Neo-Panamax 1229,COSCO,Neo-Panamax,14793,359.1,15.1,B-01,4,2025-06-14T10:41:29.131586+00:00,2025-06-14T12:57:05.131586+00:00,2025-06-16T12:15:05.131586+00:00,16.8,9.9,1,47.3,47.3,0,NONE,SHIFT_A (06:00-14:00),2.26
IMO9301230,ONE Neo-Panamax 1230,ONE,Neo-Panamax,12185,348.3,15.4,B-02,4,2026-06-22T06:59:08.315911+00:00,2026-06-22T06:59:08.315911+00:00,2026-06-24T04:35:08.315911+00:00,14.4,20.2,0,45.9,45.6,0,NONE,SHIFT_A (06:00-14:00),0.0
IMO9301231,Maersk Feeder 1231,Maersk,Feeder,1319,164.3,7.7,B-10,2,2025-02-11T20:07:17.236912+00:00,2025-02-11T21:36:41.236912+00:00,2025-02-13T01:54:41.236912+00:00,12.1,20.2,0,19.5,28.3,530,WEATHER,SHIFT_B (14:00-22:00),1.49
IMO9301232,Maersk Panamax 1232,Maersk,Panamax,3286,233.1,10.3,B-05,3,2026-08-09T07:05:23.257624+00:00,2026-08-09T09:25:11.257624+00:00,2026-08-10T15:01:11.257624+00:00,16.1,10.1,0,29.7,29.6,0,NONE,SHIFT_A (06:00-14:00),2.33
IMO9301233,OOCL Feeder 1233,OOCL,Feeder,1083,172.5,9.0,B-10,2,2024-11-02T18:26:31.994326+00:00,2024-11-02T20:52:55.994326+00:00,2024-11-03T19:58:55.994326+00:00,13.8,7.4,0,21.8,23.1,79,PILOT_UNAVAILABLE,SHIFT_B (14:00-22:00),2.44
IMO9301234,X-Press Feeders Post-Panamax 1234,X-Press Feeders,Post-Panamax,6944,336.5,14.0,B-05,3,2026-05-05T14:23:42.362656+00:00,2026-05-05T15:44:06.362656+00:00,2026-05-07T16:50:06.362656+00:00,17.4,4.1,0,48.6,49.1,0,NONE,SHIFT_B (14:00-22:00),1.34
IMO9301235,SITC Post-Panamax 1235,SITC,Post-Panamax,10091,325.9,13.5,B-03,4,2025-05-14T08:01:36.449847+00:00,2025-05-14T08:42:24.449847+00:00,2025-05-16T05:06:24.449847+00:00,11.8,25.3,0,44.4,44.4,0,NONE,SHIFT_A (06:00-14:00),0.68
IMO9301236,MSC Neo-Panamax 1236,MSC,Neo-Panamax,12474,345.3,14.1,B-01,4,2024-11-23T09:53:01.416658+00:00,2024-11-23T10:56:01.416658+00:00,2024-11-25T04:38:01.416658+00:00,15.9,18.3,0,42.5,41.7,0,NONE,SHIFT_A (06:00-14:00),1.05
IMO9301237,Evergreen Feeder 1237,Evergreen,Feeder,1968,187.2,9.2,B-08,2,2026-09-01T17:58:25.664148+00:00,2026-09-01T20:30:13.664148+00:00,2026-09-02T13:36:13.664148+00:00,16.4,21.7,0,18.1,17.1,0,NONE,SHIFT_B (14:00-22:00),2.53
IMO9301238,OOCL Handymax 1238,OOCL,Handymax,3047,191.1,10.7,B-07,3,2026-08-08T09:29:07.727017+00:00,2026-08-08T09:29:07.727017+00:00,2026-08-09T11:59:07.727017+00:00,16.5,23.1,0,22.1,26.5,264,TIDAL_WINDOW_MISSED,SHIFT_A (06:00-14:00),0.0
IMO9301239,OOCL Feeder 1239,OOCL,Feeder,1097,135.6,9.4,B-09,2,2026-08-14T08:19:46.037412+00:00,2026-08-14T09:57:34.037412+00:00,2026-08-15T11:51:34.037412+00:00,15.3,9.3,0,21.0,25.9,295,CRANE_OUTAGE,SHIFT_A (06:00-14:00),1.63
IMO9301240,Hapag-Lloyd Panamax 1240,Hapag-Lloyd,Panamax,3365,223.7,11.2,B-04,3,2026-06-29T02:06:56.972268+00:00,2026-06-29T03:56:44.972268+00:00,2026-06-30T13:50:44.972268+00:00,15.3,13.3,0,33.6,33.9,0,NONE,SHIFT_C (22:00-06:00),1.83
IMO9301241,Wan Hai Panamax 1241,Wan Hai,Panamax,4792,266.3,11.9,B-05,3,2026-04-28T18:09:40.850872+00:00,2026-04-28T18:26:28.850872+00:00,2026-04-29T23:08:28.850872+00:00,12.5,4.1,0,28.7,28.7,0,NONE,SHIFT_B (14:00-22:00),0.28
IMO9301242,SITC Post-Panamax 1242,SITC,Post-Panamax,8969,332.5,13.8,B-05,3,2026-07-05T14:54:34.404274+00:00,2026-07-05T15:40:10.404274+00:00,2026-07-07T16:34:10.404274+00:00,14.3,21.3,0,48.5,48.9,0,NONE,SHIFT_B (14:00-22:00),0.76
IMO9301243,Hapag-Lloyd Post-Panamax 1243,Hapag-Lloyd,Post-Panamax,9175,346.1,14.2,B-02,4,2026-06-02T03:58:23.793187+00:00,2026-06-02T04:49:23.793187+00:00,2026-06-03T22:07:23.793187+00:00,15.4,23.7,0,40.6,41.3,0,NONE,SHIFT_C (22:00-06:00),0.85
IMO9301244,CMA CGM Post-Panamax 1244,CMA CGM,Post-Panamax,6510,340.5,14.0,B-02,4,2025-04-21T06:08:16.188456+00:00,2025-04-21T06:47:52.188456+00:00,2025-04-23T12:17:52.188456+00:00,12.7,16.6,0,53.0,53.5,0,NONE,SHIFT_A (06:00-14:00),0.66
IMO9301245,Yang Ming Post-Panamax 1245,Yang Ming,Post-Panamax,8756,348.4,12.7,B-02,4,2025-11-17T05:08:01.751745+00:00,2025-11-17T06:09:13.751745+00:00,2025-11-19T00:03:13.751745+00:00,15.7,12.6,0,42.9,41.9,0,NONE,SHIFT_A (06:00-14:00),1.02
IMO9301246,Hapag-Lloyd ULCV 1246,Hapag-Lloyd,ULCV,14881,366.9,16.5,B-02,4,2026-06-21T14:28:19.904878+00:00,2026-06-21T17:13:55.904878+00:00,2026-06-24T07:31:55.904878+00:00,13.1,17.6,0,62.2,62.3,0,NONE,SHIFT_B (14:00-22:00),2.76
IMO9301247,CMA CGM Panamax 1247,CMA CGM,Panamax,3091,250.2,11.7,B-07,3,2026-04-06T23:48:20.776936+00:00,2026-04-07T02:22:32.776936+00:00,2026-04-08T13:34:32.776936+00:00,15.5,18.4,0,34.6,35.2,0,NONE,SHIFT_C (22:00-06:00),2.57
IMO9301248,Maersk Post-Panamax 1248,Maersk,Post-Panamax,8838,311.1,13.9,B-01,4,2026-03-22T12:36:34.357107+00:00,2026-03-22T13:16:10.357107+00:00,2026-03-24T05:04:10.357107+00:00,11.6,7.2,0,39.9,39.8,0,NONE,SHIFT_A (06:00-14:00),0.66
IMO9301249,SITC Neo-Panamax 1249,SITC,Neo-Panamax,12525,349.6,15.3,B-03,4,2026-08-02T11:59:45.244386+00:00,2026-08-02T14:03:21.244386+00:00,2026-08-04T19:03:21.244386+00:00,12.6,41.4,1,53.8,53.0,0,NONE,SHIFT_B (14:00-22:00),2.06
IMO9301250,HMM Neo-Panamax 1250,HMM,Neo-Panamax,10361,352.0,13.5,B-03,4,2026-08-06T10:41:31.255730+00:00,2026-08-06T12:44:31.255730+00:00,2026-08-08T14:38:31.255730+00:00,14.7,7.0,0,49.4,49.9,0,NONE,SHIFT_A (06:00-14:00),2.05
IMO9301251,KMTC Post-Panamax 1251,KMTC,Post-Panamax,9765,327.7,12.7,B-03,4,2025-03-17T21:13:46.996708+00:00,2025-03-17T23:07:46.996708+00:00,2025-03-19T23:37:46.996708+00:00,15.1,15.6,0,41.3,48.5,433,WEATHER,SHIFT_C (22:00-06:00),1.9
IMO9301252,COSCO Handymax 1252,COSCO,Handymax,3474,185.9,8.6,B-06,3,2024-10-17T05:52:45.013967+00:00,2024-10-17T07:28:45.013967+00:00,2024-10-18T07:40:45.013967+00:00,13.3,19.7,0,24.4,24.2,0,NONE,SHIFT_A (06:00-14:00),1.6
IMO9301253,SITC Feeder 1253,SITC,Feeder,897,172.8,7.8,B-09,2,2026-01-01T08:32:42.770442+00:00,2026-01-01T09:01:30.770442+00:00,2026-01-02T05:07:30.770442+00:00,14.2,11.3,0,18.9,20.1,72,CRANE_OUTAGE,SHIFT_A (06:00-14:00),0.48
IMO9301254,KMTC Feeder 1254,KMTC,Feeder,1881,140.9,8.3,B-10,2,2026-01-05T12:29:08.693516+00:00,2026-01-05T13:17:44.693516+00:00,2026-01-06T07:41:44.693516+00:00,13.3,13.8,0,19.2,18.4,0,NONE,SHIFT_A (06:00-14:00),0.81
IMO9301255,ONE Feeder 1255,ONE,Feeder,2391,190.0,9.0,B-08,2,2025-07-08T11:21:11.453322+00:00,2025-07-08T13:57:47.453322+00:00,2025-07-09T16:45:47.453322+00:00,17.2,28.7,1,22.3,26.8,268,YARD_CONGESTION,SHIFT_A (06:00-14:00),2.61
IMO9301256,CMA CGM Post-Panamax 1256,CMA CGM,Post-Panamax,8470,317.7,12.6,B-02,4,2025-05-02T21:48:42.148082+00:00,2025-05-02T22:24:06.148082+00:00,2025-05-04T23:12:06.148082+00:00,19.4,14.7,0,49.0,48.8,0,NONE,SHIFT_C (22:00-06:00),0.59
IMO9301257,Wan Hai Handymax 1257,Wan Hai,Handymax,2138,205.1,8.6,B-06,3,2026-08-12T19:00:42.206107+00:00,2026-08-12T19:10:54.206107+00:00,2026-08-14T01:10:54.206107+00:00,13.1,7.2,0,24.0,30.0,359,CRANE_OUTAGE,SHIFT_B (14:00-22:00),0.17
IMO9301258,CMA CGM Feeder 1258,CMA CGM,Feeder,2233,179.2,8.4,B-10,2,2025-06-21T02:59:21.004255+00:00,2025-06-21T05:03:33.004255+00:00,2025-06-22T03:39:33.004255+00:00,15.9,10.6,0,18.5,22.6,247,TIDAL_WINDOW_MISSED,SHIFT_C (22:00-06:00),2.07
IMO9301259,Evergreen Handymax 1259,Evergreen,Handymax,3027,181.7,10.0,B-06,3,2025-02-13T22:44:34.781048+00:00,2025-02-13T23:40:22.781048+00:00,2025-02-15T02:58:22.781048+00:00,17.7,23.1,0,26.5,27.3,0,NONE,SHIFT_C (22:00-06:00),0.93
IMO9301260,CMA CGM Panamax 1260,CMA CGM,Panamax,3492,233.9,11.2,B-07,3,2025-12-17T04:11:18.277953+00:00,2025-12-17T05:24:30.277953+00:00,2025-12-18T16:06:30.277953+00:00,14.0,16.4,0,35.5,34.7,0,NONE,SHIFT_C (22:00-06:00),1.22
IMO9301261,ZIM Feeder 1261,ZIM,Feeder,1969,187.2,8.2,B-09,2,2026-03-23T13:44:43.524443+00:00,2026-03-23T16:57:19.524443+00:00,2026-03-24T12:21:19.524443+00:00,11.8,14.0,0,19.3,19.4,0,NONE,SHIFT_B (14:00-22:00),3.21
IMO9301262,COSCO Handymax 1262,COSCO,Handymax,2030,219.8,9.6,B-06,3,2025-04-24T06:25:45.569398+00:00,2025-04-24T10:44:57.569398+00:00,2025-04-25T18:38:57.569398+00:00,15.5,26.9,0,26.5,31.9,322,TIDAL_WINDOW_MISSED,SHIFT_A (06:00-14:00),4.32
IMO9301263,SITC Feeder 1263,SITC,Feeder,1907,133.1,8.2,B-08,2,2026-07-04T03:18:34.215323+00:00,2026-07-04T03:18:34.215323+00:00,2026-07-04T23:18:34.215323+00:00,16.3,18.6,0,16.8,20.0,192,CRANE_OUTAGE,SHIFT_C (22:00-06:00),0.0
IMO9301264,CMA CGM Feeder 1264,CMA CGM,Feeder,2337,144.1,8.7,B-10,2,2025-08-02T22:38:39.415720+00:00,2025-08-02T22:50:39.415720+00:00,2025-08-03T14:02:39.415720+00:00,16.8,17.2,0,15.9,15.2,0,NONE,SHIFT_C (22:00-06:00),0.2
IMO9301265,SITC Feeder 1265,SITC,Feeder,1900,187.8,8.8,B-10,2,2025-06-24T19:17:45.607198+00:00,2025-06-24T22:20:45.607198+00:00,2025-06-25T21:08:45.607198+00:00,13.6,15.4,0,20.3,22.8,147,PILOT_UNAVAILABLE,SHIFT_C (22:00-06:00),3.05
IMO9301266,ZIM Neo-Panamax 1266,ZIM,Neo-Panamax,10985,353.9,13.8,B-02,4,2024-11-05T22:59:18.590030+00:00,2024-11-05T22:59:18.590030+00:00,2024-11-08T02:35:18.590030+00:00,11.6,25.5,0,50.8,51.6,0,NONE,SHIFT_C (22:00-06:00),0.0
IMO9301267,PIL ULCV 1267,PIL,ULCV,16827,380.9,14.5,B-01,4,2025-02-11T01:00:31.897143+00:00,2025-02-11T02:53:19.897143+00:00,2025-02-14T00:53:19.897143+00:00,15.1,14.7,0,61.3,70.0,521,WEATHER,SHIFT_C (22:00-06:00),1.88
IMO9301268,CMA CGM Feeder 1268,CMA CGM,Feeder,2365,148.0,8.0,B-10,2,2025-05-25T13:38:29.625621+00:00,2025-05-25T15:32:29.625621+00:00,2025-05-26T13:38:29.625621+00:00,12.4,28.4,1,18.3,22.1,228,WEATHER,SHIFT_B (14:00-22:00),1.9
IMO9301269,KMTC Post-Panamax 1269,KMTC,Post-Panamax,10295,328.0,13.5,B-04,3,2025-07-28T21:11:21.423540+00:00,2025-07-29T00:53:57.423540+00:00,2025-07-30T20:29:57.423540+00:00,14.5,14.8,0,44.2,43.6,0,NONE,SHIFT_C (22:00-06:00),3.71
IMO9301270,CMA CGM Feeder 1270,CMA CGM,Feeder,1526,177.4,8.1,B-09,2,2026-08-17T12:13:37.111234+00:00,2026-08-17T13:13:37.111234+00:00,2026-08-18T07:13:37.111234+00:00,13.8,26.3,0,17.4,18.0,0,NONE,SHIFT_A (06:00-14:00),1.0
IMO9301271,Yang Ming Post-Panamax 1271,Yang Ming,Post-Panamax,7376,316.7,13.3,B-04,3,2025-07-27T03:05:38.909925+00:00,2025-07-27T06:03:14.909925+00:00,2025-07-29T11:33:14.909925+00:00,12.5,18.2,0,49.2,53.5,260,YARD_CONGESTION,SHIFT_A (06:00-14:00),2.96
IMO9301272,ZIM Post-Panamax 1272,ZIM,Post-Panamax,10979,341.8,13.3,B-02,4,2025-04-17T21:17:45.515208+00:00,2025-04-18T01:09:57.515208+00:00,2025-04-20T00:27:57.515208+00:00,13.2,28.5,1,48.0,47.3,0,NONE,SHIFT_C (22:00-06:00),3.87
IMO9301273,Hapag-Lloyd Panamax 1273,Hapag-Lloyd,Panamax,3583,259.3,10.2,B-05,3,2024-10-12T04:34:09.859493+00:00,2024-10-12T04:38:21.859493+00:00,2024-10-13T08:56:21.859493+00:00,16.9,23.2,0,28.4,28.3,0,NONE,SHIFT_C (22:00-06:00),0.07
IMO9301274,Yang Ming Panamax 1274,Yang Ming,Panamax,5055,238.6,10.8,B-05,3,2025-07-03T08:26:50.265948+00:00,2025-07-03T11:05:50.265948+00:00,2025-07-04T21:59:50.265948+00:00,15.4,25.3,0,34.1,34.9,0,NONE,SHIFT_A (06:00-14:00),2.65
IMO9301275,SITC Post-Panamax 1275,SITC,Post-Panamax,6680,330.1,12.6,B-05,3,2025-01-26T19:47:05.492845+00:00,2025-01-27T00:27:17.492845+00:00,2025-01-29T08:27:17.492845+00:00,12.6,42.6,1,49.9,56.0,367,CRANE_OUTAGE,SHIFT_C (22:00-06:00),4.67
IMO9301276,Evergreen Panamax 1276,Evergreen,Panamax,4668,289.9,11.7,B-04,3,2026-04-03T19:00:13.223809+00:00,2026-04-03T20:34:25.223809+00:00,2026-04-05T04:04:25.223809+00:00,14.5,14.7,0,32.1,31.5,0,NONE,SHIFT_B (14:00-22:00),1.57
IMO9301277,Wan Hai Neo-Panamax 1277,Wan Hai,Neo-Panamax,12723,354.5,13.7,B-03,4,2026-09-02T09:40:57.446693+00:00,2026-09-02T12:26:33.446693+00:00,2026-09-04T14:44:33.446693+00:00,17.9,10.8,0,51.1,50.3,0,NONE,SHIFT_A (06:00-14:00),2.76
IMO9301278,MSC Handymax 1278,MSC,Handymax,2560,214.9,10.2,B-06,3,2025-02-28T10:24:59.144463+00:00,2025-02-28T13:41:11.144463+00:00,2025-03-01T12:35:11.144463+00:00,15.6,13.6,0,21.4,22.9,93,CRANE_OUTAGE,SHIFT_A (06:00-14:00),3.27
IMO9301279,Hapag-Lloyd Post-Panamax 1279,Hapag-Lloyd,Post-Panamax,10977,335.0,13.7,B-01,4,2025-08-20T19:53:37.428176+00:00,2025-08-20T22:09:49.428176+00:00,2025-08-22T14:15:49.428176+00:00,13.7,24.7,0,41.0,40.1,0,NONE,SHIFT_C (22:00-06:00),2.27
IMO9301280,COSCO Handymax 1280,COSCO,Handymax,3274,211.5,10.6,B-07,3,2024-11-25T21:04:38.470555+00:00,2024-11-25T23:37:38.470555+00:00,2024-11-26T22:31:38.470555+00:00,16.6,17.9,0,22.9,22.9,0,NONE,SHIFT_C (22:00-06:00),2.55
IMO9301281,Yang Ming Post-Panamax 1281,Yang Ming,Post-Panamax,10107,334.9,13.7,B-03,4,2024-11-17T19:47:43.657377+00:00,2024-11-17T20:42:55.657377+00:00,2024-11-19T22:18:55.657377+00:00,15.6,25.9,0,50.0,49.6,0,NONE,SHIFT_B (14:00-22:00),0.92
IMO9301282,COSCO Post-Panamax 1282,COSCO,Post-Panamax,7979,306.2,12.8,B-01,4,2025-01-18T08:03:33.580023+00:00,2025-01-18T10:53:57.580023+00:00,2025-01-20T10:23:57.580023+00:00,15.9,21.8,0,46.4,47.5,67,YARD_CONGESTION,SHIFT_A (06:00-14:00),2.84
IMO9301283,CMA CGM Handymax 1283,CMA CGM,Handymax,3491,199.0,9.6,B-06,3,2026-04-07T19:21:12.640997+00:00,2026-04-07T19:21:12.640997+00:00,2026-04-08T17:51:12.640997+00:00,12.8,16.4,0,21.7,22.5,0,NONE,SHIFT_B (14:00-22:00),0.0
IMO9301284,COSCO Panamax 1284,COSCO,Panamax,4525,256.0,10.5,B-04,3,2025-12-19T12:06:27.869299+00:00,2025-12-19T15:10:03.869299+00:00,2025-12-21T00:28:03.869299+00:00,17.1,2.0,0,32.8,33.3,0,NONE,SHIFT_B (14:00-22:00),3.06
IMO9301285,HMM Handymax 1285,HMM,Handymax,2770,187.2,9.2,B-09,2,2025-05-15T04:33:23.202635+00:00,2025-05-15T05:33:59.202635+00:00,2025-05-16T02:57:59.202635+00:00,18.3,24.5,0,21.8,21.4,0,NONE,SHIFT_C (22:00-06:00),1.01
IMO9301286,Evergreen Panamax 1286,Evergreen,Panamax,4272,221.0,11.6,B-06,3,2025-11-17T09:49:15.769643+00:00,2025-11-17T10:35:27.769643+00:00,2025-11-18T19:59:27.769643+00:00,14.6,12.6,0,28.8,33.4,275,YARD_CONGESTION,SHIFT_A (06:00-14:00),0.77
IMO9301287,ZIM Post-Panamax 1287,ZIM,Post-Panamax,8075,338.4,14.4,B-05,3,2025-02-15T19:04:31.309461+00:00,2025-02-15T21:51:19.309461+00:00,2025-02-17T16:45:19.309461+00:00,14.7,24.4,0,41.0,42.9,111,YARD_CONGESTION,SHIFT_B (14:00-22:00),2.78
IMO9301288,Evergreen Neo-Panamax 1288,Evergreen,Neo-Panamax,12369,360.0,14.2,B-01,4,2026-07-02T04:33:22.644666+00:00,2026-07-02T07:43:34.644666+00:00,2026-07-04T09:37:34.644666+00:00,13.2,18.0,0,49.1,49.9,49,YARD_CONGESTION,SHIFT_A (06:00-14:00),3.17
IMO9301289,KMTC Post-Panamax 1289,KMTC,Post-Panamax,7932,308.0,12.9,B-02,4,2026-02-18T13:39:11.836102+00:00,2026-02-18T16:47:35.836102+00:00,2026-02-20T20:05:35.836102+00:00,13.8,13.8,0,51.6,51.3,0,NONE,SHIFT_B (14:00-22:00),3.14
IMO9301290,CMA CGM Post-Panamax 1290,CMA CGM,Post-Panamax,7948,319.5,12.7,B-03,4,2025-04-25T22:56:19.118166+00:00,2025-04-25T23:19:43.118166+00:00,2025-04-28T07:13:43.118166+00:00,11.1,6.5,0,55.2,55.9,0,NONE,SHIFT_C (22:00-06:00),0.39
IMO9301291,X-Press Feeders Panamax 1291,X-Press Feeders,Panamax,5198,289.5,10.0,B-04,3,2026-07-02T05:26:03.238626+00:00,2026-07-02T05:26:03.238626+00:00,2026-07-03T08:02:03.238626+00:00,11.8,14.9,0,27.5,26.6,0,NONE,SHIFT_C (22:00-06:00),0.0
IMO9301292,PIL Panamax 1292,PIL,Panamax,3055,251.1,11.6,B-06,3,2025-11-01T04:51:53.127289+00:00,2025-11-01T09:50:41.127289+00:00,2025-11-02T19:38:41.127289+00:00,10.9,37.9,1,33.5,33.8,0,NONE,SHIFT_A (06:00-14:00),4.9799999999999995
IMO9301293,MSC Neo-Panamax 1293,MSC,Neo-Panamax,13921,345.3,14.0,B-02,4,2026-04-07T03:41:46.712847+00:00,2026-04-07T04:51:22.712847+00:00,2026-04-09T09:39:22.712847+00:00,16.5,13.0,0,52.0,52.8,0,NONE,SHIFT_C (22:00-06:00),1.16
IMO9301294,PIL Panamax 1294,PIL,Panamax,3716,288.8,11.9,B-06,3,2026-06-18T03:31:09.563315+00:00,2026-06-18T05:01:45.563315+00:00,2026-06-19T10:07:45.563315+00:00,14.1,18.9,0,29.6,29.1,0,NONE,SHIFT_C (22:00-06:00),1.51
IMO9301295,HMM Post-Panamax 1295,HMM,Post-Panamax,10016,302.4,13.9,B-03,4,2026-02-10T08:57:27.729879+00:00,2026-02-10T09:16:39.729879+00:00,2026-02-12T11:16:39.729879+00:00,16.4,12.0,0,48.3,50.0,102,YARD_CONGESTION,SHIFT_A (06:00-14:00),0.32
IMO9301296,ONE Feeder 1296,ONE,Feeder,1716,139.2,8.8,B-09,2,2025-03-13T08:19:33.341502+00:00,2025-03-13T10:22:33.341502+00:00,2025-03-14T04:58:33.341502+00:00,14.1,17.6,0,12.3,18.6,377,CRANE_OUTAGE,SHIFT_A (06:00-14:00),2.05
IMO9301297,CMA CGM Post-Panamax 1297,CMA CGM,Post-Panamax,9761,322.5,14.3,B-02,4,2026-03-27T10:03:11.809937+00:00,2026-03-27T11:19:59.809937+00:00,2026-03-29T14:55:59.809937+00:00,17.0,20.7,0,45.4,51.6,374,WEATHER,SHIFT_A (06:00-14:00),1.28
IMO9301298,Evergreen Panamax 1298,Evergreen,Panamax,4448,277.4,11.8,B-04,3,2025-06-03T20:53:55.330846+00:00,2025-06-03T22:31:07.330846+00:00,2025-06-05T02:01:07.330846+00:00,15.9,5.1,0,28.1,27.5,0,NONE,SHIFT_C (22:00-06:00),1.62
IMO9301299,Wan Hai Feeder 1299,Wan Hai,Feeder,1591,172.9,7.5,B-10,2,2024-10-02T18:17:42.814508+00:00,2024-10-02T20:48:54.814508+00:00,2024-10-03T19:48:54.814508+00:00,14.3,16.2,0,19.4,23.0,214,YARD_CONGESTION,SHIFT_B (14:00-22:00),2.52
IMO9301300,ZIM Neo-Panamax 1300,ZIM,Neo-Panamax,10850,340.3,15.2,B-03,4,2026-07-30T10:45:32.303936+00:00,2026-07-30T11:50:20.303936+00:00,2026-08-01T15:26:20.303936+00:00,12.3,25.0,0,51.8,51.6,0,NONE,SHIFT_A (06:00-14:00),1.08
IMO9301301,HMM ULCV 1301,HMM,ULCV,19889,374.6,16.3,B-02,4,2026-03-13T18:06:37.448801+00:00,2026-03-13T20:40:49.448801+00:00,2026-03-16T09:46:49.448801+00:00,15.2,23.0,0,61.3,61.1,0,NONE,SHIFT_B (14:00-22:00),2.57
IMO9301302,COSCO Post-Panamax 1302,COSCO,Post-Panamax,9125,300.8,13.9,B-02,4,2025-06-12T01:50:50.237376+00:00,2025-06-12T02:22:02.237376+00:00,2025-06-13T21:46:02.237376+00:00,10.0,7.2,0,43.9,43.4,0,NONE,SHIFT_C (22:00-06:00),0.52
IMO9301303,X-Press Feeders Panamax 1303,X-Press Feeders,Panamax,4743,276.3,11.1,B-05,3,2024-12-20T13:40:19.285030+00:00,2024-12-20T14:52:55.285030+00:00,2024-12-22T07:58:55.285030+00:00,12.1,11.4,0,36.0,41.1,305,CRANE_OUTAGE,SHIFT_B (14:00-22:00),1.21
IMO9301304,SITC Feeder 1304,SITC,Feeder,1276,170.9,7.6,B-08,2,2025-02-12T05:26:23.668393+00:00,2025-02-12T06:29:59.668393+00:00,2025-02-13T02:35:59.668393+00:00,16.7,24.6,0,18.3,20.1,109,PILOT_UNAVAILABLE,SHIFT_A (06:00-14:00),1.06
IMO9301305,Hapag-Lloyd Feeder 1305,Hapag-Lloyd,Feeder,2128,184.3,9.1,B-08,2,2025-07-18T22:56:39.924611+00:00,2025-07-19T00:12:51.924611+00:00,2025-07-20T11:06:51.924611+00:00,15.6,16.6,0,23.4,34.9,691,TIDAL_WINDOW_MISSED,SHIFT_C (22:00-06:00),1.27
IMO9301306,Evergreen Feeder 1306,Evergreen,Feeder,1153,186.6,8.4,B-10,2,2025-01-02T10:10:02.543443+00:00,2025-01-02T13:44:50.543443+00:00,2025-01-03T04:44:50.543443+00:00,14.0,27.7,0,15.7,15.0,0,NONE,SHIFT_A (06:00-14:00),3.58
IMO9301307,COSCO Feeder 1307,COSCO,Feeder,804,130.9,7.6,B-08,2,2026-08-03T19:58:11.039649+00:00,2026-08-03T20:25:11.039649+00:00,2026-08-04T22:01:11.039649+00:00,14.2,12.9,0,19.0,25.6,395,WEATHER,SHIFT_B (14:00-22:00),0.45
IMO9301308,OOCL Post-Panamax 1308,OOCL,Post-Panamax,10987,335.7,12.7,B-01,4,2025-02-06T18:05:55.806536+00:00,2025-02-06T19:28:07.806536+00:00,2025-02-08T19:34:07.806536+00:00,13.9,8.9,0,47.8,48.1,0,NONE,SHIFT_B (14:00-22:00),1.37
IMO9301309,ZIM Neo-Panamax 1309,ZIM,Neo-Panamax,10696,364.1,14.8,B-03,4,2025-09-15T23:55:28.054582+00:00,2025-09-16T03:30:52.054582+00:00,2025-09-18T11:48:52.054582+00:00,15.1,13.7,0,56.7,56.3,0,NONE,SHIFT_C (22:00-06:00),3.59
IMO9301310,Wan Hai Neo-Panamax 1310,Wan Hai,Neo-Panamax,10285,361.6,15.1,B-01,4,2026-04-28T07:43:27.698646+00:00,2026-04-28T08:02:03.698646+00:00,2026-04-30T07:08:03.698646+00:00,15.4,21.5,1,47.4,47.1,0,NONE,SHIFT_A (06:00-14:00),0.31
IMO9301311,Wan Hai Post-Panamax 1311,Wan Hai,Post-Panamax,10084,347.6,13.7,B-01,4,2026-01-22T17:38:28.361055+00:00,2026-01-22T19:28:16.361055+00:00,2026-01-24T20:40:16.361055+00:00,14.2,13.9,0,50.1,49.2,0,NONE,SHIFT_B (14:00-22:00),1.83
IMO9301312,X-Press Feeders Neo-Panamax 1312,X-Press Feeders,Neo-Panamax,10708,363.8,14.1,B-03,4,2026-07-15T05:08:55.967516+00:00,2026-07-15T05:42:31.967516+00:00,2026-07-17T10:00:31.967516+00:00,15.8,23.7,0,51.8,52.3,0,NONE,SHIFT_C (22:00-06:00),0.56
IMO9301313,COSCO Panamax 1313,COSCO,Panamax,4101,247.9,11.6,B-07,3,2026-08-18T23:51:35.885032+00:00,2026-08-19T00:52:47.885032+00:00,2026-08-20T10:04:47.885032+00:00,13.4,16.5,0,33.2,33.2,0,NONE,SHIFT_C (22:00-06:00),1.02
IMO9301314,X-Press Feeders Handymax 1314,X-Press Feeders,Handymax,2031,186.4,10.0,B-07,3,2025-08-25T16:46:36.280214+00:00,2025-08-25T18:45:24.280214+00:00,2025-08-26T18:15:24.280214+00:00,12.0,16.4,0,23.5,23.5,0,NONE,SHIFT_B (14:00-22:00),1.98
IMO9301315,OOCL Post-Panamax 1315,OOCL,Post-Panamax,6750,339.1,12.6,B-03,4,2025-02-17T12:45:29.458264+00:00,2025-02-17T13:11:53.458264+00:00,2025-02-19T03:05:53.458264+00:00,15.2,23.8,0,37.8,37.9,0,NONE,SHIFT_A (06:00-14:00),0.44
IMO9301316,CMA CGM Feeder 1316,CMA CGM,Feeder,2364,138.0,9.2,B-09,2,2025-10-26T03:10:43.649862+00:00,2025-10-26T05:43:07.649862+00:00,2025-10-26T22:55:07.649862+00:00,8.0,31.0,1,18.1,17.2,0,NONE,SHIFT_C (22:00-06:00),2.54
IMO9301317,PIL Neo-Panamax 1317,PIL,Neo-Panamax,13776,364.3,15.4,B-02,4,2026-01-19T16:59:43.590569+00:00,2026-01-19T17:39:19.590569+00:00,2026-01-21T19:03:19.590569+00:00,18.7,14.5,0,49.9,49.4,0,NONE,SHIFT_B (14:00-22:00),0.66
IMO9301318,CMA CGM Panamax 1318,CMA CGM,Panamax,3592,226.8,11.3,B-06,3,2026-07-14T01:25:12.622409+00:00,2026-07-14T01:25:12.622409+00:00,2026-07-15T09:49:12.622409+00:00,13.7,19.9,0,33.1,32.4,0,NONE,SHIFT_C (22:00-06:00),0.0
IMO9301319,OOCL Panamax 1319,OOCL,Panamax,4840,243.4,11.2,B-04,3,2025-02-11T13:13:35.010467+00:00,2025-02-11T16:09:23.010467+00:00,2025-02-13T00:21:23.010467+00:00,11.8,10.5,0,31.7,32.2,0,NONE,SHIFT_B (14:00-22:00),2.93
IMO9301320,ZIM Handymax 1320,ZIM,Handymax,2092,194.9,10.6,B-08,2,2025-11-09T02:46:23.433729+00:00,2025-11-09T03:43:59.433729+00:00,2025-11-10T04:25:59.433729+00:00,16.9,15.4,0,24.1,24.7,0,NONE,SHIFT_C (22:00-06:00),0.96
IMO9301321,Maersk Panamax 1321,Maersk,Panamax,3203,269.7,10.0,B-04,3,2025-06-20T08:58:00.223066+00:00,2025-06-20T10:32:48.223066+00:00,2025-06-21T18:50:48.223066+00:00,17.3,12.1,0,31.8,32.3,0,NONE,SHIFT_A (06:00-14:00),1.58
IMO9301322,OOCL Handymax 1322,OOCL,Handymax,3146,219.7,9.8,B-08,2,2024-12-18T16:20:40.252135+00:00,2024-12-18T17:58:28.252135+00:00,2024-12-19T19:04:28.252135+00:00,14.4,25.6,0,24.9,25.1,0,NONE,SHIFT_B (14:00-22:00),1.63
IMO9301323,Evergreen Neo-Panamax 1323,Evergreen,Neo-Panamax,13707,344.2,14.0,B-01,4,2026-07-15T08:43:12.269573+00:00,2026-07-15T10:47:24.269573+00:00,2026-07-17T04:35:24.269573+00:00,14.5,28.9,1,40.3,41.8,93,WEATHER,SHIFT_A (06:00-14:00),2.07
IMO9301324,MSC Panamax 1324,MSC,Panamax,3241,275.0,11.9,B-04,3,2026-06-26T14:23:04.727882+00:00,2026-06-26T15:47:04.727882+00:00,2026-06-28T00:17:04.727882+00:00,15.6,12.7,0,32.0,32.5,0,NONE,SHIFT_B (14:00-22:00),1.4
IMO9301325,CMA CGM ULCV 1325,CMA CGM,ULCV,14714,376.7,15.4,B-03,4,2025-12-31T04:48:34.714168+00:00,2025-12-31T09:08:58.714168+00:00,2026-01-03T02:50:58.714168+00:00,13.3,14.1,0,65.2,65.7,0,NONE,SHIFT_A (06:00-14:00),4.34
IMO9301326,Maersk Panamax 1326,Maersk,Panamax,3354,220.3,11.0,B-06,3,2025-08-09T23:39:53.887834+00:00,2025-08-10T01:09:53.887834+00:00,2025-08-11T15:21:53.887834+00:00,13.6,11.8,0,38.2,38.2,0,NONE,SHIFT_C (22:00-06:00),1.5
IMO9301327,ONE Panamax 1327,ONE,Panamax,3538,280.6,10.8,B-06,3,2026-03-01T10:07:12.254656+00:00,2026-03-01T11:00:36.254656+00:00,2026-03-03T01:24:36.254656+00:00,14.7,23.6,0,36.2,38.4,132,CRANE_OUTAGE,SHIFT_A (06:00-14:00),0.89
IMO9301328,ONE ULCV 1328,ONE,ULCV,15354,393.4,16.1,B-01,4,2024-12-08T09:53:21.237223+00:00,2024-12-08T12:11:21.237223+00:00,2024-12-11T06:05:21.237223+00:00,14.5,20.2,1,65.9,65.9,0,NONE,SHIFT_A (06:00-14:00),2.3
IMO9301329,Yang Ming Panamax 1329,Yang Ming,Panamax,4215,267.9,10.1,B-05,3,2024-10-19T16:15:42.036412+00:00,2024-10-19T18:27:06.036412+00:00,2024-10-20T19:57:06.036412+00:00,11.7,14.0,0,24.9,25.5,0,NONE,SHIFT_B (14:00-22:00),2.19
IMO9301330,MSC Feeder 1330,MSC,Feeder,1917,154.3,7.7,B-09,2,2026-08-21T04:21:08.949677+00:00,2026-08-21T06:14:32.949677+00:00,2026-08-22T10:44:32.949677+00:00,15.3,13.8,0,21.2,28.5,437,TIDAL_WINDOW_MISSED,SHIFT_A (06:00-14:00),1.89
IMO9301331,ONE Neo-Panamax 1331,ONE,Neo-Panamax,12604,354.2,15.4,B-01,4,2025-12-16T21:12:54.186618+00:00,2025-12-17T04:26:42.186618+00:00,2025-12-19T04:20:42.186618+00:00,11.3,31.7,1,47.4,47.9,0,NONE,SHIFT_C (22:00-06:00),7.23
IMO9301332,MSC Neo-Panamax 1332,MSC,Neo-Panamax,12748,350.2,14.4,B-02,4,2026-07-22T13:52:50.877616+00:00,2026-07-22T16:55:50.877616+00:00,2026-07-25T03:19:50.877616+00:00,12.0,30.7,1,57.7,58.4,0,NONE,SHIFT_B (14:00-22:00),3.05
IMO9301333,Wan Hai Neo-Panamax 1333,Wan Hai,Neo-Panamax,12535,342.8,14.5,B-03,4,2026-08-29T08:32:31.250663+00:00,2026-08-29T10:36:07.250663+00:00,2026-09-01T07:30:07.250663+00:00,14.4,9.9,0,69.0,68.9,0,NONE,SHIFT_A (06:00-14:00),2.06
IMO9301334,Maersk Handymax 1334,Maersk,Handymax,3442,185.7,10.5,B-09,2,2025-05-15T12:00:11.810114+00:00,2025-05-15T12:07:23.810114+00:00,2025-05-16T10:49:23.810114+00:00,14.2,4.8,0,22.4,22.7,0,NONE,SHIFT_A (06:00-14:00),0.12
IMO9301335,Yang Ming Handymax 1335,Yang Ming,Handymax,2548,192.6,10.8,B-06,3,2025-05-15T01:27:23.588288+00:00,2025-05-15T05:57:23.588288+00:00,2025-05-16T14:39:23.588288+00:00,14.5,18.8,0,26.4,32.7,379,WEATHER,SHIFT_C (22:00-06:00),4.5
IMO9301336,MSC Handymax 1336,MSC,Handymax,3432,180.4,10.6,B-06,3,2026-07-23T09:15:02.069005+00:00,2026-07-23T14:52:50.069005+00:00,2026-07-24T19:46:50.069005+00:00,15.1,6.8,0,28.3,28.9,0,NONE,SHIFT_B (14:00-22:00),5.63
IMO9301337,HMM ULCV 1337,HMM,ULCV,19567,381.0,16.3,B-01,4,2025-11-06T23:56:08.635997+00:00,2025-11-07T03:12:20.635997+00:00,2025-11-09T19:30:20.635997+00:00,15.4,6.5,0,65.2,64.3,0,NONE,SHIFT_C (22:00-06:00),3.27
IMO9301338,PIL Handymax 1338,PIL,Handymax,3364,205.8,10.8,B-06,3,2026-08-14T13:01:32.733178+00:00,2026-08-14T17:17:44.733178+00:00,2026-08-15T23:59:44.733178+00:00,11.4,34.0,1,28.0,30.7,164,CRANE_OUTAGE,SHIFT_B (14:00-22:00),4.27
IMO9301339,COSCO Post-Panamax 1339,COSCO,Post-Panamax,6757,300.2,13.2,B-02,4,2025-11-13T22:37:53.012597+00:00,2025-11-13T22:37:53.012597+00:00,2025-11-16T02:55:53.012597+00:00,14.4,21.2,0,51.7,52.3,0,NONE,SHIFT_C (22:00-06:00),0.0
IMO9301340,Wan Hai ULCV 1340,Wan Hai,ULCV,16855,395.9,15.7,B-03,4,2026-01-02T18:09:55.184722+00:00,2026-01-02T20:15:19.184722+00:00,2026-01-05T17:45:19.184722+00:00,12.9,21.2,1,69.8,69.5,0,NONE,SHIFT_B (14:00-22:00),2.09
IMO9301341,MSC Feeder 1341,MSC,Feeder,1982,154.5,8.2,B-08,2,2025-06-11T17:37:44.060660+00:00,2025-06-11T18:37:44.060660+00:00,2025-06-12T13:49:44.060660+00:00,15.6,27.1,0,18.9,19.2,0,NONE,SHIFT_B (14:00-22:00),1.0
IMO9301342,MSC Panamax 1342,MSC,Panamax,4961,274.5,11.8,B-06,3,2025-05-06T13:41:22.592726+00:00,2025-05-06T15:34:46.592726+00:00,2025-05-07T22:28:46.592726+00:00,15.5,7.2,0,30.4,30.9,0,NONE,SHIFT_B (14:00-22:00),1.89
IMO9301343,PIL Handymax 1343,PIL,Handymax,2804,214.5,8.6,B-09,2,2025-10-23T07:25:00.099037+00:00,2025-10-23T09:26:48.099037+00:00,2025-10-24T10:02:48.099037+00:00,11.0,12.0,0,25.6,24.6,0,NONE,SHIFT_A (06:00-14:00),2.03
IMO9301344,X-Press Feeders Panamax 1344,X-Press Feeders,Panamax,4602,241.9,10.3,B-05,3,2026-02-24T11:59:52.652274+00:00,2026-02-24T13:07:40.652274+00:00,2026-02-26T01:55:40.652274+00:00,14.4,14.4,0,36.6,36.8,0,NONE,SHIFT_A (06:00-14:00),1.13
IMO9301345,Hapag-Lloyd Panamax 1345,Hapag-Lloyd,Panamax,4355,235.3,10.4,B-04,3,2026-07-30T00:02:43.584610+00:00,2026-07-30T00:58:31.584610+00:00,2026-07-31T15:52:31.584610+00:00,14.0,4.2,0,34.9,38.9,242,CRANE_OUTAGE,SHIFT_C (22:00-06:00),0.93
IMO9301346,KMTC Feeder 1346,KMTC,Feeder,1110,160.6,7.6,B-08,2,2026-07-16T14:07:52.337865+00:00,2026-07-16T14:53:28.337865+00:00,2026-07-17T13:41:28.337865+00:00,14.7,13.1,0,19.7,22.8,189,YARD_CONGESTION,SHIFT_B (14:00-22:00),0.76
IMO9301347,Wan Hai Neo-Panamax 1347,Wan Hai,Neo-Panamax,13739,364.9,15.3,B-02,4,2025-03-24T12:13:07.779719+00:00,2025-03-24T18:18:31.779719+00:00,2025-03-26T23:48:31.779719+00:00,11.3,33.9,1,53.4,53.5,0,NONE,SHIFT_B (14:00-22:00),6.09
IMO9301348,Evergreen Panamax 1348,Evergreen,Panamax,3984,247.7,10.5,B-07,3,2025-05-23T08:55:38.093073+00:00,2025-05-23T10:08:14.093073+00:00,2025-05-24T10:50:14.093073+00:00,15.6,25.4,0,25.0,24.7,0,NONE,SHIFT_A (06:00-14:00),1.21
IMO9301349,CMA CGM Panamax 1349,CMA CGM,Panamax,3101,237.9,12.0,B-05,3,2026-09-17T09:26:07.791927+00:00,2026-09-17T10:41:07.791927+00:00,2026-09-18T20:53:07.791927+00:00,14.8,12.2,0,34.9,34.2,0,NONE,SHIFT_A (06:00-14:00),1.25
IMO9301350,Evergreen Panamax 1350,Evergreen,Panamax,3700,226.9,11.6,B-04,3,2026-01-07T12:10:40.078468+00:00,2026-01-07T15:23:52.078468+00:00,2026-01-08T20:05:52.078468+00:00,15.0,26.9,0,27.9,28.7,47,YARD_CONGESTION,SHIFT_B (14:00-22:00),3.22
IMO9301351,COSCO Post-Panamax 1351,COSCO,Post-Panamax,10621,321.7,14.0,B-04,3,2026-04-19T01:18:29.111447+00:00,2026-04-19T02:05:53.111447+00:00,2026-04-21T04:11:53.111447+00:00,16.1,5.9,0,43.2,50.1,413,CRANE_OUTAGE,SHIFT_C (22:00-06:00),0.79
IMO9301352,Evergreen ULCV 1352,Evergreen,ULCV,23109,389.9,14.7,B-03,4,2026-08-17T04:42:01.000187+00:00,2026-08-17T05:45:01.000187+00:00,2026-08-20T02:09:01.000187+00:00,13.8,4.7,0,67.9,68.4,0,NONE,SHIFT_C (22:00-06:00),1.05
IMO9301353,ONE Panamax 1353,ONE,Panamax,3633,224.7,12.0,B-07,3,2024-12-10T04:44:44.635736+00:00,2024-12-10T07:38:08.635736+00:00,2024-12-11T19:32:08.635736+00:00,10.3,30.8,1,35.5,35.9,0,NONE,SHIFT_A (06:00-14:00),2.8899999999999997
IMO9301354,MSC Feeder 1354,MSC,Feeder,1403,140.7,7.5,B-10,2,2026-06-18T11:23:28.937523+00:00,2026-06-18T14:54:40.937523+00:00,2026-06-19T10:30:40.937523+00:00,15.5,27.8,0,18.3,19.6,75,YARD_CONGESTION,SHIFT_B (14:00-22:00),3.52
IMO9301355,HMM Handymax 1355,HMM,Handymax,3341,191.1,11.0,B-07,3,2025-04-10T03:01:12.866432+00:00,2025-04-10T06:13:12.866432+00:00,2025-04-11T14:37:12.866432+00:00,12.9,20.8,0,30.8,32.4,95,PILOT_UNAVAILABLE,SHIFT_A (06:00-14:00),3.2
IMO9301356,Hapag-Lloyd Post-Panamax 1356,Hapag-Lloyd,Post-Panamax,7545,336.8,14.0,B-01,4,2025-06-18T23:42:55.614007+00:00,2025-06-19T04:43:31.614007+00:00,2025-06-21T10:01:31.614007+00:00,11.6,33.2,1,53.5,53.3,0,NONE,SHIFT_C (22:00-06:00),5.01
IMO9301357,Hapag-Lloyd Handymax 1357,Hapag-Lloyd,Handymax,2763,207.8,8.8,B-07,3,2026-08-19T08:59:30.618113+00:00,2026-08-19T10:01:18.618113+00:00,2026-08-20T09:01:18.618113+00:00,13.6,6.3,0,23.6,23.0,0,NONE,SHIFT_A (06:00-14:00),1.03
IMO9301358,MSC Post-Panamax 1358,MSC,Post-Panamax,8390,317.2,14.1,B-04,3,2025-10-24T10:19:26.148921+00:00,2025-10-24T13:09:50.148921+00:00,2025-10-26T09:39:50.148921+00:00,15.2,12.4,0,45.3,44.5,0,NONE,SHIFT_A (06:00-14:00),2.84
IMO9301359,Maersk Feeder 1359,Maersk,Feeder,983,169.1,9.5,B-09,2,2025-05-15T00:37:21.033046+00:00,2025-05-15T03:02:33.033046+00:00,2025-05-15T20:50:33.033046+00:00,9.9,5.6,0,17.1,17.8,0,NONE,SHIFT_C (22:00-06:00),2.42
IMO9301360,ONE Panamax 1360,ONE,Panamax,4079,228.4,11.6,B-05,3,2025-01-20T06:11:34.745604+00:00,2025-01-20T09:50:34.745604+00:00,2025-01-21T15:56:34.745604+00:00,14.8,20.7,0,30.8,30.1,0,NONE,SHIFT_A (06:00-14:00),3.65
IMO9301361,ONE Panamax 1361,ONE,Panamax,3057,285.7,10.8,B-04,3,2025-12-28T04:53:07.511307+00:00,2025-12-28T05:18:19.511307+00:00,2025-12-29T17:48:19.511307+00:00,13.9,23.8,0,36.1,36.5,0,NONE,SHIFT_C (22:00-06:00),0.42
IMO9301362,X-Press Feeders Neo-Panamax 1362,X-Press Feeders,Neo-Panamax,11253,346.1,14.3,B-01,4,2025-08-03T19:57:43.350667+00:00,2025-08-03T19:57:43.350667+00:00,2025-08-06T01:45:43.350667+00:00,14.1,22.5,0,53.4,53.8,0,NONE,SHIFT_B (14:00-22:00),0.0
IMO9301363,ZIM Post-Panamax 1363,ZIM,Post-Panamax,10034,332.8,13.4,B-04,3,2024-10-13T06:59:04.687293+00:00,2024-10-13T08:16:28.687293+00:00,2024-10-15T07:40:28.687293+00:00,12.3,8.8,0,47.2,47.4,0,NONE,SHIFT_A (06:00-14:00),1.29
IMO9301364,SITC Handymax 1364,SITC,Handymax,2789,187.6,10.6,B-07,3,2025-11-10T00:50:16.450127+00:00,2025-11-10T02:51:28.450127+00:00,2025-11-11T07:03:28.450127+00:00,18.5,23.5,0,27.8,28.2,0,NONE,SHIFT_C (22:00-06:00),2.02
IMO9301365,Wan Hai Post-Panamax 1365,Wan Hai,Post-Panamax,9126,347.0,13.6,B-03,4,2025-05-21T14:16:51.620520+00:00,2025-05-21T16:53:27.620520+00:00,2025-05-23T22:29:27.620520+00:00,15.8,15.5,0,47.5,53.6,364,CRANE_OUTAGE,SHIFT_B (14:00-22:00),2.61
IMO9301366,COSCO ULCV 1366,COSCO,ULCV,16416,391.2,16.4,B-03,4,2026-03-29T10:18:07.953414+00:00,2026-03-29T12:07:19.953414+00:00,2026-04-01T11:37:19.953414+00:00,16.6,11.5,0,68.3,71.5,194,CRANE_OUTAGE,SHIFT_A (06:00-14:00),1.82
IMO9301367,Wan Hai Feeder 1367,Wan Hai,Feeder,2274,178.3,9.2,B-09,2,2024-11-05T15:32:10.018042+00:00,2024-11-05T17:47:10.018042+00:00,2024-11-06T14:23:10.018042+00:00,14.3,12.6,0,21.1,20.6,0,NONE,SHIFT_B (14:00-22:00),2.25
IMO9301368,MSC Feeder 1368,MSC,Feeder,961,178.5,7.6,B-10,2,2025-01-25T19:02:10.227737+00:00,2025-01-25T22:09:22.227737+00:00,2025-01-26T16:33:22.227737+00:00,12.7,24.0,0,18.1,18.4,0,NONE,SHIFT_C (22:00-06:00),3.12
IMO9301369,SITC Handymax 1369,SITC,Handymax,3412,211.1,9.5,B-08,2,2025-09-23T21:05:59.748458+00:00,2025-09-23T22:29:59.748458+00:00,2025-09-25T03:23:59.748458+00:00,12.8,19.9,0,22.5,28.9,385,CRANE_OUTAGE,SHIFT_C (22:00-06:00),1.4
IMO9301370,ONE Handymax 1370,ONE,Handymax,2759,194.4,9.1,B-09,2,2024-10-05T01:34:59.113416+00:00,2024-10-05T01:34:59.113416+00:00,2024-10-06T09:10:59.113416+00:00,12.3,10.7,0,26.9,31.6,285,WEATHER,SHIFT_C (22:00-06:00),0.0
IMO9301371,CMA CGM ULCV 1371,CMA CGM,ULCV,16072,380.7,16.3,B-01,4,2026-05-13T18:30:44.250118+00:00,2026-05-13T20:15:08.250118+00:00,2026-05-16T07:03:08.250118+00:00,14.9,19.5,1,58.1,58.8,0,NONE,SHIFT_B (14:00-22:00),1.74
IMO9301372,Wan Hai Panamax 1372,Wan Hai,Panamax,3584,233.0,10.8,B-06,3,2025-03-01T06:37:48.497379+00:00,2025-03-01T10:00:36.497379+00:00,2025-03-02T19:12:36.497379+00:00,13.4,12.7,0,34.0,33.2,0,NONE,SHIFT_A (06:00-14:00),3.38
IMO9301373,Maersk Neo-Panamax 1373,Maersk,Neo-Panamax,11119,351.8,15.5,B-01,4,2025-12-27T10:44:59.762772+00:00,2025-12-27T11:20:23.762772+00:00,2025-12-30T02:44:23.762772+00:00,9.3,10.6,0,55.9,63.4,451,TIDAL_WINDOW_MISSED,SHIFT_A (06:00-14:00),0.59
IMO9301374,ONE Post-Panamax 1374,ONE,Post-Panamax,9903,312.4,14.3,B-01,4,2026-02-13T14:45:40.917592+00:00,2026-02-13T15:49:52.917592+00:00,2026-02-15T21:01:52.917592+00:00,13.5,11.6,0,53.2,53.2,0,NONE,SHIFT_B (14:00-22:00),1.07
IMO9301375,SITC Feeder 1375,SITC,Feeder,2194,143.6,9.4,B-08,2,2026-08-27T14:33:27.978044+00:00,2026-08-27T14:52:03.978044+00:00,2026-08-28T07:58:03.978044+00:00,12.2,15.2,0,16.4,17.1,0,NONE,SHIFT_B (14:00-22:00),0.31
IMO9301376,SITC Feeder 1376,SITC,Feeder,1375,135.5,9.3,B-09,2,2026-05-28T15:21:06.310796+00:00,2026-05-28T16:21:06.310796+00:00,2026-05-29T14:57:06.310796+00:00,15.9,12.5,0,18.2,22.6,266,YARD_CONGESTION,SHIFT_B (14:00-22:00),1.0
IMO9301377,SITC Neo-Panamax 1377,SITC,Neo-Panamax,14080,346.8,15.2,B-01,4,2026-06-29T06:58:03.291221+00:00,2026-06-29T08:52:39.291221+00:00,2026-07-01T08:52:39.291221+00:00,18.9,24.9,0,48.4,48.0,0,NONE,SHIFT_A (06:00-14:00),1.91
IMO9301378,Hapag-Lloyd Post-Panamax 1378,Hapag-Lloyd,Post-Panamax,10210,311.1,13.4,B-02,4,2025-07-29T19:29:13.514918+00:00,2025-07-29T19:29:13.514918+00:00,2025-07-31T19:47:13.514918+00:00,14.0,13.3,0,49.1,48.3,0,NONE,SHIFT_B (14:00-22:00),0.0
IMO9301379,MSC Neo-Panamax 1379,MSC,Neo-Panamax,12925,364.1,14.8,B-01,4,2025-02-09T17:54:26.012648+00:00,2025-02-09T20:50:50.012648+00:00,2025-02-11T19:14:50.012648+00:00,14.2,27.9,0,47.4,46.4,0,NONE,SHIFT_B (14:00-22:00),2.94
IMO9301380,Evergreen Feeder 1380,Evergreen,Feeder,1181,173.8,7.2,B-09,2,2025-10-19T23:19:13.141794+00:00,2025-10-19T23:30:01.141794+00:00,2025-10-20T19:36:01.141794+00:00,15.1,24.0,0,20.7,20.1,0,NONE,SHIFT_C (22:00-06:00),0.18
IMO9301381,COSCO Panamax 1381,COSCO,Panamax,4630,273.8,10.4,B-04,3,2025-09-27T11:28:49.968069+00:00,2025-09-27T13:47:25.968069+00:00,2025-09-29T00:53:25.968069+00:00,14.9,7.1,0,29.7,35.1,325,CRANE_OUTAGE,SHIFT_A (06:00-14:00),2.31
IMO9301382,Evergreen Post-Panamax 1382,Evergreen,Post-Panamax,8027,345.3,12.6,B-05,3,2025-04-13T15:25:29.427990+00:00,2025-04-13T17:47:41.427990+00:00,2025-04-15T18:35:41.427990+00:00,14.9,24.3,0,42.5,48.8,375,CRANE_OUTAGE,SHIFT_B (14:00-22:00),2.37
IMO9301383,ONE Handymax 1383,ONE,Handymax,2308,216.4,8.9,B-09,2,2026-04-07T23:19:17.602241+00:00,2026-04-07T23:19:17.602241+00:00,2026-04-09T07:43:17.602241+00:00,12.0,17.4,0,25.0,32.4,443,WEATHER,SHIFT_C (22:00-06:00),0.0
IMO9301384,Yang Ming Post-Panamax 1384,Yang Ming,Post-Panamax,8356,339.1,13.0,B-04,3,2025-11-15T02:01:53.925411+00:00,2025-11-15T04:43:53.925411+00:00,2025-11-17T01:25:53.925411+00:00,16.5,15.4,0,45.6,44.7,0,NONE,SHIFT_C (22:00-06:00),2.7
IMO9301385,MSC ULCV 1385,MSC,ULCV,22156,383.4,15.3,B-01,4,2025-03-17T03:09:00.635799+00:00,2025-03-17T06:38:24.635799+00:00,2025-03-20T01:26:24.635799+00:00,11.3,9.1,1,67.2,66.8,0,NONE,SHIFT_A (06:00-14:00),3.49
IMO9301386,Yang Ming Neo-Panamax 1386,Yang Ming,Neo-Panamax,14589,363.2,14.6,B-03,4,2024-10-26T02:08:43.380981+00:00,2024-10-26T03:57:19.380981+00:00,2024-10-28T09:03:19.380981+00:00,11.3,19.7,0,52.4,53.1,0,NONE,SHIFT_C (22:00-06:00),1.81
IMO9301387,HMM Post-Panamax 1387,HMM,Post-Panamax,9156,339.0,13.5,B-04,3,2025-03-24T20:36:05.041668+00:00,2025-03-25T01:10:17.041668+00:00,2025-03-27T06:58:17.041668+00:00,12.9,31.8,1,52.9,53.8,53,YARD_CONGESTION,SHIFT_C (22:00-06:00),4.57
IMO9301388,ZIM Panamax 1388,ZIM,Panamax,3631,237.8,10.3,B-05,3,2026-05-12T15:39:37.141328+00:00,2026-05-12T23:04:49.141328+00:00,2026-05-14T15:34:49.141328+00:00,9.0,30.4,1,33.9,40.5,396,TIDAL_WINDOW_MISSED,SHIFT_C (22:00-06:00),7.42
IMO9301389,MSC Handymax 1389,MSC,Handymax,3301,216.0,9.1,B-09,2,2025-01-04T04:18:55.816349+00:00,2025-01-04T06:49:31.816349+00:00,2025-01-05T13:19:31.816349+00:00,18.0,6.9,0,26.6,30.5,231,WEATHER,SHIFT_A (06:00-14:00),2.51
IMO9301390,Yang Ming Feeder 1390,Yang Ming,Feeder,1269,130.4,8.7,B-10,2,2024-11-03T19:37:12.814510+00:00,2024-11-03T21:49:12.814510+00:00,2024-11-04T14:55:12.814510+00:00,13.6,21.5,0,16.9,17.1,0,NONE,SHIFT_B (14:00-22:00),2.2
IMO9301391,X-Press Feeders Feeder 1391,X-Press Feeders,Feeder,1841,140.5,8.7,B-09,2,2025-05-28T10:56:51.215408+00:00,2025-05-28T12:16:03.215408+00:00,2025-05-29T11:22:03.215408+00:00,17.8,14.7,0,18.0,23.1,303,CRANE_OUTAGE,SHIFT_A (06:00-14:00),1.32
IMO9301392,Wan Hai Feeder 1392,Wan Hai,Feeder,1156,145.1,7.2,B-10,2,2025-05-31T12:53:18.582780+00:00,2025-05-31T14:44:18.582780+00:00,2025-06-01T10:50:18.582780+00:00,11.9,12.6,0,20.1,20.1,0,NONE,SHIFT_B (14:00-22:00),1.85
IMO9301393,Wan Hai Neo-Panamax 1393,Wan Hai,Neo-Panamax,14665,348.6,14.0,B-03,4,2026-07-14T11:24:08.594381+00:00,2026-07-14T12:40:56.594381+00:00,2026-07-16T13:04:56.594381+00:00,12.1,9.4,0,49.1,48.4,0,NONE,SHIFT_A (06:00-14:00),1.28
IMO9301394,Maersk Panamax 1394,Maersk,Panamax,3691,276.8,10.0,B-07,3,2024-10-15T16:00:23.092905+00:00,2024-10-15T18:30:23.092905+00:00,2024-10-17T04:42:23.092905+00:00,17.8,18.8,0,35.0,34.2,0,NONE,SHIFT_B (14:00-22:00),2.5
IMO9301395,Hapag-Lloyd Post-Panamax 1395,Hapag-Lloyd,Post-Panamax,8495,315.4,14.4,B-04,3,2024-12-05T08:39:57.006856+00:00,2024-12-05T08:55:33.006856+00:00,2024-12-07T09:01:33.006856+00:00,13.1,16.6,0,45.3,48.1,166,PILOT_UNAVAILABLE,SHIFT_A (06:00-14:00),0.26
IMO9301396,Evergreen Feeder 1396,Evergreen,Feeder,1273,155.6,9.2,B-08,2,2025-02-21T02:25:21.083549+00:00,2025-02-21T07:01:21.083549+00:00,2025-02-22T03:19:21.083549+00:00,12.3,34.6,1,20.7,20.3,0,NONE,SHIFT_A (06:00-14:00),4.6
IMO9301397,OOCL Panamax 1397,OOCL,Panamax,3971,265.4,10.8,B-05,3,2024-11-10T08:17:51.287472+00:00,2024-11-10T08:44:51.287472+00:00,2024-11-11T16:32:51.287472+00:00,11.0,19.5,0,31.4,31.8,0,NONE,SHIFT_A (06:00-14:00),0.45
IMO9301398,ONE Handymax 1398,ONE,Handymax,3484,181.2,9.8,B-08,2,2026-05-10T10:58:45.207483+00:00,2026-05-10T12:57:33.207483+00:00,2026-05-11T13:51:33.207483+00:00,15.4,7.2,0,24.4,24.9,0,NONE,SHIFT_A (06:00-14:00),1.98
IMO9301399,OOCL Post-Panamax 1399,OOCL,Post-Panamax,8816,340.4,13.0,B-05,3,2025-06-14T15:24:59.679588+00:00,2025-06-14T16:57:59.679588+00:00,2025-06-16T20:33:59.679588+00:00,13.1,1.9,0,48.9,51.6,163,PILOT_UNAVAILABLE,SHIFT_B (14:00-22:00),1.55
IMO9301400,ZIM Handymax 1400,ZIM,Handymax,3016,201.8,10.4,B-09,2,2026-02-15T22:56:37.256091+00:00,2026-02-16T01:14:01.256091+00:00,2026-02-17T06:14:01.256091+00:00,13.0,14.2,0,24.7,29.0,259,YARD_CONGESTION,SHIFT_C (22:00-06:00),2.29
IMO9301401,X-Press Feeders Post-Panamax 1401,X-Press Feeders,Post-Panamax,6776,344.5,13.4,B-03,4,2025-01-08T22:09:04.799515+00:00,2025-01-09T00:09:04.799515+00:00,2025-01-10T21:21:04.799515+00:00,14.9,12.3,0,44.9,45.2,0,NONE,SHIFT_C (22:00-06:00),2.0
IMO9301402,KMTC ULCV 1402,KMTC,ULCV,21231,387.0,16.4,B-01,4,2026-07-01T02:27:35.189904+00:00,2026-07-01T02:47:23.189904+00:00,2026-07-04T01:29:23.189904+00:00,16.3,18.1,0,71.3,70.7,0,NONE,SHIFT_C (22:00-06:00),0.33
IMO9301403,SITC Post-Panamax 1403,SITC,Post-Panamax,9365,336.0,12.9,B-01,4,2026-05-24T23:23:44.657901+00:00,2026-05-25T01:00:56.657901+00:00,2026-05-27T02:06:56.657901+00:00,16.1,9.2,0,42.4,49.1,404,WEATHER,SHIFT_C (22:00-06:00),1.62
IMO9301404,Wan Hai Handymax 1404,Wan Hai,Handymax,2576,204.5,9.4,B-09,2,2025-06-02T03:22:51.942568+00:00,2025-06-02T08:01:51.942568+00:00,2025-06-03T10:25:51.942568+00:00,17.5,10.2,0,23.2,26.4,194,YARD_CONGESTION,SHIFT_A (06:00-14:00),4.65
IMO9301405,ZIM Post-Panamax 1405,ZIM,Post-Panamax,9001,335.5,14.1,B-05,3,2026-06-22T21:33:52.697550+00:00,2026-06-22T21:53:04.697550+00:00,2026-06-24T16:41:04.697550+00:00,13.5,10.1,0,39.8,42.8,177,YARD_CONGESTION,SHIFT_B (14:00-22:00),0.32
IMO9301406,SITC Handymax 1406,SITC,Handymax,2552,191.4,9.9,B-09,2,2026-03-12T09:11:02.429847+00:00,2026-03-12T09:19:26.429847+00:00,2026-03-13T05:01:26.429847+00:00,13.3,15.8,0,20.4,19.7,0,NONE,SHIFT_A (06:00-14:00),0.14
IMO9301407,Wan Hai Feeder 1407,Wan Hai,Feeder,2280,160.0,7.3,B-09,2,2025-04-15T14:11:30.737128+00:00,2025-04-15T16:01:18.737128+00:00,2025-04-16T08:19:18.737128+00:00,16.8,22.9,0,15.6,16.3,0,NONE,SHIFT_B (14:00-22:00),1.83
IMO9301408,Evergreen Feeder 1408,Evergreen,Feeder,2356,136.2,7.0,B-10,2,2025-11-01T14:44:50.598166+00:00,2025-11-01T14:44:50.598166+00:00,2025-11-02T18:20:50.598166+00:00,16.2,5.1,0,22.5,27.6,305,CRANE_OUTAGE,SHIFT_B (14:00-22:00),0.0
IMO9301409,PIL Handymax 1409,PIL,Handymax,2845,187.7,10.1,B-08,2,2026-01-18T22:37:37.704865+00:00,2026-01-19T00:44:13.704865+00:00,2026-01-20T01:08:13.704865+00:00,13.6,21.7,0,24.4,24.4,0,NONE,SHIFT_C (22:00-06:00),2.11
IMO9301410,X-Press Feeders Neo-Panamax 1410,X-Press Feeders,Neo-Panamax,11830,364.2,13.8,B-03,4,2026-08-09T21:25:10.219729+00:00,2026-08-09T22:32:58.219729+00:00,2026-08-11T20:32:58.219729+00:00,17.4,3.5,0,45.6,46.0,0,NONE,SHIFT_C (22:00-06:00),1.13
IMO9301411,SITC Feeder 1411,SITC,Feeder,1529,150.0,8.0,B-10,2,2025-04-27T12:16:30.837689+00:00,2025-04-27T12:50:06.837689+00:00,2025-04-28T06:56:06.837689+00:00,15.5,12.0,0,17.4,18.1,0,NONE,SHIFT_A (06:00-14:00),0.56
IMO9301412,CMA CGM ULCV 1412,CMA CGM,ULCV,15126,397.4,15.7,B-02,4,2025-04-28T08:20:58.402194+00:00,2025-04-28T08:46:46.402194+00:00,2025-04-30T17:58:46.402194+00:00,13.9,16.3,1,58.1,57.2,0,NONE,SHIFT_A (06:00-14:00),0.43
IMO9301413,PIL ULCV 1413,PIL,ULCV,17007,367.6,14.9,B-01,4,2025-01-29T20:25:55.897748+00:00,2025-01-29T23:21:07.897748+00:00,2025-02-01T17:21:07.897748+00:00,16.7,7.5,0,66.3,66.0,0,NONE,SHIFT_C (22:00-06:00),2.92
IMO9301414,Maersk Post-Panamax 1414,Maersk,Post-Panamax,9905,315.1,13.8,B-05,3,2025-04-02T17:00:00.657197+00:00,2025-04-02T19:23:24.657197+00:00,2025-04-04T10:23:24.657197+00:00,12.8,19.0,0,39.9,39.0,0,NONE,SHIFT_B (14:00-22:00),2.39
IMO9301415,Wan Hai Panamax 1415,Wan Hai,Panamax,4149,269.8,11.8,B-07,3,2025-03-25T05:02:07.136696+00:00,2025-03-25T07:11:43.136696+00:00,2025-03-26T20:11:43.136696+00:00,14.2,22.5,0,36.4,37.0,0,NONE,SHIFT_A (06:00-14:00),2.16
IMO9301416,HMM Feeder 1416,HMM,Feeder,1225,141.3,7.1,B-09,2,2026-08-07T03:09:02.239128+00:00,2026-08-07T05:19:50.239128+00:00,2026-08-07T21:49:50.239128+00:00,15.4,9.7,0,14.4,16.5,128,YARD_CONGESTION,SHIFT_C (22:00-06:00),2.18
IMO9301417,HMM Feeder 1417,HMM,Feeder,1718,155.3,7.8,B-09,2,2025-04-11T01:38:00.981210+00:00,2025-04-11T03:01:24.981210+00:00,2025-04-12T01:43:24.981210+00:00,11.5,9.1,0,23.3,22.7,0,NONE,SHIFT_C (22:00-06:00),1.39
IMO9301418,Hapag-Lloyd Feeder 1418,Hapag-Lloyd,Feeder,1020,149.8,8.4,B-08,2,2026-04-24T02:36:45.770406+00:00,2026-04-24T05:34:57.770406+00:00,2026-04-25T00:04:57.770406+00:00,15.7,2.2,0,18.7,18.5,0,NONE,SHIFT_C (22:00-06:00),2.97
IMO9301419,COSCO Post-Panamax 1419,COSCO,Post-Panamax,10237,333.5,13.4,B-03,4,2024-11-16T00:32:27.826955+00:00,2024-11-16T05:35:27.826955+00:00,2024-11-18T01:41:27.826955+00:00,14.7,7.7,0,40.4,44.1,221,CRANE_OUTAGE,SHIFT_C (22:00-06:00),5.05
IMO9301420,MSC Feeder 1420,MSC,Feeder,1231,140.4,8.6,B-08,2,2026-07-23T21:18:13.286431+00:00,2026-07-24T00:00:49.286431+00:00,2026-07-24T16:00:49.286431+00:00,17.0,26.5,0,16.5,16.0,0,NONE,SHIFT_C (22:00-06:00),2.71
IMO9301421,Yang Ming Panamax 1421,Yang Ming,Panamax,3539,222.0,10.5,B-04,3,2026-06-18T18:23:07.490293+00:00,2026-06-18T22:50:43.490293+00:00,2026-06-20T13:08:43.490293+00:00,11.6,32.2,1,38.0,38.3,0,NONE,SHIFT_C (22:00-06:00),4.46
IMO9301422,Hapag-Lloyd ULCV 1422,Hapag-Lloyd,ULCV,14958,376.0,16.3,B-02,4,2025-02-09T06:38:04.318714+00:00,2025-02-09T07:34:28.318714+00:00,2025-02-12T12:52:28.318714+00:00,14.3,20.1,0,76.9,77.3,0,NONE,SHIFT_A (06:00-14:00),0.94
IMO9301423,OOCL Feeder 1423,OOCL,Feeder,1457,168.5,8.7,B-09,2,2025-11-24T08:48:53.538843+00:00,2025-11-24T08:48:53.538843+00:00,2025-11-25T04:12:53.538843+00:00,12.1,28.5,1,19.2,19.4,0,NONE,SHIFT_A (06:00-14:00),0.0
IMO9301424,SITC Feeder 1424,SITC,Feeder,2088,139.2,8.7,B-08,2,2026-01-16T22:16:18.944958+00:00,2026-01-17T00:01:54.944958+00:00,2026-01-17T19:25:54.944958+00:00,15.5,25.0,0,19.0,19.4,0,NONE,SHIFT_C (22:00-06:00),1.76
IMO9301425,Wan Hai Panamax 1425,Wan Hai,Panamax,4154,247.0,11.5,B-06,3,2024-11-28T22:36:55.002809+00:00,2024-11-29T00:03:55.002809+00:00,2024-11-30T08:45:55.002809+00:00,13.5,10.2,0,32.0,32.7,0,NONE,SHIFT_C (22:00-06:00),1.45
IMO9301426,COSCO Post-Panamax 1426,COSCO,Post-Panamax,6886,306.5,12.7,B-01,4,2025-09-01T04:31:47.986928+00:00,2025-09-01T09:58:47.986928+00:00,2025-09-03T18:04:47.986928+00:00,12.7,31.3,1,48.3,56.1,470,WEATHER,SHIFT_A (06:00-14:00),5.449999999999999
IMO9301427,CMA CGM Panamax 1427,CMA CGM,Panamax,4985,251.8,10.1,B-06,3,2025-05-07T03:32:33.595754+00:00,2025-05-07T06:16:21.595754+00:00,2025-05-08T10:58:21.595754+00:00,10.5,17.3,0,29.2,28.7,0,NONE,SHIFT_A (06:00-14:00),2.73
IMO9301428,Wan Hai Handymax 1428,Wan Hai,Handymax,2224,209.4,10.7,B-09,2,2026-07-06T18:38:25.193579+00:00,2026-07-06T21:21:37.193579+00:00,2026-07-07T20:45:37.193579+00:00,18.1,8.5,0,20.3,23.4,187,CRANE_OUTAGE,SHIFT_B (14:00-22:00),2.72
IMO9301429,SITC Feeder 1429,SITC,Feeder,1392,140.9,7.1,B-08,2,2026-06-06T07:53:16.601887+00:00,2026-06-06T08:26:52.601887+00:00,2026-06-07T04:32:52.601887+00:00,15.7,11.7,0,19.6,20.1,0,NONE,SHIFT_A (06:00-14:00),0.56
IMO9301430,ONE Feeder 1430,ONE,Feeder,1905,174.4,7.0,B-08,2,2026-04-25T14:05:23.620399+00:00,2026-04-25T14:06:35.620399+00:00,2026-04-26T17:06:35.620399+00:00,13.3,11.1,0,22.9,27.0,246,WEATHER,SHIFT_B (14:00-22:00),0.02
IMO9301431,OOCL Panamax 1431,OOCL,Panamax,4354,255.6,11.2,B-04,3,2026-03-07T05:24:39.606598+00:00,2026-03-07T07:18:39.606598+00:00,2026-03-08T12:18:39.606598+00:00,14.6,24.5,0,29.4,29.0,0,NONE,SHIFT_A (06:00-14:00),1.9
IMO9301432,Wan Hai Panamax 1432,Wan Hai,Panamax,5035,233.3,11.4,B-06,3,2025-06-26T06:38:13.885589+00:00,2025-06-26T07:29:13.885589+00:00,2025-06-27T19:11:13.885589+00:00,12.5,26.5,0,35.0,35.7,0,NONE,SHIFT_A (06:00-14:00),0.85
IMO9301433,Wan Hai Panamax 1433,Wan Hai,Panamax,4852,249.0,10.5,B-07,3,2025-10-12T00:29:54.695783+00:00,2025-10-12T02:13:42.695783+00:00,2025-10-13T16:01:42.695783+00:00,13.5,12.4,0,34.1,37.8,223,YARD_CONGESTION,SHIFT_C (22:00-06:00),1.73
IMO9301434,Hapag-Lloyd Panamax 1434,Hapag-Lloyd,Panamax,4510,276.7,10.3,B-05,3,2026-06-01T14:28:54.580695+00:00,2026-06-01T16:09:42.580695+00:00,2026-06-03T06:03:42.580695+00:00,18.2,11.0,0,35.4,37.9,150,PILOT_UNAVAILABLE,SHIFT_B (14:00-22:00),1.68
IMO9301435,Hapag-Lloyd Feeder 1435,Hapag-Lloyd,Feeder,2161,165.5,7.8,B-10,2,2025-07-26T17:54:33.362564+00:00,2025-07-26T18:55:45.362564+00:00,2025-07-27T14:43:45.362564+00:00,15.8,18.8,0,19.7,19.8,0,NONE,SHIFT_B (14:00-22:00),1.02
IMO9301436,Evergreen Handymax 1436,Evergreen,Handymax,2686,181.7,9.4,B-08,2,2025-06-26T13:44:45.164840+00:00,2025-06-26T13:44:45.164840+00:00,2025-06-27T11:50:45.164840+00:00,13.7,3.5,0,21.8,22.1,0,NONE,SHIFT_A (06:00-14:00),0.0
IMO9301437,MSC Feeder 1437,MSC,Feeder,1259,132.6,8.4,B-10,2,2025-01-10T14:56:04.115909+00:00,2025-01-10T19:30:52.115909+00:00,2025-01-11T16:18:52.115909+00:00,15.5,8.6,0,21.7,20.8,0,NONE,SHIFT_B (14:00-22:00),4.58
IMO9301438,COSCO Post-Panamax 1438,COSCO,Post-Panamax,10067,335.6,13.6,B-05,3,2025-11-22T00:55:43.299063+00:00,2025-11-22T06:01:07.299063+00:00,2025-11-24T10:01:07.299063+00:00,11.4,15.2,0,52.0,52.0,0,NONE,SHIFT_A (06:00-14:00),5.09
IMO9301439,HMM Panamax 1439,HMM,Panamax,4266,258.9,10.1,B-06,3,2025-03-27T12:03:43.913945+00:00,2025-03-27T14:13:55.913945+00:00,2025-03-28T19:25:55.913945+00:00,12.2,4.3,0,28.5,29.2,0,NONE,SHIFT_B (14:00-22:00),2.17
IMO9301440,OOCL Panamax 1440,OOCL,Panamax,4340,237.1,10.6,B-07,3,2025-06-16T06:45:10.663238+00:00,2025-06-16T08:53:34.663238+00:00,2025-06-17T15:11:34.663238+00:00,16.6,10.9,0,27.8,30.3,150,WEATHER,SHIFT_A (06:00-14:00),2.14
IMO9301441,Hapag-Lloyd Panamax 1441,Hapag-Lloyd,Panamax,3457,235.2,11.3,B-05,3,2025-04-21T20:11:58.022989+00:00,2025-04-21T20:42:34.022989+00:00,2025-04-23T05:24:34.022989+00:00,14.9,5.6,0,33.2,32.7,0,NONE,SHIFT_B (14:00-22:00),0.51
IMO9301442,ONE Panamax 1442,ONE,Panamax,4989,275.7,10.2,B-04,3,2026-07-15T09:26:34.632190+00:00,2026-07-15T11:47:34.632190+00:00,2026-07-16T22:05:34.632190+00:00,11.3,24.6,0,34.2,34.3,0,NONE,SHIFT_A (06:00-14:00),2.35
IMO9301443,HMM ULCV 1443,HMM,ULCV,16635,385.6,15.6,B-03,4,2025-05-03T17:59:08.396020+00:00,2025-05-03T20:21:20.396020+00:00,2025-05-06T13:39:20.396020+00:00,16.0,5.0,0,62.9,65.3,146,CRANE_OUTAGE,SHIFT_B (14:00-22:00),2.37
IMO9301444,MSC Post-Panamax 1444,MSC,Post-Panamax,7821,300.3,14.4,B-05,3,2026-01-18T22:55:49.511393+00:00,2026-01-19T01:29:25.511393+00:00,2026-01-21T00:59:25.511393+00:00,14.8,16.1,0,48.4,47.5,0,NONE,SHIFT_C (22:00-06:00),2.56
IMO9301445,HMM Post-Panamax 1445,HMM,Post-Panamax,8424,312.2,13.6,B-05,3,2025-04-25T11:49:42.131973+00:00,2025-04-25T14:23:54.131973+00:00,2025-04-27T06:11:54.131973+00:00,13.6,8.2,0,39.4,39.8,0,NONE,SHIFT_B (14:00-22:00),2.57
IMO9301446,MSC Post-Panamax 1446,MSC,Post-Panamax,10040,303.0,13.3,B-02,4,2025-02-03T07:07:28.394353+00:00,2025-02-03T11:00:16.394353+00:00,2025-02-05T05:54:16.394353+00:00,17.7,21.1,0,42.9,42.9,0,NONE,SHIFT_A (06:00-14:00),3.88
IMO9301447,X-Press Feeders Neo-Panamax 1447,X-Press Feeders,Neo-Panamax,11669,357.5,15.3,B-01,4,2025-02-09T02:36:30.252068+00:00,2025-02-09T02:36:30.252068+00:00,2025-02-11T20:48:30.252068+00:00,16.1,15.4,0,62.0,66.2,251,YARD_CONGESTION,SHIFT_C (22:00-06:00),0.0
IMO9301448,SITC Feeder 1448,SITC,Feeder,1424,136.3,8.1,B-08,2,2026-09-17T14:13:00.782864+00:00,2026-09-17T14:13:00.782864+00:00,2026-09-18T11:31:00.782864+00:00,15.7,5.6,0,20.7,21.3,0,NONE,SHIFT_B (14:00-22:00),0.0
IMO9301449,Hapag-Lloyd Post-Panamax 1449,Hapag-Lloyd,Post-Panamax,10662,305.0,13.6,B-02,4,2026-01-09T20:11:44.403171+00:00,2026-01-09T21:41:08.403171+00:00,2026-01-12T07:53:08.403171+00:00,17.2,20.3,0,51.2,58.2,418,CRANE_OUTAGE,SHIFT_B (14:00-22:00),1.49
IMO9301450,OOCL Feeder 1450,OOCL,Feeder,888,159.6,7.2,B-09,2,2025-03-23T14:06:22.070245+00:00,2025-03-23T15:50:46.070245+00:00,2025-03-24T09:50:46.070245+00:00,15.0,20.2,0,17.3,18.0,0,NONE,SHIFT_B (14:00-22:00),1.74
IMO9301451,HMM Panamax 1451,HMM,Panamax,3521,237.3,10.2,B-07,3,2025-07-08T15:54:36.234361+00:00,2025-07-08T17:45:36.234361+00:00,2025-07-10T00:39:36.234361+00:00,14.3,27.3,0,30.9,30.9,0,NONE,SHIFT_B (14:00-22:00),1.85
IMO9301452,Yang Ming Panamax 1452,Yang Ming,Panamax,5037,257.9,10.6,B-05,3,2025-04-07T18:20:49.863745+00:00,2025-04-07T18:57:25.863745+00:00,2025-04-09T01:33:25.863745+00:00,13.9,2.8,0,26.4,30.6,252,CRANE_OUTAGE,SHIFT_B (14:00-22:00),0.61
IMO9301453,X-Press Feeders Handymax 1453,X-Press Feeders,Handymax,3252,201.4,10.4,B-08,2,2025-07-31T15:40:06.575901+00:00,2025-07-31T17:25:42.575901+00:00,2025-08-01T16:49:42.575901+00:00,15.4,9.2,0,21.3,23.4,128,YARD_CONGESTION,SHIFT_B (14:00-22:00),1.76
IMO9301454,Yang Ming Handymax 1454,Yang Ming,Handymax,3286,204.1,10.2,B-06,3,2025-03-17T11:41:50.028430+00:00,2025-03-17T12:16:38.028430+00:00,2025-03-18T09:40:38.028430+00:00,16.3,20.6,0,21.6,21.4,0,NONE,SHIFT_A (06:00-14:00),0.58
IMO9301455,Hapag-Lloyd Panamax 1455,Hapag-Lloyd,Panamax,4247,273.5,10.8,B-04,3,2025-03-17T03:31:10.873783+00:00,2025-03-17T03:42:34.873783+00:00,2025-03-18T18:00:34.873783+00:00,13.7,3.2,0,38.1,38.3,0,NONE,SHIFT_C (22:00-06:00),0.19
IMO9301456,PIL Panamax 1456,PIL,Panamax,4164,268.0,11.7,B-07,3,2026-03-03T17:52:38.150150+00:00,2026-03-03T19:49:38.150150+00:00,2026-03-05T07:49:38.150150+00:00,15.4,30.0,1,36.5,36.0,0,NONE,SHIFT_B (14:00-22:00),1.95
IMO9301457,Yang Ming Panamax 1457,Yang Ming,Panamax,4406,240.2,10.9,B-05,3,2025-12-05T08:11:09.486896+00:00,2025-12-05T08:11:09.486896+00:00,2025-12-06T11:17:09.486896+00:00,12.9,6.7,0,27.6,27.1,0,NONE,SHIFT_A (06:00-14:00),0.0
IMO9301458,Evergreen Handymax 1458,Evergreen,Handymax,2807,206.5,9.8,B-06,3,2026-01-26T03:29:55.924498+00:00,2026-01-26T06:30:31.924498+00:00,2026-01-26T22:54:31.924498+00:00,17.2,8.4,0,17.1,16.4,0,NONE,SHIFT_A (06:00-14:00),3.01
IMO9301459,X-Press Feeders Panamax 1459,X-Press Feeders,Panamax,3250,248.0,11.1,B-04,3,2025-01-21T21:33:24.089800+00:00,2025-01-21T23:08:12.089800+00:00,2025-01-23T01:44:12.089800+00:00,16.5,10.3,0,26.0,26.6,0,NONE,SHIFT_C (22:00-06:00),1.58
IMO9301460,ONE Panamax 1460,ONE,Panamax,4351,281.2,11.6,B-07,3,2026-02-10T15:33:03.018219+00:00,2026-02-10T16:45:03.018219+00:00,2026-02-12T02:27:03.018219+00:00,12.1,22.8,0,30.5,33.7,194,CRANE_OUTAGE,SHIFT_B (14:00-22:00),1.2
IMO9301461,COSCO Neo-Panamax 1461,COSCO,Neo-Panamax,11937,354.4,14.3,B-01,4,2026-06-02T16:56:14.346361+00:00,2026-06-02T21:35:50.346361+00:00,2026-06-05T09:23:50.346361+00:00,13.7,27.1,0,55.5,59.8,259,CRANE_OUTAGE,SHIFT_B (14:00-22:00),4.66
IMO9301462,X-Press Feeders Post-Panamax 1462,X-Press Feeders,Post-Panamax,9415,305.1,14.3,B-02,4,2026-09-05T17:51:58.296220+00:00,2026-09-05T22:03:58.296220+00:00,2026-09-07T23:15:58.296220+00:00,10.2,31.6,1,49.4,49.2,0,NONE,SHIFT_C (22:00-06:00),4.2
IMO9301463,ZIM Panamax 1463,ZIM,Panamax,5058,250.2,11.1,B-07,3,2024-11-29T13:46:04.026498+00:00,2024-11-29T17:33:28.026498+00:00,2024-12-01T07:03:28.026498+00:00,13.1,15.9,0,35.8,37.5,105,WEATHER,SHIFT_B (14:00-22:00),3.79
IMO9301464,ONE Feeder 1464,ONE,Feeder,1051,155.7,9.2,B-08,2,2026-04-05T00:45:05.016618+00:00,2026-04-05T04:12:41.016618+00:00,2026-04-06T04:24:41.016618+00:00,12.9,27.4,0,24.1,24.2,0,NONE,SHIFT_C (22:00-06:00),3.46
IMO9301465,OOCL Feeder 1465,OOCL,Feeder,1664,146.5,7.9,B-10,2,2024-12-07T21:58:04.864333+00:00,2024-12-07T21:58:04.864333+00:00,2024-12-08T21:04:04.864333+00:00,16.8,8.3,0,20.5,23.1,154,WEATHER,SHIFT_B (14:00-22:00),0.0
IMO9301466,PIL Feeder 1466,PIL,Feeder,1778,166.7,8.1,B-08,2,2026-02-03T05:36:08.001919+00:00,2026-02-03T07:03:08.001919+00:00,2026-02-04T06:27:08.001919+00:00,16.4,13.8,0,23.3,23.4,0,NONE,SHIFT_A (06:00-14:00),1.45
IMO9301467,ONE Handymax 1467,ONE,Handymax,2603,217.3,10.1,B-09,2,2025-02-24T12:38:50.293313+00:00,2025-02-24T14:02:50.293313+00:00,2025-02-25T18:02:50.293313+00:00,16.0,26.3,0,23.3,28.0,280,WEATHER,SHIFT_B (14:00-22:00),1.4
IMO9301468,KMTC Panamax 1468,KMTC,Panamax,3949,242.8,10.2,B-05,3,2026-02-05T07:26:50.612920+00:00,2026-02-05T09:37:38.612920+00:00,2026-02-06T18:07:38.612920+00:00,15.4,15.0,0,32.9,32.5,0,NONE,SHIFT_A (06:00-14:00),2.18
IMO9301469,MSC Feeder 1469,MSC,Feeder,1061,130.2,7.6,B-10,2,2026-05-08T04:39:22.740409+00:00,2026-05-08T09:50:46.740409+00:00,2026-05-09T07:20:46.740409+00:00,16.5,28.0,0,18.8,21.5,163,WEATHER,SHIFT_A (06:00-14:00),5.19
IMO9301470,SITC Panamax 1470,SITC,Panamax,4108,254.6,10.9,B-05,3,2025-06-30T21:38:42.938272+00:00,2025-06-30T22:11:06.938272+00:00,2025-07-02T02:29:06.938272+00:00,14.1,16.4,0,29.0,28.3,0,NONE,SHIFT_C (22:00-06:00),0.54
IMO9301471,Evergreen Post-Panamax 1471,Evergreen,Post-Panamax,9061,334.1,13.2,B-01,4,2025-11-30T00:11:30.287684+00:00,2025-11-30T02:51:06.287684+00:00,2025-12-02T01:51:06.287684+00:00,14.3,12.6,0,47.9,47.0,0,NONE,SHIFT_C (22:00-06:00),2.66
IMO9301472,MSC Neo-Panamax 1472,MSC,Neo-Panamax,12116,349.4,14.7,B-02,4,2025-10-26T10:50:51.708671+00:00,2025-10-26T13:33:27.708671+00:00,2025-10-29T00:15:27.708671+00:00,13.7,10.6,1,54.7,58.7,242,WEATHER,SHIFT_A (06:00-14:00),2.71
IMO9301473,ZIM Panamax 1473,ZIM,Panamax,4889,227.8,11.6,B-04,3,2026-01-04T17:56:48.573046+00:00,2026-01-04T19:12:24.573046+00:00,2026-01-06T06:36:24.573046+00:00,17.6,16.7,0,32.9,35.4,149,YARD_CONGESTION,SHIFT_B (14:00-22:00),1.26
IMO9301474,Yang Ming Feeder 1474,Yang Ming,Feeder,1255,159.3,8.3,B-08,2,2026-06-20T09:08:07.352707+00:00,2026-06-20T11:54:19.352707+00:00,2026-06-21T11:24:19.352707+00:00,17.2,9.5,0,20.5,23.5,182,CRANE_OUTAGE,SHIFT_A (06:00-14:00),2.77
IMO9301475,Evergreen Post-Panamax 1475,Evergreen,Post-Panamax,10386,321.4,12.6,B-05,3,2025-08-29T06:54:16.941639+00:00,2025-08-29T09:42:16.941639+00:00,2025-08-31T08:36:16.941639+00:00,18.1,5.4,0,47.9,46.9,0,NONE,SHIFT_A (06:00-14:00),2.8
IMO9301476,KMTC Post-Panamax 1476,KMTC,Post-Panamax,9067,309.2,13.9,B-02,4,2026-06-22T05:46:00.321919+00:00,2026-06-22T06:04:00.321919+00:00,2026-06-24T08:46:00.321919+00:00,11.6,19.4,0,51.1,50.7,0,NONE,SHIFT_A (06:00-14:00),0.3
IMO9301477,MSC Feeder 1477,MSC,Feeder,1019,136.1,8.4,B-09,2,2025-11-16T11:58:31.093813+00:00,2025-11-16T13:00:55.093813+00:00,2025-11-17T03:30:55.093813+00:00,14.7,24.9,0,14.8,14.5,0,NONE,SHIFT_A (06:00-14:00),1.04
IMO9301478,X-Press Feeders Feeder 1478,X-Press Feeders,Feeder,1435,165.3,7.2,B-08,2,2026-04-20T03:49:45.116070+00:00,2026-04-20T04:57:33.116070+00:00,2026-04-21T02:21:33.116070+00:00,12.5,13.2,0,17.0,21.4,265,YARD_CONGESTION,SHIFT_C (22:00-06:00),1.13
IMO9301479,Wan Hai Handymax 1479,Wan Hai,Handymax,3199,182.1,10.0,B-06,3,2025-05-10T02:12:25.878275+00:00,2025-05-10T04:47:13.878275+00:00,2025-05-11T00:35:13.878275+00:00,15.9,16.3,0,20.4,19.8,0,NONE,SHIFT_C (22:00-06:00),2.58
IMO9301480,Wan Hai ULCV 1480,Wan Hai,ULCV,22852,371.6,15.9,B-03,4,2025-11-27T11:26:01.367640+00:00,2025-11-27T13:09:49.367640+00:00,2025-11-30T10:27:49.367640+00:00,15.2,15.7,0,68.6,69.3,0,NONE,SHIFT_A (06:00-14:00),1.73
IMO9301481,ZIM Post-Panamax 1481,ZIM,Post-Panamax,10250,331.0,14.4,B-05,3,2025-12-25T10:55:38.673536+00:00,2025-12-25T14:26:50.673536+00:00,2025-12-27T13:44:50.673536+00:00,18.0,12.7,0,47.3,47.3,0,NONE,SHIFT_B (14:00-22:00),3.52
IMO9301482,Hapag-Lloyd Post-Panamax 1482,Hapag-Lloyd,Post-Panamax,6920,347.3,14.0,B-02,4,2026-06-06T23:07:51.811225+00:00,2026-06-06T23:07:51.811225+00:00,2026-06-08T18:31:51.811225+00:00,12.0,14.1,0,42.8,43.4,0,NONE,SHIFT_C (22:00-06:00),0.0
IMO9301483,CMA CGM Neo-Panamax 1483,CMA CGM,Neo-Panamax,14427,361.3,14.1,B-01,4,2025-06-15T04:59:28.953454+00:00,2025-06-15T08:01:52.953454+00:00,2025-06-17T16:13:52.953454+00:00,13.4,5.9,0,56.7,56.2,0,NONE,SHIFT_A (06:00-14:00),3.04
IMO9301484,Wan Hai ULCV 1484,Wan Hai,ULCV,17376,393.6,16.1,B-02,4,2025-09-26T01:35:24.843358+00:00,2025-09-26T03:13:48.843358+00:00,2025-09-29T00:19:48.843358+00:00,12.8,25.1,0,68.8,69.1,0,NONE,SHIFT_C (22:00-06:00),1.64
IMO9301485,ONE Panamax 1485,ONE,Panamax,4779,257.0,10.7,B-04,3,2025-03-09T07:27:22.666469+00:00,2025-03-09T08:42:58.666469+00:00,2025-03-10T20:12:58.666469+00:00,9.2,34.8,1,35.0,35.5,0,NONE,SHIFT_A (06:00-14:00),1.26
IMO9301486,Evergreen Post-Panamax 1486,Evergreen,Post-Panamax,6884,341.7,13.4,B-03,4,2026-02-03T02:12:31.492390+00:00,2026-02-03T03:26:19.492390+00:00,2026-02-05T04:32:19.492390+00:00,12.8,16.5,0,48.6,49.1,0,NONE,SHIFT_C (22:00-06:00),1.23
IMO9301487,Wan Hai Handymax 1487,Wan Hai,Handymax,2042,209.8,9.8,B-09,2,2024-10-26T14:38:44.581868+00:00,2024-10-26T18:17:08.581868+00:00,2024-10-27T22:11:08.581868+00:00,14.8,11.6,0,25.9,27.9,122,CRANE_OUTAGE,SHIFT_B (14:00-22:00),3.64
IMO9301488,Yang Ming Feeder 1488,Yang Ming,Feeder,1309,177.2,7.2,B-10,2,2026-06-19T18:39:24.595788+00:00,2026-06-19T21:20:12.595788+00:00,2026-06-20T20:32:12.595788+00:00,13.5,16.7,0,18.7,23.2,268,WEATHER,SHIFT_B (14:00-22:00),2.68
IMO9301489,KMTC Feeder 1489,KMTC,Feeder,1887,132.5,7.1,B-09,2,2025-01-31T14:56:32.586192+00:00,2025-01-31T16:55:20.586192+00:00,2025-02-01T16:37:20.586192+00:00,11.1,20.0,0,20.4,23.7,198,YARD_CONGESTION,SHIFT_B (14:00-22:00),1.98
IMO9301490,SITC Feeder 1490,SITC,Feeder,1502,142.4,7.2,B-10,2,2025-02-23T03:02:01.901602+00:00,2025-02-23T04:23:01.901602+00:00,2025-02-24T02:17:01.901602+00:00,15.3,15.9,0,22.1,21.9,0,NONE,SHIFT_C (22:00-06:00),1.35
IMO9301491,PIL Feeder 1491,PIL,Feeder,1963,160.6,8.5,B-08,2,2026-04-20T19:37:05.723642+00:00,2026-04-20T21:36:29.723642+00:00,2026-04-21T16:42:29.723642+00:00,17.0,19.7,0,16.5,19.1,155,PILOT_UNAVAILABLE,SHIFT_B (14:00-22:00),1.99
IMO9301492,ZIM Feeder 1492,ZIM,Feeder,2132,157.0,7.6,B-09,2,2025-01-06T20:32:11.192120+00:00,2025-01-06T21:20:11.192120+00:00,2025-01-07T18:02:11.192120+00:00,14.6,23.0,0,21.1,20.7,0,NONE,SHIFT_B (14:00-22:00),0.8
IMO9301493,COSCO Neo-Panamax 1493,COSCO,Neo-Panamax,10348,349.9,14.0,B-03,4,2026-06-13T18:03:35.211633+00:00,2026-06-13T19:02:59.211633+00:00,2026-06-15T12:56:59.211633+00:00,14.4,15.0,0,42.1,41.9,0,NONE,SHIFT_B (14:00-22:00),0.99
IMO9301494,X-Press Feeders Post-Panamax 1494,X-Press Feeders,Post-Panamax,8542,320.5,13.2,B-03,4,2026-05-13T18:24:32.710273+00:00,2026-05-13T19:58:44.710273+00:00,2026-05-15T22:34:44.710273+00:00,15.0,5.9,0,43.3,50.6,439,WEATHER,SHIFT_B (14:00-22:00),1.57
IMO9301495,MSC Panamax 1495,MSC,Panamax,4891,282.5,11.2,B-06,3,2025-06-18T14:00:30.974108+00:00,2025-06-18T16:58:42.974108+00:00,2025-06-20T04:52:42.974108+00:00,16.6,22.9,0,35.1,35.9,0,NONE,SHIFT_B (14:00-22:00),2.97
IMO9301496,MSC ULCV 1496,MSC,ULCV,14020,372.4,15.6,B-01,4,2025-09-30T07:53:58.195283+00:00,2025-09-30T09:28:46.195283+00:00,2025-10-03T02:22:46.195283+00:00,13.3,9.4,0,64.4,64.9,0,NONE,SHIFT_A (06:00-14:00),1.58
IMO9301497,HMM Neo-Panamax 1497,HMM,Neo-Panamax,13713,356.5,14.9,B-01,4,2025-09-02T15:52:58.328590+00:00,2025-09-02T15:59:34.328590+00:00,2025-09-04T13:47:34.328590+00:00,13.4,22.2,0,45.9,45.8,0,NONE,SHIFT_B (14:00-22:00),0.11
IMO9301498,Maersk Handymax 1498,Maersk,Handymax,3098,202.8,8.9,B-08,2,2024-11-11T22:38:05.786637+00:00,2024-11-11T23:13:29.786637+00:00,2024-11-12T21:43:29.786637+00:00,14.8,15.4,0,18.5,22.5,239,CRANE_OUTAGE,SHIFT_C (22:00-06:00),0.59
IMO9301499,Yang Ming Feeder 1499,Yang Ming,Feeder,1901,179.9,8.9,B-10,2,2024-12-14T20:15:47.059177+00:00,2024-12-14T23:00:11.059177+00:00,2024-12-15T19:06:11.059177+00:00,16.1,14.3,0,18.9,20.1,75,PILOT_UNAVAILABLE,SHIFT_C (22:00-06:00),2.74
IMO9301500,X-Press Feeders Post-Panamax 1500,X-Press Feeders,Post-Panamax,6787,342.0,14.1,B-02,4,2026-02-10T16:29:24.447658+00:00,2026-02-10T17:28:12.447658+00:00,2026-02-12T15:46:12.447658+00:00,12.3,9.3,0,46.4,46.3,0,NONE,SHIFT_B (14:00-22:00),0.98
IMO9301501,SITC Panamax 1501,SITC,Panamax,5097,265.6,10.7,B-05,3,2025-04-09T07:03:41.284228+00:00,2025-04-09T08:21:41.284228+00:00,2025-04-10T18:03:41.284228+00:00,15.9,14.7,0,34.7,33.7,0,NONE,SHIFT_A (06:00-14:00),1.3
IMO9301502,COSCO Feeder 1502,COSCO,Feeder,1849,186.5,7.9,B-10,2,2024-12-28T19:25:03.269517+00:00,2024-12-28T23:16:39.269517+00:00,2024-12-29T17:58:39.269517+00:00,12.6,31.7,1,19.6,18.7,0,NONE,SHIFT_C (22:00-06:00),3.8600000000000003
IMO9301503,Evergreen Handymax 1503,Evergreen,Handymax,2174,214.5,9.1,B-06,3,2025-04-15T03:34:11.134108+00:00,2025-04-15T04:20:23.134108+00:00,2025-04-16T04:38:23.134108+00:00,16.1,1.9,0,24.1,24.3,0,NONE,SHIFT_C (22:00-06:00),0.77
IMO9301504,HMM Post-Panamax 1504,HMM,Post-Panamax,8717,305.0,12.9,B-03,4,2024-09-30T05:50:43.894407+00:00,2024-09-30T06:48:19.894407+00:00,2024-10-02T05:00:19.894407+00:00,13.8,10.0,0,45.9,46.2,0,NONE,SHIFT_A (06:00-14:00),0.96
IMO9301505,Hapag-Lloyd Handymax 1505,Hapag-Lloyd,Handymax,2953,185.8,9.2,B-06,3,2025-07-22T13:28:39.170301+00:00,2025-07-22T14:20:15.170301+00:00,2025-07-23T19:14:15.170301+00:00,12.5,20.7,0,29.5,28.9,0,NONE,SHIFT_B (14:00-22:00),0.86
IMO9301506,CMA CGM Feeder 1506,CMA CGM,Feeder,2424,189.5,9.1,B-08,2,2026-05-07T16:47:17.105574+00:00,2026-05-07T18:17:53.105574+00:00,2026-05-08T12:17:53.105574+00:00,15.9,2.6,0,15.5,18.0,148,CRANE_OUTAGE,SHIFT_B (14:00-22:00),1.51
IMO9301507,COSCO Panamax 1507,COSCO,Panamax,3145,257.3,11.2,B-05,3,2026-02-10T09:22:39.621864+00:00,2026-02-10T10:47:51.621864+00:00,2026-02-11T19:05:51.621864+00:00,14.4,12.9,0,32.5,32.3,0,NONE,SHIFT_A (06:00-14:00),1.42
IMO9301508,MSC Post-Panamax 1508,MSC,Post-Panamax,6787,346.7,12.8,B-01,4,2025-07-17T09:34:40.057671+00:00,2025-07-17T12:03:28.057671+00:00,2025-07-19T19:15:28.057671+00:00,14.8,21.7,0,56.0,55.2,0,NONE,SHIFT_A (06:00-14:00),2.48
IMO9301509,ONE Panamax 1509,ONE,Panamax,3127,248.6,11.1,B-04,3,2026-01-17T07:09:06.996198+00:00,2026-01-17T07:37:18.996198+00:00,2026-01-18T14:31:18.996198+00:00,14.7,5.1,0,30.1,30.9,48,PILOT_UNAVAILABLE,SHIFT_A (06:00-14:00),0.47
IMO9301510,SITC Feeder 1510,SITC,Feeder,1188,143.0,8.2,B-08,2,2025-06-04T09:05:42.380101+00:00,2025-06-04T10:15:18.380101+00:00,2025-06-05T11:51:18.380101+00:00,15.5,8.4,0,19.3,25.6,379,WEATHER,SHIFT_A (06:00-14:00),1.16
IMO9301511,OOCL Feeder 1511,OOCL,Feeder,1815,183.1,8.6,B-08,2,2026-05-07T14:47:24.712687+00:00,2026-05-07T17:55:48.712687+00:00,2026-05-08T17:43:48.712687+00:00,15.0,11.6,0,21.9,23.8,117,CRANE_OUTAGE,SHIFT_B (14:00-22:00),3.14
IMO9301512,COSCO ULCV 1512,COSCO,ULCV,15120,385.4,15.6,B-02,4,2025-01-25T22:49:19.453799+00:00,2025-01-25T23:42:07.453799+00:00,2025-01-29T01:00:07.453799+00:00,10.2,14.3,0,73.9,73.3,0,NONE,SHIFT_C (22:00-06:00),0.88
IMO9301513,Hapag-Lloyd Handymax 1513,Hapag-Lloyd,Handymax,3326,187.3,8.9,B-09,2,2026-09-07T02:30:49.721276+00:00,2026-09-07T03:08:37.721276+00:00,2026-09-08T09:56:37.721276+00:00,15.5,17.0,0,24.1,30.8,400,CRANE_OUTAGE,SHIFT_C (22:00-06:00),0.63
IMO9301514,HMM Post-Panamax 1514,HMM,Post-Panamax,10386,315.3,14.1,B-02,4,2025-12-21T18:35:36.773673+00:00,2025-12-21T19:21:48.773673+00:00,2025-12-23T13:15:48.773673+00:00,13.6,3.2,0,42.3,41.9,0,NONE,SHIFT_B (14:00-22:00),0.77
IMO9301515,Hapag-Lloyd Feeder 1515,Hapag-Lloyd,Feeder,1753,158.2,7.2,B-10,2,2025-02-06T09:16:09.795506+00:00,2025-02-06T13:33:33.795506+00:00,2025-02-07T08:15:33.795506+00:00,11.8,31.9,1,19.5,18.7,0,NONE,SHIFT_A (06:00-14:00),4.29
IMO9301516,COSCO Feeder 1516,COSCO,Feeder,1454,136.4,8.7,B-10,2,2025-07-26T20:02:28.673102+00:00,2025-07-26T20:53:28.673102+00:00,2025-07-27T20:41:28.673102+00:00,15.4,23.8,0,20.6,23.8,191,YARD_CONGESTION,SHIFT_B (14:00-22:00),0.85
IMO9301517,KMTC Post-Panamax 1517,KMTC,Post-Panamax,10708,312.8,13.6,B-04,3,2026-06-18T21:02:46.333056+00:00,2026-06-18T21:02:46.333056+00:00,2026-06-20T14:56:46.333056+00:00,16.0,26.7,0,42.9,41.9,0,NONE,SHIFT_B (14:00-22:00),0.0
IMO9301518,SITC Post-Panamax 1518,SITC,Post-Panamax,7225,341.0,13.6,B-05,3,2026-07-01T08:55:35.801768+00:00,2026-07-01T10:04:35.801768+00:00,2026-07-03T16:46:35.801768+00:00,13.6,3.8,0,54.9,54.7,0,NONE,SHIFT_A (06:00-14:00),1.15
IMO9301519,X-Press Feeders Feeder 1519,X-Press Feeders,Feeder,1883,164.3,8.8,B-08,2,2025-12-09T09:24:09.583705+00:00,2025-12-09T11:43:57.583705+00:00,2025-12-10T07:07:57.583705+00:00,13.9,23.5,0,19.9,19.4,0,NONE,SHIFT_A (06:00-14:00),2.33
IMO9301520,SITC Panamax 1520,SITC,Panamax,3646,286.1,10.1,B-04,3,2026-04-10T00:19:40.940206+00:00,2026-04-10T03:07:04.940206+00:00,2026-04-11T11:43:04.940206+00:00,10.8,31.3,1,33.5,32.6,0,NONE,SHIFT_C (22:00-06:00),2.79
IMO9301521,OOCL Feeder 1521,OOCL,Feeder,829,171.2,8.9,B-09,2,2024-12-07T17:12:39.658904+00:00,2024-12-07T19:11:27.658904+00:00,2024-12-08T13:29:27.658904+00:00,14.5,9.5,0,18.9,18.3,0,NONE,SHIFT_B (14:00-22:00),1.98
IMO9301522,X-Press Feeders Handymax 1522,X-Press Feeders,Handymax,3253,198.1,10.0,B-06,3,2026-09-15T18:23:13.575337+00:00,2026-09-15T19:32:49.575337+00:00,2026-09-16T15:32:49.575337+00:00,14.8,15.7,0,20.5,20.0,0,NONE,SHIFT_B (14:00-22:00),1.16
IMO9301523,Maersk Panamax 1523,Maersk,Panamax,3378,221.6,11.9,B-07,3,2025-08-05T17:02:26.589833+00:00,2025-08-05T18:15:38.589833+00:00,2025-08-07T01:51:38.589833+00:00,13.5,9.9,0,31.1,31.6,0,NONE,SHIFT_B (14:00-22:00),1.22
IMO9301524,SITC Post-Panamax 1524,SITC,Post-Panamax,9680,337.0,13.7,B-01,4,2025-08-24T08:58:45.629655+00:00,2025-08-24T09:36:33.629655+00:00,2025-08-26T23:24:33.629655+00:00,12.8,20.4,0,59.3,61.8,153,PILOT_UNAVAILABLE,SHIFT_A (06:00-14:00),0.63
IMO9301525,HMM Panamax 1525,HMM,Panamax,3094,247.2,10.1,B-06,3,2025-05-13T19:56:44.433800+00:00,2025-05-13T21:17:44.433800+00:00,2025-05-15T08:53:44.433800+00:00,15.4,6.4,0,36.4,35.6,0,NONE,SHIFT_B (14:00-22:00),1.35
IMO9301526,Wan Hai Neo-Panamax 1526,Wan Hai,Neo-Panamax,13025,342.4,14.7,B-03,4,2026-03-15T17:35:29.966577+00:00,2026-03-15T17:35:29.966577+00:00,2026-03-17T22:05:29.966577+00:00,16.0,15.3,0,51.0,52.5,93,PILOT_UNAVAILABLE,SHIFT_B (14:00-22:00),0.0
IMO9301527,Maersk Panamax 1527,Maersk,Panamax,3979,224.8,10.4,B-06,3,2025-11-25T02:53:41.813684+00:00,2025-11-25T05:05:41.813684+00:00,2025-11-26T11:17:41.813684+00:00,14.8,29.1,1,29.9,30.2,0,NONE,SHIFT_C (22:00-06:00),2.2
IMO9301528,KMTC Neo-Panamax 1528,KMTC,Neo-Panamax,10782,351.5,14.9,B-01,4,2025-08-18T01:43:17.624192+00:00,2025-08-18T02:39:05.624192+00:00,2025-08-20T08:45:05.624192+00:00,15.5,10.6,0,52.3,54.1,106,CRANE_OUTAGE,SHIFT_C (22:00-06:00),0.93
IMO9301529,Hapag-Lloyd Post-Panamax 1529,Hapag-Lloyd,Post-Panamax,10705,346.0,13.8,B-04,3,2025-07-16T00:39:11.060985+00:00,2025-07-16T01:50:35.060985+00:00,2025-07-18T02:08:35.060985+00:00,9.8,7.9,0,48.4,48.3,0,NONE,SHIFT_C (22:00-06:00),1.19
IMO9301530,HMM Feeder 1530,HMM,Feeder,1757,171.3,9.3,B-08,2,2025-02-27T00:23:13.534883+00:00,2025-02-27T01:22:01.534883+00:00,2025-02-27T20:10:01.534883+00:00,16.3,12.4,0,18.1,18.8,0,NONE,SHIFT_C (22:00-06:00),0.98
IMO9301531,SITC Handymax 1531,SITC,Handymax,2326,180.7,9.2,B-06,3,2024-10-04T02:03:41.221720+00:00,2024-10-04T02:46:53.221720+00:00,2024-10-05T02:58:53.221720+00:00,14.1,19.6,0,25.1,24.2,0,NONE,SHIFT_C (22:00-06:00),0.72
IMO9301532,Wan Hai Feeder 1532,Wan Hai,Feeder,2163,150.8,7.0,B-09,2,2026-06-27T20:32:28.802339+00:00,2026-06-27T22:25:52.802339+00:00,2026-06-28T17:01:52.802339+00:00,13.4,3.8,0,18.8,18.6,0,NONE,SHIFT_C (22:00-06:00),1.89
IMO9301533,CMA CGM Feeder 1533,CMA CGM,Feeder,1093,137.7,7.6,B-09,2,2026-07-17T19:50:16.109270+00:00,2026-07-17T23:59:16.109270+00:00,2026-07-18T20:47:16.109270+00:00,16.5,26.7,0,20.0,20.8,0,NONE,SHIFT_C (22:00-06:00),4.15
IMO9301534,CMA CGM Panamax 1534,CMA CGM,Panamax,4083,244.6,10.3,B-06,3,2026-09-09T21:18:48.398253+00:00,2026-09-10T01:53:36.398253+00:00,2026-09-11T12:59:36.398253+00:00,13.0,20.5,0,33.2,35.1,111,PILOT_UNAVAILABLE,SHIFT_C (22:00-06:00),4.58
IMO9301535,MSC Handymax 1535,MSC,Handymax,2363,218.8,9.3,B-07,3,2024-10-14T04:10:30.903217+00:00,2024-10-14T05:33:54.903217+00:00,2024-10-14T23:27:54.903217+00:00,15.1,18.0,0,18.7,17.9,0,NONE,SHIFT_C (22:00-06:00),1.39
IMO9301536,PIL Feeder 1536,PIL,Feeder,2081,160.0,8.9,B-08,2,2024-10-24T13:21:41.802235+00:00,2024-10-24T17:27:05.802235+00:00,2024-10-25T11:15:05.802235+00:00,15.3,11.5,0,17.1,17.8,0,NONE,SHIFT_B (14:00-22:00),4.09
IMO9301537,KMTC Feeder 1537,KMTC,Feeder,1450,162.1,7.4,B-08,2,2025-03-27T22:49:34.264875+00:00,2025-03-28T01:00:22.264875+00:00,2025-03-28T14:48:22.264875+00:00,15.9,29.9,1,13.3,13.8,0,NONE,SHIFT_C (22:00-06:00),2.18
IMO9301538,X-Press Feeders Post-Panamax 1538,X-Press Feeders,Post-Panamax,9778,346.7,14.4,B-02,4,2025-01-10T08:15:34.261415+00:00,2025-01-10T10:59:22.261415+00:00,2025-01-12T18:29:22.261415+00:00,18.1,10.8,0,51.3,55.5,254,YARD_CONGESTION,SHIFT_A (06:00-14:00),2.73
IMO9301539,SITC Neo-Panamax 1539,SITC,Neo-Panamax,12403,353.3,15.2,B-02,4,2025-10-17T02:49:16.292183+00:00,2025-10-17T04:24:40.292183+00:00,2025-10-19T17:06:40.292183+00:00,15.0,5.1,1,57.4,60.7,200,YARD_CONGESTION,SHIFT_C (22:00-06:00),1.59
IMO9301540,OOCL Panamax 1540,OOCL,Panamax,3514,289.5,11.9,B-05,3,2026-02-04T19:55:34.818850+00:00,2026-02-04T21:19:34.818850+00:00,2026-02-06T10:37:34.818850+00:00,14.7,10.7,0,33.1,37.3,253,CRANE_OUTAGE,SHIFT_B (14:00-22:00),1.4
IMO9301541,COSCO Panamax 1541,COSCO,Panamax,4772,230.6,10.7,B-06,3,2025-07-10T04:07:50.154632+00:00,2025-07-10T06:14:26.154632+00:00,2025-07-11T14:32:26.154632+00:00,13.4,10.4,0,32.1,32.3,0,NONE,SHIFT_A (06:00-14:00),2.11
IMO9301542,CMA CGM Post-Panamax 1542,CMA CGM,Post-Panamax,10539,338.3,12.7,B-02,4,2025-08-20T19:56:06.562588+00:00,2025-08-20T21:29:06.562588+00:00,2025-08-23T03:53:06.562588+00:00,15.3,5.8,0,49.2,54.4,309,WEATHER,SHIFT_B (14:00-22:00),1.55
IMO9301543,Yang Ming Feeder 1543,Yang Ming,Feeder,1388,150.2,8.5,B-10,2,2024-12-28T00:42:05.228328+00:00,2024-12-28T01:37:53.228328+00:00,2024-12-28T16:07:53.228328+00:00,14.5,5.3,0,15.5,14.5,0,NONE,SHIFT_C (22:00-06:00),0.93
IMO9301544,HMM Panamax 1544,HMM,Panamax,3402,280.6,10.0,B-04,3,2024-10-03T17:53:40.380628+00:00,2024-10-03T19:05:40.380628+00:00,2024-10-05T09:23:40.380628+00:00,16.5,8.7,0,38.1,38.3,0,NONE,SHIFT_B (14:00-22:00),1.2
IMO9301545,Evergreen Handymax 1545,Evergreen,Handymax,3450,189.9,8.6,B-09,2,2026-08-12T12:26:50.259830+00:00,2026-08-12T12:26:50.259830+00:00,2026-08-13T13:38:50.259830+00:00,11.7,13.7,0,24.9,25.2,0,NONE,SHIFT_A (06:00-14:00),0.0
IMO9301546,X-Press Feeders Panamax 1546,X-Press Feeders,Panamax,3668,223.7,10.1,B-04,3,2024-09-29T00:58:31.816459+00:00,2024-09-29T01:28:31.816459+00:00,2024-09-30T07:04:31.816459+00:00,12.6,9.1,0,29.5,29.6,0,NONE,SHIFT_C (22:00-06:00),0.5
IMO9301547,CMA CGM ULCV 1547,CMA CGM,ULCV,14216,369.0,15.1,B-01,4,2026-02-15T21:43:56.407891+00:00,2026-02-16T01:48:44.407891+00:00,2026-02-18T22:54:44.407891+00:00,13.2,10.0,0,61.1,69.1,480,WEATHER,SHIFT_C (22:00-06:00),4.08
IMO9301548,KMTC Post-Panamax 1548,KMTC,Post-Panamax,9678,302.3,14.0,B-02,4,2025-03-19T23:02:29.198623+00:00,2025-03-20T00:27:05.198623+00:00,2025-03-21T18:39:05.198623+00:00,13.5,28.8,1,40.8,42.2,86,CRANE_OUTAGE,SHIFT_C (22:00-06:00),1.41
IMO9301549,HMM Post-Panamax 1549,HMM,Post-Panamax,10322,304.9,13.8,B-05,3,2026-01-24T17:08:24.357492+00:00,2026-01-24T18:23:24.357492+00:00,2026-01-26T18:11:24.357492+00:00,14.7,7.1,0,47.8,47.8,0,NONE,SHIFT_B (14:00-22:00),1.25
IMO9301550,Maersk Post-Panamax 1550,Maersk,Post-Panamax,10829,323.6,12.8,B-04,3,2025-09-07T04:21:56.704459+00:00,2025-09-07T06:45:20.704459+00:00,2025-09-09T11:57:20.704459+00:00,15.8,1.4,0,50.3,53.2,176,CRANE_OUTAGE,SHIFT_A (06:00-14:00),2.39
IMO9301551,KMTC Panamax 1551,KMTC,Panamax,5097,227.4,10.1,B-04,3,2025-03-06T13:12:25.456633+00:00,2025-03-06T13:12:25.456633+00:00,2025-03-08T05:00:25.456633+00:00,15.1,7.3,0,33.4,39.8,384,CRANE_OUTAGE,SHIFT_A (06:00-14:00),0.0
IMO9301552,HMM ULCV 1552,HMM,ULCV,22773,382.4,16.0,B-01,4,2025-10-04T02:33:41.722343+00:00,2025-10-04T05:15:41.722343+00:00,2025-10-06T16:21:41.722343+00:00,16.2,23.6,1,58.5,59.1,0,NONE,SHIFT_C (22:00-06:00),2.7
IMO9301553,ZIM Feeder 1553,ZIM,Feeder,2267,162.8,8.7,B-10,2,2025-12-28T14:29:16.496466+00:00,2025-12-28T14:51:28.496466+00:00,2025-12-29T16:09:28.496466+00:00,17.4,15.2,0,21.8,25.3,210,CRANE_OUTAGE,SHIFT_B (14:00-22:00),0.37
IMO9301554,Hapag-Lloyd Feeder 1554,Hapag-Lloyd,Feeder,1181,142.8,8.0,B-08,2,2024-10-20T01:37:35.759839+00:00,2024-10-20T02:41:11.759839+00:00,2024-10-20T19:23:11.759839+00:00,11.8,7.1,0,16.5,16.7,0,NONE,SHIFT_C (22:00-06:00),1.06
IMO9301555,PIL Handymax 1555,PIL,Handymax,3364,213.9,9.1,B-09,2,2026-09-03T20:21:10.156732+00:00,2026-09-03T22:50:34.156732+00:00,2026-09-04T19:26:34.156732+00:00,11.9,12.4,0,20.1,20.6,0,NONE,SHIFT_C (22:00-06:00),2.49
IMO9301556,PIL Neo-Panamax 1556,PIL,Neo-Panamax,11163,358.1,15.4,B-01,4,2026-01-29T14:36:32.320999+00:00,2026-01-29T17:14:56.320999+00:00,2026-01-31T14:14:56.320999+00:00,17.1,20.5,0,46.0,45.0,0,NONE,SHIFT_B (14:00-22:00),2.64
IMO9301557,ONE Neo-Panamax 1557,ONE,Neo-Panamax,14281,345.1,13.6,B-02,4,2024-12-14T19:43:16.061068+00:00,2024-12-14T22:24:40.061068+00:00,2024-12-17T06:18:40.061068+00:00,17.4,19.7,0,49.5,55.9,385,WEATHER,SHIFT_C (22:00-06:00),2.69
IMO9301558,ZIM Feeder 1558,ZIM,Feeder,820,160.2,7.6,B-09,2,2024-11-30T08:51:51.258315+00:00,2024-11-30T09:05:03.258315+00:00,2024-12-01T05:23:03.258315+00:00,11.9,20.6,0,16.1,20.3,251,WEATHER,SHIFT_A (06:00-14:00),0.22
IMO9301559,MSC Neo-Panamax 1559,MSC,Neo-Panamax,10583,343.8,14.2,B-02,4,2025-10-10T12:08:03.563008+00:00,2025-10-10T12:33:15.563008+00:00,2025-10-12T16:21:15.563008+00:00,17.0,16.3,0,48.7,51.8,185,CRANE_OUTAGE,SHIFT_A (06:00-14:00),0.42
IMO9301560,Wan Hai Feeder 1560,Wan Hai,Feeder,991,144.0,8.4,B-08,2,2026-01-26T17:34:44.089184+00:00,2026-01-26T19:43:08.089184+00:00,2026-01-27T12:31:08.089184+00:00,15.6,23.0,0,17.3,16.8,0,NONE,SHIFT_B (14:00-22:00),2.14
IMO9301561,OOCL ULCV 1561,OOCL,ULCV,20954,383.2,16.1,B-01,4,2026-01-30T21:38:07.795997+00:00,2026-01-30T22:57:19.795997+00:00,2026-02-02T20:45:19.795997+00:00,16.1,20.7,0,70.0,69.8,0,NONE,SHIFT_C (22:00-06:00),1.32
IMO9301562,COSCO Panamax 1562,COSCO,Panamax,5038,229.4,11.2,B-04,3,2026-01-15T13:40:26.722906+00:00,2026-01-15T16:59:02.722906+00:00,2026-01-17T06:59:02.722906+00:00,11.5,10.4,0,37.8,38.0,0,NONE,SHIFT_B (14:00-22:00),3.31
IMO9301563,Evergreen Panamax 1563,Evergreen,Panamax,3628,235.9,10.8,B-06,3,2025-03-01T02:28:37.404825+00:00,2025-03-01T04:32:13.404825+00:00,2025-03-02T10:26:13.404825+00:00,11.8,36.3,1,30.1,29.9,0,NONE,SHIFT_C (22:00-06:00),2.06
IMO9301564,ONE Feeder 1564,ONE,Feeder,1050,133.7,8.3,B-09,2,2025-12-15T16:44:24.500476+00:00,2025-12-15T18:20:24.500476+00:00,2025-12-16T09:56:24.500476+00:00,13.2,10.5,0,16.2,15.6,0,NONE,SHIFT_B (14:00-22:00),1.6
IMO9301565,MSC Post-Panamax 1565,MSC,Post-Panamax,9014,310.8,13.5,B-02,4,2025-09-01T19:01:39.810361+00:00,2025-09-01T21:59:51.810361+00:00,2025-09-04T07:23:51.810361+00:00,10.8,11.2,0,49.9,57.4,451,WEATHER,SHIFT_B (14:00-22:00),2.97
IMO9301566,Evergreen Panamax 1566,Evergreen,Panamax,3707,246.8,10.3,B-06,3,2026-03-15T10:17:59.951039+00:00,2026-03-15T12:20:59.951039+00:00,2026-03-16T16:50:59.951039+00:00,13.8,20.9,0,28.7,28.5,0,NONE,SHIFT_A (06:00-14:00),2.05
IMO9301567,ZIM Panamax 1567,ZIM,Panamax,4755,289.8,10.9,B-06,3,2026-06-12T06:05:37.213801+00:00,2026-06-12T06:05:37.213801+00:00,2026-06-14T02:47:37.213801+00:00,15.8,19.2,0,37.2,44.7,451,WEATHER,SHIFT_A (06:00-14:00),0.0
IMO9301568,Wan Hai Feeder 1568,Wan Hai,Feeder,1621,142.5,8.4,B-09,2,2025-11-21T17:48:15.065375+00:00,2025-11-21T21:26:39.065375+00:00,2025-11-22T15:14:39.065375+00:00,13.5,7.6,0,17.5,17.8,0,NONE,SHIFT_B (14:00-22:00),3.64
IMO9301569,MSC Neo-Panamax 1569,MSC,Neo-Panamax,10247,350.6,14.8,B-02,4,2025-09-11T04:36:48.575811+00:00,2025-09-11T11:50:36.575811+00:00,2025-09-13T19:38:36.575811+00:00,12.3,17.1,1,56.4,55.8,0,NONE,SHIFT_A (06:00-14:00),7.23
IMO9301570,Maersk Feeder 1570,Maersk,Feeder,2036,171.2,9.4,B-08,2,2025-10-11T22:46:13.997144+00:00,2025-10-12T00:22:13.997144+00:00,2025-10-12T13:46:13.997144+00:00,14.3,16.8,0,12.9,13.4,0,NONE,SHIFT_C (22:00-06:00),1.6
IMO9301571,HMM Panamax 1571,HMM,Panamax,4317,274.4,10.6,B-07,3,2025-10-29T05:46:53.281749+00:00,2025-10-29T07:01:53.281749+00:00,2025-10-30T11:37:53.281749+00:00,12.4,25.4,0,28.8,28.6,0,NONE,SHIFT_A (06:00-14:00),1.25
IMO9301572,Maersk Feeder 1572,Maersk,Feeder,1331,144.5,9.0,B-08,2,2025-01-18T03:34:27.459559+00:00,2025-01-18T04:49:27.459559+00:00,2025-01-18T20:43:27.459559+00:00,16.4,14.8,0,15.6,15.9,0,NONE,SHIFT_C (22:00-06:00),1.25
IMO9301573,Evergreen Feeder 1573,Evergreen,Feeder,1787,140.5,8.6,B-08,2,2026-07-03T14:46:43.597223+00:00,2026-07-03T17:34:43.597223+00:00,2026-07-04T13:46:43.597223+00:00,15.4,12.7,0,20.3,20.2,0,NONE,SHIFT_B (14:00-22:00),2.8
IMO9301574,MSC Panamax 1574,MSC,Panamax,4523,274.6,10.3,B-04,3,2026-02-22T06:47:39.502708+00:00,2026-02-22T08:03:51.502708+00:00,2026-02-23T17:51:51.502708+00:00,12.6,23.6,0,34.5,33.8,0,NONE,SHIFT_A (06:00-14:00),1.27
IMO9301575,KMTC Feeder 1575,KMTC,Feeder,1997,187.3,7.0,B-08,2,2026-05-06T12:09:10.384151+00:00,2026-05-06T17:52:22.384151+00:00,2026-05-07T22:16:22.384151+00:00,8.2,38.3,1,26.1,28.4,139,YARD_CONGESTION,SHIFT_B (14:00-22:00),5.720000000000001
IMO9301576,HMM Post-Panamax 1576,HMM,Post-Panamax,9959,324.8,12.7,B-05,3,2026-08-30T23:57:57.066868+00:00,2026-08-31T01:37:33.066868+00:00,2026-09-02T01:37:33.066868+00:00,10.8,5.5,0,48.6,48.0,0,NONE,SHIFT_C (22:00-06:00),1.66
IMO9301577,X-Press Feeders ULCV 1577,X-Press Feeders,ULCV,14644,397.4,15.4,B-02,4,2025-05-13T03:28:21.493760+00:00,2025-05-13T05:16:21.493760+00:00,2025-05-16T03:16:21.493760+00:00,14.0,9.1,1,66.0,70.0,237,YARD_CONGESTION,SHIFT_C (22:00-06:00),1.8
IMO9301578,COSCO Panamax 1578,COSCO,Panamax,4141,280.4,10.9,B-07,3,2025-11-10T11:20:52.260408+00:00,2025-11-10T12:37:40.260408+00:00,2025-11-11T20:01:40.260408+00:00,12.4,10.0,0,30.5,31.4,53,PILOT_UNAVAILABLE,SHIFT_A (06:00-14:00),1.28
IMO9301579,Wan Hai Post-Panamax 1579,Wan Hai,Post-Panamax,9365,313.0,12.8,B-05,3,2025-04-12T00:10:14.439754+00:00,2025-04-12T02:17:26.439754+00:00,2025-04-13T18:41:26.439754+00:00,12.4,6.7,0,40.6,40.4,0,NONE,SHIFT_C (22:00-06:00),2.12
IMO9301580,OOCL Feeder 1580,OOCL,Feeder,1127,140.8,9.2,B-10,2,2026-06-25T08:57:17.734422+00:00,2026-06-25T09:15:53.734422+00:00,2026-06-26T06:57:53.734422+00:00,14.2,13.0,0,19.1,21.7,154,PILOT_UNAVAILABLE,SHIFT_A (06:00-14:00),0.31
IMO9301581,KMTC Feeder 1581,KMTC,Feeder,2122,173.1,8.1,B-09,2,2025-02-02T06:28:06.416478+00:00,2025-02-02T07:17:18.416478+00:00,2025-02-03T00:59:18.416478+00:00,14.8,18.3,0,17.6,17.7,0,NONE,SHIFT_A (06:00-14:00),0.82
IMO9301582,PIL Panamax 1582,PIL,Panamax,5071,221.6,11.4,B-07,3,2026-02-13T08:37:40.025870+00:00,2026-02-13T11:11:52.025870+00:00,2026-02-14T09:17:52.025870+00:00,14.4,1.2,0,20.9,22.1,71,CRANE_OUTAGE,SHIFT_A (06:00-14:00),2.57
IMO9301583,Maersk Feeder 1583,Maersk,Feeder,1957,169.9,9.3,B-08,2,2025-07-17T01:32:50.893222+00:00,2025-07-17T03:44:50.893222+00:00,2025-07-18T01:56:50.893222+00:00,17.2,26.5,0,19.4,22.2,166,YARD_CONGESTION,SHIFT_C (22:00-06:00),2.2
IMO9301584,HMM Panamax 1584,HMM,Panamax,3141,238.1,11.1,B-05,3,2026-05-16T10:55:48.281220+00:00,2026-05-16T10:55:48.281220+00:00,2026-05-17T18:55:48.281220+00:00,15.8,8.1,0,31.3,32.0,0,NONE,SHIFT_A (06:00-14:00),0.0
IMO9301585,CMA CGM Feeder 1585,CMA CGM,Feeder,2135,132.4,9.0,B-09,2,2026-01-13T15:17:13.231463+00:00,2026-01-13T17:44:13.231463+00:00,2026-01-14T12:50:13.231463+00:00,14.4,25.5,0,18.8,19.1,0,NONE,SHIFT_B (14:00-22:00),2.45
IMO9301586,Yang Ming Neo-Panamax 1586,Yang Ming,Neo-Panamax,14541,362.2,14.7,B-03,4,2026-02-25T05:49:07.520353+00:00,2026-02-25T08:44:19.520353+00:00,2026-02-27T12:08:19.520353+00:00,14.5,21.8,0,48.1,51.4,195,YARD_CONGESTION,SHIFT_A (06:00-14:00),2.92
IMO9301587,X-Press Feeders Neo-Panamax 1587,X-Press Feeders,Neo-Panamax,11083,363.9,14.7,B-01,4,2025-02-11T01:25:58.711359+00:00,2025-02-11T03:40:22.711359+00:00,2025-02-13T09:52:22.711359+00:00,14.9,20.6,0,52.3,54.2,113,PILOT_UNAVAILABLE,SHIFT_C (22:00-06:00),2.24
IMO9301588,CMA CGM Post-Panamax 1588,CMA CGM,Post-Panamax,10139,308.1,13.7,B-03,4,2025-03-26T13:57:17.790658+00:00,2025-03-26T16:27:17.790658+00:00,2025-03-28T12:15:17.790658+00:00,16.6,13.1,0,43.1,43.8,0,NONE,SHIFT_B (14:00-22:00),2.5
IMO9301589,Yang Ming Feeder 1589,Yang Ming,Feeder,954,188.0,8.0,B-09,2,2025-10-22T08:48:17.693924+00:00,2025-10-22T09:39:53.693924+00:00,2025-10-23T09:21:53.693924+00:00,13.7,5.3,0,19.9,23.7,227,WEATHER,SHIFT_A (06:00-14:00),0.86
IMO9301590,ONE Panamax 1590,ONE,Panamax,3400,283.1,10.7,B-05,3,2026-05-11T02:07:57.034023+00:00,2026-05-11T03:39:09.034023+00:00,2026-05-12T10:27:09.034023+00:00,14.3,14.2,0,30.5,30.8,0,NONE,SHIFT_C (22:00-06:00),1.52
IMO9301591,KMTC Feeder 1591,KMTC,Feeder,1452,181.3,7.7,B-08,2,2025-05-25T17:09:48.379908+00:00,2025-05-25T17:09:48.379908+00:00,2025-05-26T21:51:48.379908+00:00,14.3,10.3,0,22.4,28.7,377,CRANE_OUTAGE,SHIFT_B (14:00-22:00),0.0
IMO9301592,SITC Panamax 1592,SITC,Panamax,3018,276.6,10.5,B-05,3,2025-05-31T10:11:07.660979+00:00,2025-05-31T12:26:43.660979+00:00,2025-06-01T17:44:43.660979+00:00,15.8,25.3,0,30.2,29.3,0,NONE,SHIFT_A (06:00-14:00),2.26
IMO9301593,COSCO Feeder 1593,COSCO,Feeder,1479,133.8,8.7,B-09,2,2026-09-11T00:51:36.957269+00:00,2026-09-11T03:48:36.957269+00:00,2026-09-12T01:06:36.957269+00:00,15.2,21.5,0,21.1,21.3,0,NONE,SHIFT_C (22:00-06:00),2.95
IMO9301594,SITC Feeder 1594,SITC,Feeder,2106,159.1,8.5,B-08,2,2026-03-14T10:40:28.387447+00:00,2026-03-14T12:32:40.387447+00:00,2026-03-15T08:44:40.387447+00:00,16.4,17.4,0,21.0,20.2,0,NONE,SHIFT_A (06:00-14:00),1.87
IMO9301595,Yang Ming ULCV 1595,Yang Ming,ULCV,19264,390.1,15.0,B-03,4,2024-11-16T18:33:56.284262+00:00,2024-11-16T20:45:20.284262+00:00,2024-11-19T10:03:20.284262+00:00,12.2,20.5,0,61.5,61.3,0,NONE,SHIFT_B (14:00-22:00),2.19
IMO9301596,ONE Panamax 1596,ONE,Panamax,3696,287.3,11.8,B-07,3,2026-01-06T06:30:09.395943+00:00,2026-01-06T09:18:45.395943+00:00,2026-01-07T16:48:45.395943+00:00,14.0,12.4,0,31.2,31.5,0,NONE,SHIFT_A (06:00-14:00),2.81
IMO9301597,KMTC Post-Panamax 1597,KMTC,Post-Panamax,9232,313.7,14.3,B-05,3,2025-03-01T22:28:08.208171+00:00,2025-03-01T23:05:20.208171+00:00,2025-03-04T04:53:20.208171+00:00,16.2,8.9,0,46.3,53.8,448,WEATHER,SHIFT_C (22:00-06:00),0.62
IMO9301598,OOCL Panamax 1598,OOCL,Panamax,3073,229.4,11.6,B-06,3,2025-12-05T21:28:20.070971+00:00,2025-12-05T22:09:44.070971+00:00,2025-12-07T04:27:44.070971+00:00,13.6,7.2,0,30.9,30.3,0,NONE,SHIFT_C (22:00-06:00),0.69
IMO9301599,Wan Hai Post-Panamax 1599,Wan Hai,Post-Panamax,9709,336.9,12.7,B-02,4,2025-08-14T12:53:20.801718+00:00,2025-08-14T15:28:44.801718+00:00,2025-08-16T22:52:44.801718+00:00,17.7,2.1,0,48.7,55.4,399,CRANE_OUTAGE,SHIFT_B (14:00-22:00),2.59
IMO9301600,X-Press Feeders ULCV 1600,X-Press Feeders,ULCV,18913,371.7,16.3,B-02,4,2026-05-17T08:30:16.388063+00:00,2026-05-17T09:57:16.388063+00:00,2026-05-20T06:21:16.388063+00:00,14.5,13.5,0,67.9,68.4,0,NONE,SHIFT_A (06:00-14:00),1.45
IMO9301601,Evergreen Feeder 1601,Evergreen,Feeder,1388,144.7,7.7,B-10,2,2025-08-01T14:57:13.978380+00:00,2025-08-01T14:57:13.978380+00:00,2025-08-02T13:27:13.978380+00:00,12.7,17.4,0,17.2,22.5,317,WEATHER,SHIFT_B (14:00-22:00),0.0
IMO9301602,KMTC Feeder 1602,KMTC,Feeder,1501,153.9,7.7,B-08,2,2024-10-25T09:29:34.972940+00:00,2024-10-25T10:03:46.972940+00:00,2024-10-26T12:21:46.972940+00:00,14.7,12.5,0,19.3,26.3,421,WEATHER,SHIFT_A (06:00-14:00),0.57
IMO9301603,Yang Ming Feeder 1603,Yang Ming,Feeder,2357,166.9,7.1,B-08,2,2025-07-31T12:39:07.981824+00:00,2025-07-31T14:27:43.981824+00:00,2025-08-01T11:51:43.981824+00:00,17.6,16.0,0,19.1,21.4,137,WEATHER,SHIFT_B (14:00-22:00),1.81
IMO9301604,Yang Ming Feeder 1604,Yang Ming,Feeder,895,152.9,7.0,B-09,2,2024-10-23T19:12:05.164070+00:00,2024-10-23T21:38:29.164070+00:00,2024-10-24T17:50:29.164070+00:00,15.8,28.2,1,20.5,20.2,0,NONE,SHIFT_B (14:00-22:00),2.44
IMO9301605,KMTC Panamax 1605,KMTC,Panamax,4785,278.2,10.1,B-05,3,2025-12-10T21:56:18.079510+00:00,2025-12-10T23:34:42.079510+00:00,2025-12-12T11:28:42.079510+00:00,16.7,28.8,1,36.6,35.9,0,NONE,SHIFT_C (22:00-06:00),1.64
IMO9301606,CMA CGM Handymax 1606,CMA CGM,Handymax,2300,197.8,9.6,B-07,3,2025-05-21T17:53:52.564428+00:00,2025-05-21T19:48:28.564428+00:00,2025-05-22T17:24:28.564428+00:00,15.3,9.2,0,22.6,21.6,0,NONE,SHIFT_B (14:00-22:00),1.91
IMO9301607,HMM ULCV 1607,HMM,ULCV,21131,375.6,14.7,B-02,4,2026-06-11T10:55:24.906582+00:00,2026-06-11T12:25:24.906582+00:00,2026-06-14T00:25:24.906582+00:00,15.3,12.3,0,60.7,60.0,0,NONE,SHIFT_A (06:00-14:00),1.5
IMO9301608,X-Press Feeders Panamax 1608,X-Press Feeders,Panamax,4721,256.6,11.0,B-04,3,2025-11-18T13:27:51.621218+00:00,2025-11-18T16:30:15.621218+00:00,2025-11-19T20:42:15.621218+00:00,15.1,19.4,0,27.4,28.2,0,NONE,SHIFT_B (14:00-22:00),3.04
IMO9301609,KMTC Post-Panamax 1609,KMTC,Post-Panamax,9286,340.4,13.4,B-01,4,2025-09-15T02:07:37.076785+00:00,2025-09-15T02:07:37.076785+00:00,2025-09-16T17:55:37.076785+00:00,16.8,23.6,0,40.3,39.8,0,NONE,SHIFT_C (22:00-06:00),0.0
IMO9301610,Evergreen Feeder 1610,Evergreen,Feeder,1430,147.2,7.5,B-09,2,2025-03-12T02:11:54.387147+00:00,2025-03-12T03:51:30.387147+00:00,2025-03-12T22:45:30.387147+00:00,13.2,5.7,0,18.5,18.9,0,NONE,SHIFT_C (22:00-06:00),1.66
IMO9301611,X-Press Feeders Post-Panamax 1611,X-Press Feeders,Post-Panamax,6588,328.6,13.4,B-02,4,2026-01-02T22:17:17.488977+00:00,2026-01-02T23:05:17.488977+00:00,2026-01-04T16:05:17.488977+00:00,16.6,20.8,0,41.0,41.0,0,NONE,SHIFT_C (22:00-06:00),0.8
IMO9301612,SITC Handymax 1612,SITC,Handymax,3446,186.9,9.8,B-08,2,2026-08-03T16:42:52.085832+00:00,2026-08-03T18:51:16.085832+00:00,2026-08-04T18:27:16.085832+00:00,16.8,2.4,0,23.0,23.6,0,NONE,SHIFT_B (14:00-22:00),2.14
IMO9301613,Wan Hai Panamax 1613,Wan Hai,Panamax,3714,253.7,11.9,B-04,3,2025-12-10T23:47:39.938429+00:00,2025-12-11T01:10:27.938429+00:00,2025-12-12T14:46:27.938429+00:00,16.1,17.1,0,38.2,37.6,0,NONE,SHIFT_C (22:00-06:00),1.38
IMO9301614,HMM Panamax 1614,HMM,Panamax,5001,267.0,10.1,B-07,3,2025-04-05T21:11:31.199966+00:00,2025-04-05T22:43:55.199966+00:00,2025-04-07T08:37:55.199966+00:00,10.2,11.1,0,34.4,33.9,0,NONE,SHIFT_C (22:00-06:00),1.54
IMO9301615,X-Press Feeders Panamax 1615,X-Press Feeders,Panamax,4848,270.9,10.2,B-06,3,2024-12-25T02:57:37.280037+00:00,2024-12-25T04:01:13.280037+00:00,2024-12-26T10:31:13.280037+00:00,16.4,14.6,0,30.5,30.5,0,NONE,SHIFT_C (22:00-06:00),1.06
IMO9301616,CMA CGM Post-Panamax 1616,CMA CGM,Post-Panamax,7213,318.4,13.1,B-05,3,2025-12-23T23:26:39.297177+00:00,2025-12-24T00:02:03.297177+00:00,2025-12-25T21:38:03.297177+00:00,14.1,15.6,0,45.8,45.6,0,NONE,SHIFT_C (22:00-06:00),0.59
IMO9301617,Evergreen Neo-Panamax 1617,Evergreen,Neo-Panamax,14235,355.0,13.7,B-02,4,2026-01-20T11:52:03.460915+00:00,2026-01-20T12:54:27.460915+00:00,2026-01-22T13:18:27.460915+00:00,12.0,23.6,0,48.7,48.4,0,NONE,SHIFT_A (06:00-14:00),1.04
IMO9301618,MSC Neo-Panamax 1618,MSC,Neo-Panamax,12031,348.8,13.6,B-02,4,2026-03-10T01:40:20.706558+00:00,2026-03-10T04:58:20.706558+00:00,2026-03-12T08:58:20.706558+00:00,13.3,13.8,0,51.8,52.0,0,NONE,SHIFT_C (22:00-06:00),3.3
IMO9301619,Maersk Post-Panamax 1619,Maersk,Post-Panamax,7485,340.9,13.4,B-05,3,2024-11-15T21:03:55.307330+00:00,2024-11-15T22:36:19.307330+00:00,2024-11-18T03:42:19.307330+00:00,15.5,13.5,0,52.7,53.1,0,NONE,SHIFT_C (22:00-06:00),1.54
IMO9301620,SITC Panamax 1620,SITC,Panamax,4347,255.6,11.0,B-05,3,2025-09-21T17:15:48.980809+00:00,2025-09-21T17:15:48.980809+00:00,2025-09-22T21:51:48.980809+00:00,11.7,11.9,0,28.2,28.6,0,NONE,SHIFT_B (14:00-22:00),0.0
IMO9301621,ONE Panamax 1621,ONE,Panamax,5109,241.3,11.6,B-07,3,2024-10-07T17:45:52.318512+00:00,2024-10-07T21:24:16.318512+00:00,2024-10-09T07:54:16.318512+00:00,15.0,22.3,0,27.6,34.5,416,WEATHER,SHIFT_B (14:00-22:00),3.64
IMO9301622,Hapag-Lloyd Handymax 1622,Hapag-Lloyd,Handymax,2932,185.6,8.8,B-06,3,2026-03-13T09:55:20.209637+00:00,2026-03-13T09:55:20.209637+00:00,2026-03-14T12:31:20.209637+00:00,12.0,24.3,0,26.0,26.6,0,NONE,SHIFT_A (06:00-14:00),0.0
IMO9301623,SITC Post-Panamax 1623,SITC,Post-Panamax,8030,301.5,13.3,B-01,4,2025-03-18T12:54:10.484971+00:00,2025-03-18T13:38:34.484971+00:00,2025-03-20T08:44:34.484971+00:00,15.1,28.1,1,42.4,43.1,0,NONE,SHIFT_A (06:00-14:00),0.74
IMO9301624,Evergreen Panamax 1624,Evergreen,Panamax,3328,273.7,11.0,B-05,3,2025-09-30T05:46:25.274163+00:00,2025-09-30T05:46:25.274163+00:00,2025-10-01T17:46:25.274163+00:00,13.1,16.5,0,33.5,36.0,149,YARD_CONGESTION,SHIFT_C (22:00-06:00),0.0
IMO9301625,Yang Ming Post-Panamax 1625,Yang Ming,Post-Panamax,6549,323.2,13.4,B-05,3,2025-11-17T21:56:37.866659+00:00,2025-11-18T00:33:13.866659+00:00,2025-11-19T21:09:13.866659+00:00,12.3,8.4,0,44.3,44.6,0,NONE,SHIFT_C (22:00-06:00),2.61
IMO9301626,Yang Ming Panamax 1626,Yang Ming,Panamax,3972,288.1,10.2,B-06,3,2026-02-12T13:02:28.483838+00:00,2026-02-12T17:19:52.483838+00:00,2026-02-14T00:43:52.483838+00:00,11.5,35.9,1,31.6,31.4,0,NONE,SHIFT_B (14:00-22:00),4.29
IMO9301627,X-Press Feeders Feeder 1627,X-Press Feeders,Feeder,1496,165.9,7.2,B-10,2,2025-11-06T04:27:56.703599+00:00,2025-11-06T06:15:56.703599+00:00,2025-11-07T05:51:56.703599+00:00,14.5,17.5,0,23.0,23.6,0,NONE,SHIFT_A (06:00-14:00),1.8
IMO9301628,HMM Post-Panamax 1628,HMM,Post-Panamax,6944,332.9,13.0,B-02,4,2025-03-03T22:49:18.575387+00:00,2025-03-04T03:35:30.575387+00:00,2025-03-06T02:29:30.575387+00:00,14.8,19.4,0,44.9,46.9,117,CRANE_OUTAGE,SHIFT_C (22:00-06:00),4.77
IMO9301629,Maersk Panamax 1629,Maersk,Panamax,4110,247.0,10.8,B-05,3,2025-05-18T12:07:12.877222+00:00,2025-05-18T12:29:24.877222+00:00,2025-05-19T20:29:24.877222+00:00,16.7,16.9,0,32.3,32.0,0,NONE,SHIFT_A (06:00-14:00),0.37
IMO9301630,Hapag-Lloyd Neo-Panamax 1630,Hapag-Lloyd,Neo-Panamax,10763,363.4,14.8,B-02,4,2026-09-17T02:57:15.777426+00:00,2026-09-17T02:57:15.777426+00:00,2026-09-19T04:27:15.777426+00:00,14.6,28.8,1,49.4,49.5,0,NONE,SHIFT_C (22:00-06:00),0.0
IMO9301631,ZIM Feeder 1631,ZIM,Feeder,1216,132.6,9.2,B-08,2,2025-09-13T22:50:10.260772+00:00,2025-09-13T23:14:46.260772+00:00,2025-09-14T17:50:46.260772+00:00,14.0,26.2,0,19.3,18.6,0,NONE,SHIFT_C (22:00-06:00),0.41
IMO9301632,KMTC Feeder 1632,KMTC,Feeder,2377,163.0,8.6,B-09,2,2025-01-26T21:27:38.092841+00:00,2025-01-26T22:46:14.092841+00:00,2025-01-27T23:10:14.092841+00:00,12.5,23.8,0,23.3,24.4,69,CRANE_OUTAGE,SHIFT_C (22:00-06:00),1.31
IMO9301633,Wan Hai Panamax 1633,Wan Hai,Panamax,4912,286.6,10.4,B-06,3,2026-07-16T06:41:15.209848+00:00,2026-07-16T08:10:39.209848+00:00,2026-07-17T17:58:39.209848+00:00,14.6,28.6,1,29.8,33.8,242,YARD_CONGESTION,SHIFT_A (06:00-14:00),1.49
IMO9301634,Evergreen Neo-Panamax 1634,Evergreen,Neo-Panamax,11084,360.8,14.3,B-01,4,2025-08-13T02:00:17.686697+00:00,2025-08-13T02:00:17.686697+00:00,2025-08-15T01:48:17.686697+00:00,15.2,15.8,0,48.7,47.8,0,NONE,SHIFT_C (22:00-06:00),0.0
IMO9301635,Evergreen Post-Panamax 1635,Evergreen,Post-Panamax,8667,349.7,13.3,B-03,4,2026-03-08T09:42:24.273117+00:00,2026-03-08T10:34:00.273117+00:00,2026-03-10T21:46:00.273117+00:00,16.6,18.0,0,47.9,59.2,676,TIDAL_WINDOW_MISSED,SHIFT_A (06:00-14:00),0.86
IMO9301636,CMA CGM Neo-Panamax 1636,CMA CGM,Neo-Panamax,12418,344.6,15.0,B-03,4,2024-11-17T17:26:11.015024+00:00,2024-11-17T20:10:35.015024+00:00,2024-11-19T21:40:35.015024+00:00,15.4,7.7,1,49.4,49.5,0,NONE,SHIFT_B (14:00-22:00),2.74
IMO9301637,Hapag-Lloyd ULCV 1637,Hapag-Lloyd,ULCV,18073,398.5,15.4,B-01,4,2026-05-09T18:33:50.910493+00:00,2026-05-09T20:26:38.910493+00:00,2026-05-12T11:32:38.910493+00:00,13.2,13.4,0,62.7,63.1,0,NONE,SHIFT_B (14:00-22:00),1.88
IMO9301638,ZIM Feeder 1638,ZIM,Feeder,2366,144.5,7.8,B-10,2,2026-02-08T07:59:32.945244+00:00,2026-02-08T09:01:20.945244+00:00,2026-02-09T07:43:20.945244+00:00,15.0,12.3,0,22.3,22.7,0,NONE,SHIFT_A (06:00-14:00),1.03
IMO9301639,SITC Post-Panamax 1639,SITC,Post-Panamax,8780,339.5,14.1,B-01,4,2024-10-19T14:55:49.512630+00:00,2024-10-19T17:12:01.512630+00:00,2024-10-21T19:12:01.512630+00:00,12.1,10.7,0,50.4,50.0,0,NONE,SHIFT_B (14:00-22:00),2.27
IMO9301640,SITC Post-Panamax 1640,SITC,Post-Panamax,9526,349.9,13.0,B-03,4,2024-11-11T12:31:16.893658+00:00,2024-11-11T12:57:40.893658+00:00,2024-11-13T13:39:40.893658+00:00,15.2,13.3,0,48.9,48.7,0,NONE,SHIFT_A (06:00-14:00),0.44
IMO9301641,SITC Handymax 1641,SITC,Handymax,3083,204.2,10.1,B-09,2,2026-02-26T01:23:15.256383+00:00,2026-02-26T03:16:03.256383+00:00,2026-02-27T13:22:03.256383+00:00,15.3,11.5,0,26.9,34.1,431,WEATHER,SHIFT_C (22:00-06:00),1.88
IMO9301642,Hapag-Lloyd Neo-Panamax 1642,Hapag-Lloyd,Neo-Panamax,11523,359.5,15.4,B-03,4,2025-09-05T20:26:38.044506+00:00,2025-09-05T20:26:38.044506+00:00,2025-09-07T23:02:38.044506+00:00,13.6,8.7,0,50.9,50.6,0,NONE,SHIFT_B (14:00-22:00),0.0
IMO9301643,KMTC ULCV 1643,KMTC,ULCV,20176,372.0,16.3,B-03,4,2024-10-09T06:47:56.724397+00:00,2024-10-09T10:14:20.724397+00:00,2024-10-12T11:20:20.724397+00:00,12.1,18.6,1,71.3,73.1,108,PILOT_UNAVAILABLE,SHIFT_A (06:00-14:00),3.44
IMO9301644,OOCL Feeder 1644,OOCL,Feeder,1854,181.9,8.0,B-09,2,2025-04-25T06:06:33.806976+00:00,2025-04-25T06:43:09.806976+00:00,2025-04-26T05:19:09.806976+00:00,16.0,14.3,0,23.1,22.6,0,NONE,SHIFT_A (06:00-14:00),0.61
IMO9301645,Evergreen Feeder 1645,Evergreen,Feeder,2453,132.9,9.4,B-09,2,2024-12-13T01:51:00.855181+00:00,2024-12-13T03:39:36.855181+00:00,2024-12-13T22:27:36.855181+00:00,13.8,9.1,0,17.1,18.8,103,CRANE_OUTAGE,SHIFT_C (22:00-06:00),1.81
IMO9301646,Hapag-Lloyd Feeder 1646,Hapag-Lloyd,Feeder,936,154.1,7.1,B-09,2,2026-02-16T03:18:47.005800+00:00,2026-02-16T04:09:47.005800+00:00,2026-02-16T21:03:47.005800+00:00,13.4,18.5,0,16.4,16.9,0,NONE,SHIFT_C (22:00-06:00),0.85
IMO9301647,CMA CGM Post-Panamax 1647,CMA CGM,Post-Panamax,8358,347.8,13.1,B-01,4,2024-12-30T16:52:29.773917+00:00,2024-12-30T18:27:53.773917+00:00,2025-01-02T00:51:53.773917+00:00,12.2,9.5,0,48.7,54.4,343,WEATHER,SHIFT_B (14:00-22:00),1.59
IMO9301648,OOCL Handymax 1648,OOCL,Handymax,3106,185.3,10.0,B-09,2,2025-06-11T12:24:46.792252+00:00,2025-06-11T14:10:22.792252+00:00,2025-06-12T22:46:22.792252+00:00,13.7,23.4,0,25.1,32.6,447,WEATHER,SHIFT_B (14:00-22:00),1.76
IMO9301649,Maersk Feeder 1649,Maersk,Feeder,2129,149.8,9.4,B-08,2,2026-08-09T04:05:26.358220+00:00,2026-08-09T05:45:02.358220+00:00,2026-08-09T22:03:02.358220+00:00,16.0,9.8,0,16.2,16.3,0,NONE,SHIFT_C (22:00-06:00),1.66
IMO9301650,HMM Post-Panamax 1650,HMM,Post-Panamax,7524,327.9,13.7,B-05,3,2024-11-10T17:36:52.064031+00:00,2024-11-10T18:26:40.064031+00:00,2024-11-12T20:32:40.064031+00:00,9.9,23.3,0,43.1,50.1,422,WEATHER,SHIFT_B (14:00-22:00),0.83
IMO9301651,PIL ULCV 1651,PIL,ULCV,14070,379.7,14.8,B-01,4,2025-10-12T05:48:13.562948+00:00,2025-10-12T06:32:37.562948+00:00,2025-10-14T09:50:37.562948+00:00,16.4,1.2,0,51.7,51.3,0,NONE,SHIFT_A (06:00-14:00),0.74
IMO9301652,ZIM Panamax 1652,ZIM,Panamax,4015,279.5,10.0,B-06,3,2025-09-30T02:04:13.502082+00:00,2025-09-30T05:54:01.502082+00:00,2025-10-01T15:18:01.502082+00:00,15.2,7.1,0,34.1,33.4,0,NONE,SHIFT_C (22:00-06:00),3.83
IMO9301653,Wan Hai Post-Panamax 1653,Wan Hai,Post-Panamax,6924,342.5,12.7,B-04,3,2025-09-30T11:44:59.061031+00:00,2025-09-30T13:31:11.061031+00:00,2025-10-02T14:01:11.061031+00:00,15.5,15.2,0,48.1,48.5,0,NONE,SHIFT_A (06:00-14:00),1.77
IMO9301654,Evergreen Post-Panamax 1654,Evergreen,Post-Panamax,9232,348.3,12.8,B-05,3,2025-03-31T17:21:07.395105+00:00,2025-03-31T18:52:19.395105+00:00,2025-04-02T10:46:19.395105+00:00,14.1,17.0,0,40.6,39.9,0,NONE,SHIFT_B (14:00-22:00),1.52
IMO9301655,ONE Panamax 1655,ONE,Panamax,4203,240.9,10.4,B-06,3,2026-03-04T06:37:11.856673+00:00,2026-03-04T06:41:23.856673+00:00,2026-03-05T14:53:23.856673+00:00,15.2,0.3,0,31.5,32.2,0,NONE,SHIFT_A (06:00-14:00),0.07
IMO9301656,Hapag-Lloyd Panamax 1656,Hapag-Lloyd,Panamax,3269,274.2,10.6,B-04,3,2025-05-08T09:53:42.840939+00:00,2025-05-08T11:44:42.840939+00:00,2025-05-10T01:38:42.840939+00:00,13.1,14.7,0,37.5,37.9,0,NONE,SHIFT_A (06:00-14:00),1.85
IMO9301657,PIL Panamax 1657,PIL,Panamax,3681,226.3,11.4,B-06,3,2026-07-23T17:35:22.057980+00:00,2026-07-23T18:59:58.057980+00:00,2026-07-25T07:41:58.057980+00:00,15.4,10.3,0,30.9,36.7,350,WEATHER,SHIFT_B (14:00-22:00),1.41
IMO9301658,PIL Feeder 1658,PIL,Feeder,2308,162.7,7.2,B-08,2,2026-01-30T06:01:52.772326+00:00,2026-01-30T07:37:52.772326+00:00,2026-01-31T05:55:52.772326+00:00,14.3,23.5,0,22.1,22.3,0,NONE,SHIFT_A (06:00-14:00),1.6
IMO9301659,COSCO Feeder 1659,COSCO,Feeder,1807,185.3,7.1,B-09,2,2026-09-16T05:53:05.818164+00:00,2026-09-16T07:32:41.818164+00:00,2026-09-17T02:44:41.818164+00:00,16.8,25.9,0,19.6,19.2,0,NONE,SHIFT_A (06:00-14:00),1.66
IMO9301660,Maersk Panamax 1660,Maersk,Panamax,3612,289.6,10.5,B-05,3,2026-07-21T14:10:01.238801+00:00,2026-07-21T14:10:01.238801+00:00,2026-07-22T17:16:01.238801+00:00,13.5,16.0,0,27.8,27.1,0,NONE,SHIFT_B (14:00-22:00),0.0
IMO9301661,MSC ULCV 1661,MSC,ULCV,22912,374.1,15.2,B-03,4,2025-12-04T20:34:42.403444+00:00,2025-12-05T01:10:42.403444+00:00,2025-12-07T09:28:42.403444+00:00,13.7,19.4,1,56.7,56.3,0,NONE,SHIFT_C (22:00-06:00),4.6
IMO9301662,Wan Hai Panamax 1662,Wan Hai,Panamax,4157,226.3,11.8,B-07,3,2025-04-25T20:17:47.299599+00:00,2025-04-25T22:18:59.299599+00:00,2025-04-27T10:54:59.299599+00:00,14.9,9.3,0,34.5,36.6,127,CRANE_OUTAGE,SHIFT_C (22:00-06:00),2.02
IMO9301663,ONE Feeder 1663,ONE,Feeder,1339,166.3,8.2,B-08,2,2025-09-21T04:12:20.560216+00:00,2025-09-21T05:16:32.560216+00:00,2025-09-22T05:16:32.560216+00:00,14.5,21.4,0,17.9,24.0,369,CRANE_OUTAGE,SHIFT_C (22:00-06:00),1.07
IMO9301664,MSC Panamax 1664,MSC,Panamax,3481,261.8,10.1,B-04,3,2025-08-25T00:57:47.233707+00:00,2025-08-25T03:33:47.233707+00:00,2025-08-26T04:09:47.233707+00:00,13.2,20.2,0,25.2,24.6,0,NONE,SHIFT_C (22:00-06:00),2.6
IMO9301665,Hapag-Lloyd Feeder 1665,Hapag-Lloyd,Feeder,997,178.6,7.9,B-09,2,2025-08-27T17:30:09.936054+00:00,2025-08-27T17:30:09.936054+00:00,2025-08-28T14:24:09.936054+00:00,13.7,12.1,0,19.0,20.9,117,CRANE_OUTAGE,SHIFT_B (14:00-22:00),0.0
IMO9301666,X-Press Feeders Panamax 1666,X-Press Feeders,Panamax,3650,222.3,12.0,B-05,3,2026-09-05T04:00:58.057947+00:00,2026-09-05T04:28:34.057947+00:00,2026-09-06T10:10:34.057947+00:00,16.7,9.7,0,29.0,29.7,0,NONE,SHIFT_C (22:00-06:00),0.46
IMO9301667,HMM Handymax 1667,HMM,Handymax,2116,191.9,10.3,B-07,3,2024-11-26T07:08:31.201624+00:00,2024-11-26T08:49:55.201624+00:00,2024-11-27T14:07:55.201624+00:00,14.1,20.9,0,22.9,29.3,383,WEATHER,SHIFT_A (06:00-14:00),1.69
IMO9301668,Yang Ming Handymax 1668,Yang Ming,Handymax,2995,203.1,9.6,B-09,2,2024-09-30T06:20:13.352903+00:00,2024-09-30T10:10:37.352903+00:00,2024-10-01T17:10:37.352903+00:00,13.4,7.4,0,25.1,31.0,355,CRANE_OUTAGE,SHIFT_A (06:00-14:00),3.84
IMO9301669,Maersk Handymax 1669,Maersk,Handymax,2282,194.5,10.9,B-09,2,2026-07-27T04:12:33.160198+00:00,2026-07-27T05:15:33.160198+00:00,2026-07-28T08:09:33.160198+00:00,14.4,12.8,0,26.3,26.9,0,NONE,SHIFT_C (22:00-06:00),1.05
IMO9301670,MSC Panamax 1670,MSC,Panamax,4611,243.1,11.6,B-05,3,2026-08-19T07:14:44.327780+00:00,2026-08-19T07:14:44.327780+00:00,2026-08-20T15:44:44.327780+00:00,14.3,13.2,0,32.2,32.5,0,NONE,SHIFT_A (06:00-14:00),0.0
IMO9301671,CMA CGM Neo-Panamax 1671,CMA CGM,Neo-Panamax,10065,356.8,14.4,B-03,4,2025-08-22T01:00:09.617697+00:00,2025-08-22T04:44:33.617697+00:00,2025-08-23T19:56:33.617697+00:00,17.0,17.0,0,38.9,39.2,0,NONE,SHIFT_C (22:00-06:00),3.74
IMO9301672,Hapag-Lloyd Panamax 1672,Hapag-Lloyd,Panamax,4074,245.5,10.0,B-06,3,2026-05-27T10:39:59.539303+00:00,2026-05-27T10:39:59.539303+00:00,2026-05-28T16:51:59.539303+00:00,17.3,9.1,0,29.9,30.2,0,NONE,SHIFT_A (06:00-14:00),0.0
IMO9301673,COSCO Handymax 1673,COSCO,Handymax,2803,203.0,10.6,B-06,3,2026-08-13T12:56:44.386510+00:00,2026-08-13T14:42:56.386510+00:00,2026-08-14T22:54:56.386510+00:00,12.6,7.4,0,26.5,32.2,342,WEATHER,SHIFT_B (14:00-22:00),1.77
IMO9301674,Wan Hai ULCV 1674,Wan Hai,ULCV,23675,374.8,15.0,B-01,4,2026-08-17T15:16:25.838801+00:00,2026-08-17T16:36:49.838801+00:00,2026-08-20T05:24:49.838801+00:00,12.3,11.0,0,58.1,60.8,160,YARD_CONGESTION,SHIFT_B (14:00-22:00),1.34
IMO9301675,COSCO Panamax 1675,COSCO,Panamax,3494,259.0,11.3,B-07,3,2026-01-10T21:31:30.374175+00:00,2026-01-10T23:00:54.374175+00:00,2026-01-12T10:00:54.374175+00:00,15.5,25.6,0,35.3,35.0,0,NONE,SHIFT_C (22:00-06:00),1.49
IMO9301676,PIL Neo-Panamax 1676,PIL,Neo-Panamax,14055,343.9,14.5,B-01,4,2026-02-03T14:44:16.448701+00:00,2026-02-03T14:53:16.448701+00:00,2026-02-05T20:29:16.448701+00:00,19.2,13.4,0,53.1,53.6,0,NONE,SHIFT_B (14:00-22:00),0.15
IMO9301677,ZIM Neo-Panamax 1677,ZIM,Neo-Panamax,10085,354.1,13.6,B-02,4,2025-10-30T04:36:41.797300+00:00,2025-10-30T05:09:41.797300+00:00,2025-11-01T07:39:41.797300+00:00,12.2,26.4,0,49.7,50.5,0,NONE,SHIFT_C (22:00-06:00),0.55
IMO9301678,PIL Handymax 1678,PIL,Handymax,2407,181.1,9.4,B-06,3,2026-07-31T08:43:27.932220+00:00,2026-07-31T10:59:39.932220+00:00,2026-08-01T04:47:39.932220+00:00,13.8,9.8,0,17.3,17.8,0,NONE,SHIFT_A (06:00-14:00),2.27
IMO9301679,MSC Handymax 1679,MSC,Handymax,2126,193.9,9.6,B-08,2,2026-06-17T09:42:05.049167+00:00,2026-06-17T12:04:53.049167+00:00,2026-06-18T10:58:53.049167+00:00,15.2,10.1,0,22.6,22.9,0,NONE,SHIFT_A (06:00-14:00),2.38
IMO9301680,PIL ULCV 1680,PIL,ULCV,19240,373.3,15.9,B-03,4,2024-11-11T14:16:00.510178+00:00,2024-11-11T17:22:00.510178+00:00,2024-11-14T15:58:00.510178+00:00,13.7,27.3,0,70.3,70.6,0,NONE,SHIFT_B (14:00-22:00),3.1
IMO9301681,X-Press Feeders Post-Panamax 1681,X-Press Feeders,Post-Panamax,8960,321.7,14.0,B-04,3,2025-07-27T08:13:40.344026+00:00,2025-07-27T08:31:04.344026+00:00,2025-07-29T13:07:04.344026+00:00,15.3,7.2,0,47.4,52.6,313,CRANE_OUTAGE,SHIFT_A (06:00-14:00),0.29
IMO9301682,SITC Handymax 1682,SITC,Handymax,2766,195.8,10.9,B-09,2,2026-08-13T19:12:47.807878+00:00,2026-08-13T22:06:47.807878+00:00,2026-08-15T02:30:47.807878+00:00,14.6,8.8,0,28.5,28.4,0,NONE,SHIFT_C (22:00-06:00),2.9
IMO9301683,HMM Post-Panamax 1683,HMM,Post-Panamax,7321,312.2,12.5,B-05,3,2026-05-07T15:17:44.926253+00:00,2026-05-07T17:37:32.926253+00:00,2026-05-09T18:13:32.926253+00:00,14.8,15.0,0,48.3,48.6,0,NONE,SHIFT_B (14:00-22:00),2.33
IMO9301684,ONE Post-Panamax 1684,ONE,Post-Panamax,9816,339.3,12.8,B-03,4,2026-03-15T18:39:21.392195+00:00,2026-03-15T22:17:45.392195+00:00,2026-03-17T19:11:45.392195+00:00,13.6,8.8,0,45.6,44.9,0,NONE,SHIFT_C (22:00-06:00),3.64
IMO9301685,SITC Handymax 1685,SITC,Handymax,3336,195.0,10.6,B-07,3,2026-03-16T08:16:47.143958+00:00,2026-03-16T08:16:47.143958+00:00,2026-03-17T07:22:47.143958+00:00,16.0,17.8,0,23.5,23.1,0,NONE,SHIFT_A (06:00-14:00),0.0
IMO9301686,Hapag-Lloyd Feeder 1686,Hapag-Lloyd,Feeder,1978,144.3,7.5,B-08,2,2026-03-21T07:51:45.660354+00:00,2026-03-21T11:13:21.660354+00:00,2026-03-22T06:25:21.660354+00:00,14.2,36.6,1,19.7,19.2,0,NONE,SHIFT_A (06:00-14:00),3.36
IMO9301687,ZIM Feeder 1687,ZIM,Feeder,2010,159.7,7.2,B-10,2,2026-06-02T17:23:43.226349+00:00,2026-06-02T17:29:43.226349+00:00,2026-06-03T13:23:43.226349+00:00,12.5,14.9,0,20.4,19.9,0,NONE,SHIFT_B (14:00-22:00),0.1
IMO9301688,X-Press Feeders Handymax 1688,X-Press Feeders,Handymax,2662,182.3,10.8,B-09,2,2025-08-05T05:21:25.783333+00:00,2025-08-05T05:21:25.783333+00:00,2025-08-06T05:57:25.783333+00:00,16.6,17.5,0,25.5,24.6,0,NONE,SHIFT_C (22:00-06:00),0.0
IMO9301689,X-Press Feeders Post-Panamax 1689,X-Press Feeders,Post-Panamax,8248,339.4,14.5,B-02,4,2026-05-08T13:48:18.865287+00:00,2026-05-08T15:03:18.865287+00:00,2026-05-10T14:45:18.865287+00:00,8.8,20.2,0,47.9,47.7,0,NONE,SHIFT_B (14:00-22:00),1.25
IMO9301690,CMA CGM Feeder 1690,CMA CGM,Feeder,2233,154.9,8.8,B-08,2,2024-10-31T02:27:10.578786+00:00,2024-10-31T04:49:22.578786+00:00,2024-11-01T06:13:22.578786+00:00,13.9,13.3,0,20.9,25.4,271,YARD_CONGESTION,SHIFT_C (22:00-06:00),2.37
IMO9301691,PIL Feeder 1691,PIL,Feeder,870,133.1,7.9,B-09,2,2025-07-03T03:34:12.987755+00:00,2025-07-03T06:11:24.987755+00:00,2025-07-04T06:59:24.987755+00:00,16.4,11.4,0,17.9,24.8,417,WEATHER,SHIFT_A (06:00-14:00),2.62
IMO9301692,ZIM Panamax 1692,ZIM,Panamax,5031,271.0,10.3,B-06,3,2026-09-04T20:52:53.602060+00:00,2026-09-04T22:30:05.602060+00:00,2026-09-06T08:12:05.602060+00:00,11.6,18.4,0,34.4,33.7,0,NONE,SHIFT_C (22:00-06:00),1.62
IMO9301693,Hapag-Lloyd Panamax 1693,Hapag-Lloyd,Panamax,4760,246.0,11.9,B-05,3,2026-09-08T06:12:01.795599+00:00,2026-09-08T08:26:25.795599+00:00,2026-09-09T06:56:25.795599+00:00,15.2,8.9,0,22.1,22.5,0,NONE,SHIFT_A (06:00-14:00),2.24
IMO9301694,HMM ULCV 1694,HMM,ULCV,18632,398.2,16.0,B-03,4,2025-10-30T23:29:12.842372+00:00,2025-10-31T00:40:36.842372+00:00,2025-11-02T20:04:36.842372+00:00,13.8,11.6,0,62.5,67.4,293,YARD_CONGESTION,SHIFT_C (22:00-06:00),1.19
IMO9301695,HMM Post-Panamax 1695,HMM,Post-Panamax,7133,342.1,13.7,B-03,4,2025-07-14T09:18:23.053367+00:00,2025-07-14T10:21:23.053367+00:00,2025-07-16T06:39:23.053367+00:00,12.7,17.1,0,43.7,44.3,0,NONE,SHIFT_A (06:00-14:00),1.05
IMO9301696,ONE Panamax 1696,ONE,Panamax,4787,230.0,10.8,B-06,3,2026-04-15T10:14:18.994621+00:00,2026-04-15T10:59:54.994621+00:00,2026-04-17T01:11:54.994621+00:00,14.9,7.4,0,36.6,38.2,96,YARD_CONGESTION,SHIFT_A (06:00-14:00),0.76
IMO9301697,Evergreen Feeder 1697,Evergreen,Feeder,1892,173.1,8.5,B-10,2,2026-07-26T11:40:37.105034+00:00,2026-07-26T13:39:25.105034+00:00,2026-07-27T05:15:25.105034+00:00,13.9,17.6,0,16.6,15.6,0,NONE,SHIFT_A (06:00-14:00),1.98
IMO9301698,SITC Feeder 1698,SITC,Feeder,1134,156.2,8.7,B-08,2,2024-12-02T17:04:58.074551+00:00,2024-12-02T17:55:58.074551+00:00,2024-12-03T11:43:58.074551+00:00,17.3,22.9,0,17.9,17.8,0,NONE,SHIFT_B (14:00-22:00),0.85
IMO9301699,Evergreen Feeder 1699,Evergreen,Feeder,2328,150.5,8.8,B-10,2,2025-05-05T08:25:07.345589+00:00,2025-05-05T11:20:19.345589+00:00,2025-05-06T09:26:19.345589+00:00,15.3,15.3,0,22.2,22.1,0,NONE,SHIFT_A (06:00-14:00),2.92
IMO9301700,OOCL Panamax 1700,OOCL,Panamax,4188,224.0,11.3,B-04,3,2025-12-13T01:33:38.295409+00:00,2025-12-13T04:52:14.295409+00:00,2025-12-14T03:22:14.295409+00:00,12.8,4.6,0,22.2,22.5,0,NONE,SHIFT_C (22:00-06:00),3.31
IMO9301701,PIL Panamax 1701,PIL,Panamax,5197,248.1,10.9,B-06,3,2025-12-10T13:25:50.562400+00:00,2025-12-10T15:21:02.562400+00:00,2025-12-12T01:33:02.562400+00:00,12.9,13.8,0,29.4,34.2,288,WEATHER,SHIFT_B (14:00-22:00),1.92
IMO9301702,Yang Ming Feeder 1702,Yang Ming,Feeder,1710,188.3,9.1,B-08,2,2026-04-26T07:48:28.499559+00:00,2026-04-26T09:55:04.499559+00:00,2026-04-27T04:37:04.499559+00:00,16.6,22.5,0,19.4,18.7,0,NONE,SHIFT_A (06:00-14:00),2.11
IMO9301703,X-Press Feeders Feeder 1703,X-Press Feeders,Feeder,1460,137.9,7.2,B-09,2,2024-12-09T00:11:23.961389+00:00,2024-12-09T01:08:23.961389+00:00,2024-12-09T23:14:23.961389+00:00,11.8,13.4,0,18.0,22.1,249,YARD_CONGESTION,SHIFT_C (22:00-06:00),0.95
IMO9301704,PIL Handymax 1704,PIL,Handymax,2352,215.5,9.4,B-08,2,2025-10-14T19:55:49.008687+00:00,2025-10-14T23:16:49.008687+00:00,2025-10-15T23:16:49.008687+00:00,16.3,10.7,0,24.1,24.0,0,NONE,SHIFT_C (22:00-06:00),3.35
IMO9301705,Hapag-Lloyd Post-Panamax 1705,Hapag-Lloyd,Post-Panamax,7084,314.6,12.6,B-04,3,2025-12-16T21:23:50.752984+00:00,2025-12-16T22:20:14.752984+00:00,2025-12-18T20:32:14.752984+00:00,15.4,8.5,0,46.3,46.2,0,NONE,SHIFT_C (22:00-06:00),0.94
IMO9301706,ZIM Panamax 1706,ZIM,Panamax,3826,220.3,11.6,B-05,3,2025-09-02T08:42:52.389595+00:00,2025-09-02T11:57:16.389595+00:00,2025-09-04T04:33:16.389595+00:00,14.8,27.0,0,32.0,40.6,518,WEATHER,SHIFT_A (06:00-14:00),3.24
IMO9301707,OOCL Handymax 1707,OOCL,Handymax,2926,214.7,10.3,B-06,3,2024-10-28T15:55:00.823244+00:00,2024-10-28T16:57:24.823244+00:00,2024-10-29T22:03:24.823244+00:00,14.8,17.8,0,24.8,29.1,255,YARD_CONGESTION,SHIFT_B (14:00-22:00),1.04
IMO9301708,MSC Feeder 1708,MSC,Feeder,899,177.8,7.8,B-10,2,2025-07-05T05:37:58.184011+00:00,2025-07-05T06:49:22.184011+00:00,2025-07-06T03:13:22.184011+00:00,16.9,15.9,0,19.1,20.4,80,YARD_CONGESTION,SHIFT_A (06:00-14:00),1.19
IMO9301709,Maersk Feeder 1709,Maersk,Feeder,935,165.0,8.1,B-10,2,2025-10-10T23:11:57.564112+00:00,2025-10-10T23:11:57.564112+00:00,2025-10-11T19:47:57.564112+00:00,14.8,23.0,0,16.2,20.6,262,WEATHER,SHIFT_C (22:00-06:00),0.0
IMO9301710,HMM ULCV 1710,HMM,ULCV,23984,369.7,15.2,B-02,4,2025-09-04T06:35:38.191144+00:00,2025-09-04T07:23:02.191144+00:00,2025-09-07T08:35:02.191144+00:00,12.9,11.2,0,65.3,73.2,474,WEATHER,SHIFT_A (06:00-14:00),0.79
IMO9301711,ZIM Post-Panamax 1711,ZIM,Post-Panamax,6616,349.4,14.4,B-05,3,2026-01-29T14:22:01.367614+00:00,2026-01-29T14:22:01.367614+00:00,2026-01-31T08:46:01.367614+00:00,11.1,16.7,0,42.3,42.4,0,NONE,SHIFT_B (14:00-22:00),0.0
IMO9301712,Hapag-Lloyd Panamax 1712,Hapag-Lloyd,Panamax,3690,266.1,10.9,B-06,3,2026-03-07T17:27:05.405964+00:00,2026-03-07T17:27:05.405964+00:00,2026-03-08T23:39:05.405964+00:00,14.7,18.4,0,31.0,30.2,0,NONE,SHIFT_B (14:00-22:00),0.0
IMO9301713,Hapag-Lloyd Neo-Panamax 1713,Hapag-Lloyd,Neo-Panamax,10143,348.6,14.1,B-02,4,2026-05-03T14:34:26.826757+00:00,2026-05-03T15:26:02.826757+00:00,2026-05-05T19:08:02.826757+00:00,15.0,6.4,0,51.7,51.7,0,NONE,SHIFT_B (14:00-22:00),0.86
IMO9301714,PIL Panamax 1714,PIL,Panamax,4264,286.9,10.2,B-04,3,2025-09-13T17:31:14.521028+00:00,2025-09-13T17:34:14.521028+00:00,2025-09-15T08:28:14.521028+00:00,14.1,13.8,0,39.6,38.9,0,NONE,SHIFT_B (14:00-22:00),0.05
IMO9301715,Hapag-Lloyd Feeder 1715,Hapag-Lloyd,Feeder,2113,180.3,7.8,B-10,2,2024-12-28T11:44:44.356331+00:00,2024-12-28T12:11:08.356331+00:00,2024-12-29T04:53:08.356331+00:00,11.4,10.8,0,17.3,16.7,0,NONE,SHIFT_A (06:00-14:00),0.44
IMO9301716,KMTC ULCV 1716,KMTC,ULCV,22988,367.1,15.8,B-02,4,2025-04-20T17:02:44.192132+00:00,2025-04-20T18:11:44.192132+00:00,2025-04-23T16:05:44.192132+00:00,12.7,21.1,1,67.4,69.9,152,YARD_CONGESTION,SHIFT_B (14:00-22:00),1.15
IMO9301717,SITC Feeder 1717,SITC,Feeder,1625,141.5,7.0,B-08,2,2025-01-19T08:07:57.602964+00:00,2025-01-19T09:46:57.602964+00:00,2025-01-20T13:22:57.602964+00:00,19.1,27.1,0,19.3,27.6,498,WEATHER,SHIFT_A (06:00-14:00),1.65
IMO9301718,SITC Post-Panamax 1718,SITC,Post-Panamax,7701,327.0,12.8,B-04,3,2025-02-02T19:08:41.862804+00:00,2025-02-02T20:29:05.862804+00:00,2025-02-04T17:41:05.862804+00:00,12.8,23.1,0,44.7,45.2,0,NONE,SHIFT_B (14:00-22:00),1.34
IMO9301719,Hapag-Lloyd ULCV 1719,Hapag-Lloyd,ULCV,16366,374.0,15.4,B-01,4,2025-06-04T19:11:56.016622+00:00,2025-06-04T21:01:08.016622+00:00,2025-06-07T16:19:08.016622+00:00,16.2,29.3,1,67.5,67.3,0,NONE,SHIFT_B (14:00-22:00),1.82
IMO9301720,MSC Post-Panamax 1720,MSC,Post-Panamax,10009,301.8,14.1,B-03,4,2025-02-02T08:53:55.534835+00:00,2025-02-02T11:27:31.534835+00:00,2025-02-04T03:57:31.534835+00:00,13.9,25.0,0,40.3,40.5,0,NONE,SHIFT_A (06:00-14:00),2.56
IMO9301721,SITC Panamax 1721,SITC,Panamax,4062,288.9,11.2,B-04,3,2025-06-23T23:16:42.312307+00:00,2025-06-23T23:29:18.312307+00:00,2025-06-25T15:11:18.312307+00:00,15.2,11.5,0,30.8,39.7,532,WEATHER,SHIFT_C (22:00-06:00),0.21
IMO9301722,MSC Panamax 1722,MSC,Panamax,4895,279.0,11.5,B-04,3,2026-01-07T09:13:47.291882+00:00,2026-01-07T11:15:35.291882+00:00,2026-01-08T18:57:35.291882+00:00,13.9,5.3,0,32.0,31.7,0,NONE,SHIFT_A (06:00-14:00),2.03
IMO9301723,X-Press Feeders ULCV 1723,X-Press Feeders,ULCV,17442,371.7,16.2,B-03,4,2026-03-12T12:58:46.905980+00:00,2026-03-12T13:09:34.905980+00:00,2026-03-15T13:39:34.905980+00:00,14.4,15.7,0,73.2,72.5,0,NONE,SHIFT_A (06:00-14:00),0.18
IMO9301724,COSCO Panamax 1724,COSCO,Panamax,3114,232.6,11.9,B-06,3,2025-04-05T00:40:05.452145+00:00,2025-04-05T02:11:53.452145+00:00,2025-04-06T12:41:53.452145+00:00,14.8,16.2,0,30.5,34.5,243,YARD_CONGESTION,SHIFT_C (22:00-06:00),1.53
IMO9301725,COSCO Neo-Panamax 1725,COSCO,Neo-Panamax,10217,353.3,13.8,B-03,4,2025-01-30T18:46:17.778931+00:00,2025-01-30T22:23:29.778931+00:00,2025-02-02T07:35:29.778931+00:00,14.6,20.0,0,56.1,57.2,69,YARD_CONGESTION,SHIFT_C (22:00-06:00),3.62
IMO9301726,Hapag-Lloyd Panamax 1726,Hapag-Lloyd,Panamax,3589,235.4,11.6,B-07,3,2025-08-16T02:21:31.508503+00:00,2025-08-16T02:22:43.508503+00:00,2025-08-17T18:34:43.508503+00:00,15.1,26.0,0,39.5,40.2,0,NONE,SHIFT_C (22:00-06:00),0.02
IMO9301727,ZIM Panamax 1727,ZIM,Panamax,3189,262.5,10.9,B-05,3,2025-04-22T13:39:20.378895+00:00,2025-04-22T17:15:56.378895+00:00,2025-04-24T04:51:56.378895+00:00,15.1,14.4,0,26.7,35.6,532,WEATHER,SHIFT_B (14:00-22:00),3.61
IMO9301728,ONE Feeder 1728,ONE,Feeder,827,150.3,8.7,B-09,2,2025-11-03T23:27:11.869320+00:00,2025-11-03T23:27:11.869320+00:00,2025-11-04T16:33:11.869320+00:00,14.8,20.6,0,14.2,17.1,171,CRANE_OUTAGE,SHIFT_C (22:00-06:00),0.0
IMO9301729,Wan Hai Feeder 1729,Wan Hai,Feeder,2372,150.4,7.1,B-09,2,2025-11-05T14:50:23.257902+00:00,2025-11-05T17:14:59.257902+00:00,2025-11-06T11:32:59.257902+00:00,13.5,18.3,0,15.4,18.3,173,CRANE_OUTAGE,SHIFT_B (14:00-22:00),2.41
IMO9301730,HMM Panamax 1730,HMM,Panamax,5085,238.4,10.6,B-05,3,2026-07-04T20:55:57.064639+00:00,2026-07-04T22:03:09.064639+00:00,2026-07-06T10:09:09.064639+00:00,18.0,5.7,0,34.9,36.1,71,PILOT_UNAVAILABLE,SHIFT_C (22:00-06:00),1.12
IMO9301731,Yang Ming Post-Panamax 1731,Yang Ming,Post-Panamax,6903,348.9,14.1,B-02,4,2025-12-03T22:53:13.973098+00:00,2025-12-04T01:16:37.973098+00:00,2025-12-05T14:40:37.973098+00:00,14.4,17.9,0,38.3,37.4,0,NONE,SHIFT_C (22:00-06:00),2.39
IMO9301732,SITC Feeder 1732,SITC,Feeder,1714,182.7,8.1,B-10,2,2026-08-10T17:38:16.858838+00:00,2026-08-10T20:01:04.858838+00:00,2026-08-12T03:25:04.858838+00:00,15.0,25.4,0,24.5,31.4,411,WEATHER,SHIFT_B (14:00-22:00),2.38
IMO9301733,KMTC Handymax 1733,KMTC,Handymax,2968,200.5,9.2,B-08,2,2026-08-31T09:10:45.598254+00:00,2026-08-31T10:37:45.598254+00:00,2026-09-01T09:13:45.598254+00:00,13.2,21.5,0,23.6,22.6,0,NONE,SHIFT_A (06:00-14:00),1.45
IMO9301734,Hapag-Lloyd Panamax 1734,Hapag-Lloyd,Panamax,5042,262.9,11.0,B-05,3,2025-01-01T05:19:49.180756+00:00,2025-01-01T05:23:25.180756+00:00,2025-01-02T14:41:25.180756+00:00,16.1,12.4,0,30.9,33.3,142,CRANE_OUTAGE,SHIFT_C (22:00-06:00),0.06
IMO9301735,Hapag-Lloyd Panamax 1735,Hapag-Lloyd,Panamax,5085,266.4,10.5,B-07,3,2024-10-26T05:11:53.621580+00:00,2024-10-26T06:14:17.621580+00:00,2024-10-27T13:32:17.621580+00:00,13.3,4.1,0,30.6,31.3,0,NONE,SHIFT_A (06:00-14:00),1.04
IMO9301736,Evergreen Post-Panamax 1736,Evergreen,Post-Panamax,7934,349.8,13.0,B-03,4,2026-07-15T02:08:41.706713+00:00,2026-07-15T03:32:05.706713+00:00,2026-07-17T00:38:05.706713+00:00,14.4,24.3,0,44.8,45.1,0,NONE,SHIFT_C (22:00-06:00),1.39
IMO9301737,KMTC Panamax 1737,KMTC,Panamax,4911,275.8,10.0,B-05,3,2026-02-14T09:51:54.953274+00:00,2026-02-14T11:48:18.953274+00:00,2026-02-15T15:36:18.953274+00:00,11.2,19.8,0,27.7,27.8,0,NONE,SHIFT_A (06:00-14:00),1.94
IMO9301738,ZIM Handymax 1738,ZIM,Handymax,2997,206.0,10.8,B-08,2,2025-04-03T05:34:06.560225+00:00,2025-04-03T09:04:06.560225+00:00,2025-04-04T06:52:06.560225+00:00,13.0,27.6,0,22.2,21.8,0,NONE,SHIFT_A (06:00-14:00),3.5
IMO9301739,Evergreen ULCV 1739,Evergreen,ULCV,20627,368.6,15.8,B-03,4,2025-08-17T03:42:20.593191+00:00,2025-08-17T03:42:20.593191+00:00,2025-08-19T20:48:20.593191+00:00,11.1,25.9,1,65.2,65.1,0,NONE,SHIFT_C (22:00-06:00),0.0
IMO9301740,MSC Post-Panamax 1740,MSC,Post-Panamax,8166,335.3,13.0,B-04,3,2025-02-11T18:25:54.275995+00:00,2025-02-11T19:28:54.275995+00:00,2025-02-14T00:22:54.275995+00:00,14.4,11.0,0,44.1,52.9,530,WEATHER,SHIFT_B (14:00-22:00),1.05
IMO9301741,X-Press Feeders Feeder 1741,X-Press Feeders,Feeder,1294,147.3,8.6,B-08,2,2025-03-12T16:47:29.364574+00:00,2025-03-12T21:49:17.364574+00:00,2025-03-13T16:01:17.364574+00:00,11.1,30.8,1,18.5,18.2,0,NONE,SHIFT_B (14:00-22:00),5.03
IMO9301742,COSCO Post-Panamax 1742,COSCO,Post-Panamax,9589,327.9,12.9,B-04,3,2025-10-22T10:38:09.527966+00:00,2025-10-22T10:46:33.527966+00:00,2025-10-24T11:34:33.527966+00:00,13.2,17.3,0,49.7,48.8,0,NONE,SHIFT_A (06:00-14:00),0.14
IMO9301743,Wan Hai Feeder 1743,Wan Hai,Feeder,1369,174.8,9.3,B-08,2,2025-02-11T10:43:23.118838+00:00,2025-02-11T12:47:35.118838+00:00,2025-02-12T11:35:35.118838+00:00,14.0,24.0,0,20.9,22.8,113,PILOT_UNAVAILABLE,SHIFT_A (06:00-14:00),2.07
IMO9301744,MSC Panamax 1744,MSC,Panamax,4792,225.1,12.0,B-07,3,2025-08-15T18:37:54.066286+00:00,2025-08-15T22:49:18.066286+00:00,2025-08-17T07:07:18.066286+00:00,12.0,25.9,0,32.4,32.3,0,NONE,SHIFT_C (22:00-06:00),4.19
IMO9301745,CMA CGM Panamax 1745,CMA CGM,Panamax,4130,242.9,11.3,B-07,3,2026-06-23T15:05:07.796625+00:00,2026-06-23T16:22:31.796625+00:00,2026-06-25T01:22:31.796625+00:00,16.9,9.4,0,32.5,33.0,0,NONE,SHIFT_B (14:00-22:00),1.29
IMO9301746,KMTC Neo-Panamax 1746,KMTC,Neo-Panamax,13087,362.9,13.8,B-01,4,2026-07-01T00:09:02.942541+00:00,2026-07-01T00:37:50.942541+00:00,2026-07-03T04:49:50.942541+00:00,13.6,12.9,0,52.2,52.2,0,NONE,SHIFT_C (22:00-06:00),0.48
IMO9301747,PIL Post-Panamax 1747,PIL,Post-Panamax,9243,336.8,13.8,B-03,4,2025-07-25T23:13:19.574536+00:00,2025-07-26T01:33:07.574536+00:00,2025-07-27T21:27:07.574536+00:00,15.5,19.2,0,39.9,43.9,242,WEATHER,SHIFT_C (22:00-06:00),2.33
IMO9301748,Maersk Panamax 1748,Maersk,Panamax,4324,235.1,11.7,B-04,3,2024-10-18T06:01:38.166009+00:00,2024-10-18T08:52:38.166009+00:00,2024-10-19T20:46:38.166009+00:00,14.2,20.7,0,33.1,35.9,166,CRANE_OUTAGE,SHIFT_A (06:00-14:00),2.85
IMO9301749,HMM Neo-Panamax 1749,HMM,Neo-Panamax,12095,360.3,15.4,B-03,4,2025-12-04T20:45:04.063533+00:00,2025-12-04T22:55:16.063533+00:00,2025-12-07T01:07:16.063533+00:00,16.2,16.0,0,49.2,50.2,61,PILOT_UNAVAILABLE,SHIFT_C (22:00-06:00),2.17
IMO9301750,PIL Handymax 1750,PIL,Handymax,3424,191.0,10.3,B-06,3,2025-12-23T05:45:20.348699+00:00,2025-12-23T09:38:44.348699+00:00,2025-12-24T07:56:44.348699+00:00,13.5,14.9,0,23.1,22.3,0,NONE,SHIFT_A (06:00-14:00),3.89
IMO9301751,SITC Post-Panamax 1751,SITC,Post-Panamax,9095,326.3,13.4,B-02,4,2026-08-03T11:23:21.511105+00:00,2026-08-03T12:37:09.511105+00:00,2026-08-05T09:25:09.511105+00:00,14.3,2.6,0,45.0,44.8,0,NONE,SHIFT_A (06:00-14:00),1.23
IMO9301752,ONE Feeder 1752,ONE,Feeder,1565,133.1,8.3,B-10,2,2026-08-12T01:23:08.011278+00:00,2026-08-12T03:36:20.011278+00:00,2026-08-12T19:18:20.011278+00:00,13.8,6.5,0,16.1,15.7,0,NONE,SHIFT_C (22:00-06:00),2.22
IMO9301753,Wan Hai Panamax 1753,Wan Hai,Panamax,3937,226.4,10.1,B-07,3,2025-10-06T19:53:46.888723+00:00,2025-10-06T20:06:58.888723+00:00,2025-10-08T10:06:58.888723+00:00,15.8,29.2,1,38.2,38.0,0,NONE,SHIFT_B (14:00-22:00),0.22
IMO9301754,X-Press Feeders Feeder 1754,X-Press Feeders,Feeder,1416,167.9,7.8,B-08,2,2026-01-23T06:24:05.534884+00:00,2026-01-23T07:39:05.534884+00:00,2026-01-24T04:15:05.534884+00:00,16.9,14.3,0,19.6,20.6,61,CRANE_OUTAGE,SHIFT_A (06:00-14:00),1.25
IMO9301755,KMTC Feeder 1755,KMTC,Feeder,1300,179.3,8.6,B-10,2,2026-07-28T07:19:39.470480+00:00,2026-07-28T09:19:03.470480+00:00,2026-07-29T03:31:03.470480+00:00,14.1,20.7,0,19.1,18.2,0,NONE,SHIFT_A (06:00-14:00),1.99
IMO9301756,KMTC ULCV 1756,KMTC,ULCV,19490,395.7,16.5,B-03,4,2026-09-04T14:35:29.521356+00:00,2026-09-04T16:00:41.521356+00:00,2026-09-07T17:18:41.521356+00:00,16.0,11.8,0,72.9,73.3,0,NONE,SHIFT_B (14:00-22:00),1.42
IMO9301757,KMTC Feeder 1757,KMTC,Feeder,954,158.8,7.3,B-09,2,2026-01-31T02:47:42.395909+00:00,2026-01-31T03:43:30.395909+00:00,2026-02-01T00:13:30.395909+00:00,14.0,6.3,0,20.0,20.5,0,NONE,SHIFT_C (22:00-06:00),0.93
IMO9301758,Hapag-Lloyd Panamax 1758,Hapag-Lloyd,Panamax,3153,229.5,10.3,B-04,3,2024-10-05T00:06:18.072969+00:00,2024-10-05T00:21:54.072969+00:00,2024-10-06T09:27:54.072969+00:00,15.4,9.8,0,31.7,33.1,84,CRANE_OUTAGE,SHIFT_C (22:00-06:00),0.26
IMO9301759,Hapag-Lloyd Handymax 1759,Hapag-Lloyd,Handymax,3358,206.2,8.7,B-06,3,2025-01-14T08:46:34.714142+00:00,2025-01-14T10:09:58.714142+00:00,2025-01-15T11:15:58.714142+00:00,15.3,15.9,0,24.9,25.1,0,NONE,SHIFT_A (06:00-14:00),1.39
IMO9301760,X-Press Feeders Handymax 1760,X-Press Feeders,Handymax,2439,218.2,8.8,B-07,3,2026-03-27T03:49:24.458164+00:00,2026-03-27T06:03:48.458164+00:00,2026-03-28T14:33:48.458164+00:00,12.7,17.2,0,28.7,32.5,230,CRANE_OUTAGE,SHIFT_A (06:00-14:00),2.24
IMO9301761,ZIM Feeder 1761,ZIM,Feeder,2382,141.1,8.0,B-09,2,2025-07-06T17:03:36.507763+00:00,2025-07-06T18:58:48.507763+00:00,2025-07-07T11:22:48.507763+00:00,14.6,10.5,0,16.1,16.4,0,NONE,SHIFT_B (14:00-22:00),1.92
IMO9301762,PIL Post-Panamax 1762,PIL,Post-Panamax,10379,312.4,14.0,B-02,4,2026-03-03T01:50:50.441394+00:00,2026-03-03T03:38:50.441394+00:00,2026-03-04T23:26:50.441394+00:00,13.4,16.7,0,43.3,43.8,0,NONE,SHIFT_C (22:00-06:00),1.8
IMO9301763,CMA CGM Handymax 1763,CMA CGM,Handymax,2785,193.4,8.9,B-09,2,2025-12-25T07:13:45.780753+00:00,2025-12-25T07:43:45.780753+00:00,2025-12-26T08:19:45.780753+00:00,17.5,10.6,0,24.2,24.6,0,NONE,SHIFT_A (06:00-14:00),0.5
IMO9301764,MSC Neo-Panamax 1764,MSC,Neo-Panamax,12458,356.1,14.3,B-01,4,2026-03-10T08:43:05.616558+00:00,2026-03-10T09:29:17.616558+00:00,2026-03-12T23:53:17.616558+00:00,13.6,21.8,0,54.9,62.4,447,WEATHER,SHIFT_A (06:00-14:00),0.77
IMO9301765,ZIM Handymax 1765,ZIM,Handymax,2554,215.1,10.4,B-09,2,2025-11-09T16:51:13.966131+00:00,2025-11-09T18:29:01.966131+00:00,2025-11-10T16:35:01.966131+00:00,15.7,9.3,0,20.3,22.1,110,YARD_CONGESTION,SHIFT_B (14:00-22:00),1.63
IMO9301766,Wan Hai Post-Panamax 1766,Wan Hai,Post-Panamax,8159,337.4,12.8,B-04,3,2025-09-27T20:30:41.323816+00:00,2025-09-27T21:14:29.323816+00:00,2025-09-29T23:50:29.323816+00:00,14.0,17.1,0,50.4,50.6,0,NONE,SHIFT_B (14:00-22:00),0.73
IMO9301767,KMTC Neo-Panamax 1767,KMTC,Neo-Panamax,14481,364.7,15.0,B-01,4,2026-01-28T01:52:16.245736+00:00,2026-01-28T03:36:40.245736+00:00,2026-01-30T07:18:40.245736+00:00,17.1,13.5,0,52.0,51.7,0,NONE,SHIFT_C (22:00-06:00),1.74
IMO9301768,Hapag-Lloyd Feeder 1768,Hapag-Lloyd,Feeder,2108,147.8,8.2,B-08,2,2025-07-02T00:49:54.433840+00:00,2025-07-02T01:08:30.433840+00:00,2025-07-02T14:50:30.433840+00:00,14.7,20.9,0,14.5,13.7,0,NONE,SHIFT_C (22:00-06:00),0.31
IMO9301769,CMA CGM Neo-Panamax 1769,CMA CGM,Neo-Panamax,14221,342.6,15.3,B-03,4,2026-04-29T15:10:43.404767+00:00,2026-04-29T16:39:31.404767+00:00,2026-05-01T14:51:31.404767+00:00,14.6,3.3,0,46.9,46.2,0,NONE,SHIFT_B (14:00-22:00),1.48
IMO9301770,Maersk Neo-Panamax 1770,Maersk,Neo-Panamax,13470,364.5,14.0,B-02,4,2024-10-28T05:39:11.783898+00:00,2024-10-28T07:04:23.783898+00:00,2024-10-30T11:52:23.783898+00:00,18.3,26.5,0,53.3,52.8,0,NONE,SHIFT_A (06:00-14:00),1.42
IMO9301771,Hapag-Lloyd Feeder 1771,Hapag-Lloyd,Feeder,1615,188.8,9.4,B-08,2,2025-07-19T03:04:56.979166+00:00,2025-07-19T03:36:08.979166+00:00,2025-07-19T21:18:08.979166+00:00,17.5,13.2,0,17.7,17.7,0,NONE,SHIFT_C (22:00-06:00),0.52
IMO9301772,Evergreen Neo-Panamax 1772,Evergreen,Neo-Panamax,12821,350.1,14.9,B-02,4,2026-04-23T14:27:44.094770+00:00,2026-04-23T16:55:56.094770+00:00,2026-04-25T23:37:56.094770+00:00,11.6,22.9,0,54.2,54.7,0,NONE,SHIFT_B (14:00-22:00),2.47
IMO9301773,ZIM Panamax 1773,ZIM,Panamax,4074,220.8,10.8,B-04,3,2024-10-03T09:02:38.123847+00:00,2024-10-03T12:38:38.123847+00:00,2024-10-04T18:32:38.123847+00:00,16.1,19.6,0,29.8,29.9,0,NONE,SHIFT_A (06:00-14:00),3.6
IMO9301774,Maersk Panamax 1774,Maersk,Panamax,3918,248.8,11.8,B-05,3,2026-01-24T17:29:19.367879+00:00,2026-01-24T19:20:55.367879+00:00,2026-01-26T04:44:55.367879+00:00,18.9,17.3,0,33.8,33.4,0,NONE,SHIFT_B (14:00-22:00),1.86
IMO9301775,Maersk Post-Panamax 1775,Maersk,Post-Panamax,8522,305.7,14.1,B-05,3,2025-07-12T07:24:15.523911+00:00,2025-07-12T08:37:27.523911+00:00,2025-07-14T09:55:27.523911+00:00,14.0,21.0,0,47.6,49.3,100,PILOT_UNAVAILABLE,SHIFT_A (06:00-14:00),1.22
IMO9301776,KMTC Panamax 1776,KMTC,Panamax,3840,278.3,11.3,B-06,3,2025-08-30T08:16:04.181259+00:00,2025-08-30T10:20:52.181259+00:00,2025-08-31T23:20:52.181259+00:00,16.7,6.5,0,33.3,37.0,225,WEATHER,SHIFT_A (06:00-14:00),2.08
IMO9301777,MSC Feeder 1777,MSC,Feeder,1810,187.3,9.2,B-10,2,2026-04-15T09:41:17.158116+00:00,2026-04-15T13:12:29.158116+00:00,2026-04-16T08:12:29.158116+00:00,15.1,16.1,0,18.8,19.0,0,NONE,SHIFT_A (06:00-14:00),3.52
IMO9301778,CMA CGM Panamax 1778,CMA CGM,Panamax,4276,274.0,10.1,B-05,3,2024-12-14T05:08:48.336422+00:00,2024-12-14T07:04:00.336422+00:00,2024-12-15T13:40:00.336422+00:00,11.2,4.1,0,30.8,30.6,0,NONE,SHIFT_A (06:00-14:00),1.92
IMO9301779,MSC Feeder 1779,MSC,Feeder,2071,174.9,7.2,B-10,2,2026-08-20T17:20:26.060263+00:00,2026-08-20T19:31:14.060263+00:00,2026-08-21T18:37:14.060263+00:00,15.4,23.9,0,19.3,23.1,228,CRANE_OUTAGE,SHIFT_B (14:00-22:00),2.18
IMO9301780,HMM Handymax 1780,HMM,Handymax,2429,215.5,11.0,B-08,2,2026-04-29T02:16:10.757254+00:00,2026-04-29T04:47:58.757254+00:00,2026-04-30T06:35:58.757254+00:00,13.7,13.8,0,20.7,25.8,308,CRANE_OUTAGE,SHIFT_C (22:00-06:00),2.53
IMO9301781,COSCO Neo-Panamax 1781,COSCO,Neo-Panamax,10481,345.3,14.6,B-01,4,2026-01-28T02:50:22.241178+00:00,2026-01-28T02:50:22.241178+00:00,2026-01-30T17:08:22.241178+00:00,14.9,25.5,0,60.0,62.3,140,WEATHER,SHIFT_C (22:00-06:00),0.0
IMO9301782,ZIM Panamax 1782,ZIM,Panamax,3554,284.8,11.6,B-06,3,2024-12-05T03:54:44.252398+00:00,2024-12-05T07:52:20.252398+00:00,2024-12-06T16:34:20.252398+00:00,19.3,18.8,0,32.3,32.7,0,NONE,SHIFT_A (06:00-14:00),3.96
IMO9301783,CMA CGM Feeder 1783,CMA CGM,Feeder,1740,137.2,9.1,B-10,2,2026-02-14T23:58:33.363346+00:00,2026-02-15T02:47:45.363346+00:00,2026-02-16T00:29:45.363346+00:00,16.1,19.5,0,18.9,21.7,166,PILOT_UNAVAILABLE,SHIFT_C (22:00-06:00),2.82
IMO9301784,PIL Neo-Panamax 1784,PIL,Neo-Panamax,13511,352.8,14.1,B-01,4,2025-07-09T17:51:18.492747+00:00,2025-07-09T18:03:54.492747+00:00,2025-07-12T00:57:54.492747+00:00,14.7,10.0,0,49.9,54.9,300,YARD_CONGESTION,SHIFT_B (14:00-22:00),0.21
IMO9301785,COSCO Handymax 1785,COSCO,Handymax,3182,206.3,9.4,B-08,2,2026-05-19T08:34:47.428386+00:00,2026-05-19T10:11:59.428386+00:00,2026-05-20T13:53:59.428386+00:00,13.8,10.9,0,28.1,27.7,0,NONE,SHIFT_A (06:00-14:00),1.62
IMO9301786,KMTC Handymax 1786,KMTC,Handymax,3355,203.9,9.6,B-07,3,2025-12-12T15:08:39.371480+00:00,2025-12-12T17:00:51.371480+00:00,2025-12-13T19:06:51.371480+00:00,14.5,13.4,0,26.5,26.1,0,NONE,SHIFT_B (14:00-22:00),1.87
IMO9301787,OOCL Post-Panamax 1787,OOCL,Post-Panamax,6516,337.0,14.3,B-02,4,2025-06-19T17:47:59.705808+00:00,2025-06-19T18:46:11.705808+00:00,2025-06-21T15:46:11.705808+00:00,17.3,5.3,0,44.9,45.0,0,NONE,SHIFT_B (14:00-22:00),0.97
IMO9301788,PIL Panamax 1788,PIL,Panamax,5075,249.8,11.2,B-05,3,2024-10-12T05:41:07.748049+00:00,2024-10-12T05:59:07.748049+00:00,2024-10-14T00:29:07.748049+00:00,18.8,3.7,0,38.6,42.5,234,CRANE_OUTAGE,SHIFT_C (22:00-06:00),0.3
IMO9301789,PIL Panamax 1789,PIL,Panamax,3852,285.7,11.8,B-06,3,2025-12-30T05:46:05.055148+00:00,2025-12-30T05:46:05.055148+00:00,2025-12-31T15:04:05.055148+00:00,14.4,24.1,0,34.0,33.3,0,NONE,SHIFT_C (22:00-06:00),0.0
IMO9301790,PIL Panamax 1790,PIL,Panamax,4567,248.4,10.1,B-04,3,2025-10-10T09:43:14.932022+00:00,2025-10-10T13:15:02.932022+00:00,2025-10-12T04:03:02.932022+00:00,17.6,18.7,0,35.5,38.8,200,CRANE_OUTAGE,SHIFT_A (06:00-14:00),3.53
IMO9301791,Yang Ming Feeder 1791,Yang Ming,Feeder,1842,130.3,9.0,B-10,2,2024-10-30T12:59:49.863516+00:00,2024-10-30T14:01:37.863516+00:00,2024-10-31T16:49:37.863516+00:00,15.0,4.2,0,17.8,26.8,538,WEATHER,SHIFT_B (14:00-22:00),1.03
IMO9301792,KMTC Feeder 1792,KMTC,Feeder,2176,154.6,8.5,B-09,2,2024-10-07T02:50:39.404661+00:00,2024-10-07T03:12:51.404661+00:00,2024-10-07T22:12:51.404661+00:00,15.3,22.5,0,19.2,19.0,0,NONE,SHIFT_C (22:00-06:00),0.37
IMO9301793,COSCO Feeder 1793,COSCO,Feeder,2150,137.3,9.2,B-08,2,2026-06-09T10:44:39.172395+00:00,2026-06-09T13:22:27.172395+00:00,2026-06-10T07:40:27.172395+00:00,15.3,8.5,0,18.7,18.3,0,NONE,SHIFT_A (06:00-14:00),2.63
IMO9301794,ONE Feeder 1794,ONE,Feeder,2019,151.5,8.5,B-09,2,2026-08-26T04:40:34.024244+00:00,2026-08-26T06:16:34.024244+00:00,2026-08-27T01:46:34.024244+00:00,17.4,10.7,0,19.4,19.5,0,NONE,SHIFT_A (06:00-14:00),1.6
IMO9301795,PIL Feeder 1795,PIL,Feeder,1036,183.4,7.3,B-08,2,2026-01-11T11:53:00.368972+00:00,2026-01-11T16:11:36.368972+00:00,2026-01-12T14:41:36.368972+00:00,15.2,21.6,0,20.5,22.5,119,YARD_CONGESTION,SHIFT_B (14:00-22:00),4.31
IMO9301796,Hapag-Lloyd Feeder 1796,Hapag-Lloyd,Feeder,1694,185.4,7.0,B-09,2,2026-06-25T12:37:43.926015+00:00,2026-06-25T15:40:07.926015+00:00,2026-06-26T04:28:07.926015+00:00,12.2,19.6,0,13.7,12.8,0,NONE,SHIFT_B (14:00-22:00),3.04
IMO9301797,Yang Ming Post-Panamax 1797,Yang Ming,Post-Panamax,6640,301.5,14.4,B-01,4,2026-09-01T02:37:17.657366+00:00,2026-09-01T03:48:41.657366+00:00,2026-09-03T01:30:41.657366+00:00,16.9,26.8,0,45.6,45.7,0,NONE,SHIFT_C (22:00-06:00),1.19
IMO9301798,Hapag-Lloyd Neo-Panamax 1798,Hapag-Lloyd,Neo-Panamax,10783,360.5,14.5,B-03,4,2026-03-13T05:10:08.324674+00:00,2026-03-13T05:22:44.324674+00:00,2026-03-15T18:52:44.324674+00:00,12.8,14.6,0,55.1,61.5,381,CRANE_OUTAGE,SHIFT_C (22:00-06:00),0.21
IMO9301799,MSC Feeder 1799,MSC,Feeder,2180,140.5,8.6,B-10,2,2024-11-20T16:22:25.690486+00:00,2024-11-20T19:02:37.690486+00:00,2024-11-21T09:14:37.690486+00:00,16.3,21.0,0,13.5,14.2,0,NONE,SHIFT_B (14:00-22:00),2.67
IMO9301800,Yang Ming Post-Panamax 1800,Yang Ming,Post-Panamax,7445,323.2,13.7,B-02,4,2026-07-10T03:23:56.363248+00:00,2026-07-10T05:11:20.363248+00:00,2026-07-11T21:41:20.363248+00:00,11.7,23.1,0,39.8,40.5,0,NONE,SHIFT_C (22:00-06:00),1.79
IMO9301801,X-Press Feeders Neo-Panamax 1801,X-Press Feeders,Neo-Panamax,12719,355.5,13.5,B-03,4,2026-01-28T16:00:29.298297+00:00,2026-01-28T16:31:05.298297+00:00,2026-01-30T13:37:05.298297+00:00,16.2,12.7,0,44.7,45.1,0,NONE,SHIFT_B (14:00-22:00),0.51
IMO9301802,Maersk Feeder 1802,Maersk,Feeder,1680,180.0,8.5,B-10,2,2025-06-16T09:44:31.975636+00:00,2025-06-16T10:14:31.975636+00:00,2025-06-17T05:44:31.975636+00:00,13.8,19.3,0,19.5,19.5,0,NONE,SHIFT_A (06:00-14:00),0.5
IMO9301803,CMA CGM Feeder 1803,CMA CGM,Feeder,1660,173.7,8.0,B-09,2,2026-03-29T01:49:46.525228+00:00,2026-03-29T02:35:58.525228+00:00,2026-03-29T22:59:58.525228+00:00,14.9,14.1,0,20.7,20.4,0,NONE,SHIFT_C (22:00-06:00),0.77
IMO9301804,KMTC Neo-Panamax 1804,KMTC,Neo-Panamax,14814,357.3,13.6,B-03,4,2026-08-07T00:43:05.670347+00:00,2026-08-07T02:23:17.670347+00:00,2026-08-09T01:59:17.670347+00:00,13.1,12.4,0,47.3,47.6,0,NONE,SHIFT_C (22:00-06:00),1.67
IMO9301805,Evergreen Panamax 1805,Evergreen,Panamax,4211,264.8,11.7,B-06,3,2026-02-13T09:38:25.753549+00:00,2026-02-13T11:27:01.753549+00:00,2026-02-14T15:45:01.753549+00:00,12.4,26.8,0,28.8,28.3,0,NONE,SHIFT_A (06:00-14:00),1.81
IMO9301806,Hapag-Lloyd Feeder 1806,Hapag-Lloyd,Feeder,1417,184.1,7.4,B-10,2,2026-09-14T18:03:39.827477+00:00,2026-09-14T20:34:15.827477+00:00,2026-09-15T17:04:15.827477+00:00,17.0,3.8,0,20.2,20.5,0,NONE,SHIFT_B (14:00-22:00),2.51
IMO9301807,X-Press Feeders Handymax 1807,X-Press Feeders,Handymax,2692,204.0,9.3,B-08,2,2025-10-23T06:23:13.905975+00:00,2025-10-23T08:10:01.905975+00:00,2025-10-24T11:16:01.905975+00:00,12.5,3.6,0,25.5,27.1,97,WEATHER,SHIFT_A (06:00-14:00),1.78
IMO9301808,Evergreen Feeder 1808,Evergreen,Feeder,2362,152.1,7.2,B-08,2,2026-04-11T17:23:41.414017+00:00,2026-04-11T20:14:41.414017+00:00,2026-04-12T10:50:41.414017+00:00,15.3,7.7,0,15.3,14.6,0,NONE,SHIFT_B (14:00-22:00),2.85
IMO9301809,CMA CGM Feeder 1809,CMA CGM,Feeder,2459,149.3,8.3,B-08,2,2025-09-05T04:27:20.672568+00:00,2025-09-05T06:24:56.672568+00:00,2025-09-06T03:00:56.672568+00:00,15.9,26.9,0,20.0,20.6,0,NONE,SHIFT_A (06:00-14:00),1.96
IMO9301810,CMA CGM Panamax 1810,CMA CGM,Panamax,4210,251.0,10.2,B-05,3,2025-07-13T07:27:42.131290+00:00,2025-07-13T10:22:18.131290+00:00,2025-07-14T19:16:18.131290+00:00,15.3,23.3,0,32.2,32.9,0,NONE,SHIFT_A (06:00-14:00),2.91
IMO9301811,COSCO Feeder 1811,COSCO,Feeder,1160,151.6,7.6,B-09,2,2025-12-17T00:14:34.431556+00:00,2025-12-17T03:04:58.431556+00:00,2025-12-18T00:16:58.431556+00:00,17.9,23.5,0,13.3,21.2,474,WEATHER,SHIFT_C (22:00-06:00),2.84
IMO9301812,ONE Feeder 1812,ONE,Feeder,1121,137.3,7.6,B-10,2,2026-08-16T16:36:07.575695+00:00,2026-08-16T20:05:31.575695+00:00,2026-08-17T12:53:31.575695+00:00,16.1,15.9,0,17.7,16.8,0,NONE,SHIFT_B (14:00-22:00),3.49
IMO9301813,MSC Feeder 1813,MSC,Feeder,1298,136.4,7.6,B-08,2,2025-12-23T07:49:12.770372+00:00,2025-12-23T10:33:36.770372+00:00,2025-12-24T06:03:36.770372+00:00,16.9,6.0,0,19.2,19.5,0,NONE,SHIFT_A (06:00-14:00),2.74
IMO9301814,KMTC Panamax 1814,KMTC,Panamax,4394,227.0,10.3,B-07,3,2025-04-21T08:24:14.796103+00:00,2025-04-21T09:56:02.796103+00:00,2025-04-22T20:44:02.796103+00:00,14.3,19.0,0,30.8,34.8,241,CRANE_OUTAGE,SHIFT_A (06:00-14:00),1.53
IMO9301815,ZIM ULCV 1815,ZIM,ULCV,16336,366.1,15.4,B-01,4,2026-09-17T20:15:39.149594+00:00,2026-09-17T22:39:39.149594+00:00,2026-09-20T14:39:39.149594+00:00,12.9,22.5,1,63.9,64.0,0,NONE,SHIFT_C (22:00-06:00),2.4
IMO9301816,CMA CGM Panamax 1816,CMA CGM,Panamax,4806,239.9,10.8,B-06,3,2025-01-23T08:06:04.649201+00:00,2025-01-23T09:20:28.649201+00:00,2025-01-24T16:02:28.649201+00:00,14.7,14.1,0,30.3,30.7,0,NONE,SHIFT_A (06:00-14:00),1.24
IMO9301817,COSCO Feeder 1817,COSCO,Feeder,1821,185.2,8.7,B-09,2,2024-10-20T20:18:01.400970+00:00,2024-10-20T22:04:13.400970+00:00,2024-10-21T16:22:13.400970+00:00,12.9,12.2,0,16.7,18.3,94,CRANE_OUTAGE,SHIFT_C (22:00-06:00),1.77
IMO9301818,Evergreen Feeder 1818,Evergreen,Feeder,2127,163.2,9.1,B-09,2,2025-10-10T03:10:25.206778+00:00,2025-10-10T03:18:49.206778+00:00,2025-10-10T17:42:49.206778+00:00,12.8,4.9,0,15.1,14.4,0,NONE,SHIFT_C (22:00-06:00),0.14
IMO9301819,COSCO Feeder 1819,COSCO,Feeder,2192,153.4,8.6,B-09,2,2026-08-31T21:15:18.402295+00:00,2026-08-31T22:10:30.402295+00:00,2026-09-01T15:58:30.402295+00:00,13.0,13.8,0,17.9,17.8,0,NONE,SHIFT_C (22:00-06:00),0.92
IMO9301820,Hapag-Lloyd Panamax 1820,Hapag-Lloyd,Panamax,5116,225.0,10.3,B-06,3,2025-06-09T13:53:25.267755+00:00,2025-06-09T15:13:49.267755+00:00,2025-06-11T03:43:49.267755+00:00,14.9,12.6,0,36.0,36.5,0,NONE,SHIFT_B (14:00-22:00),1.34
IMO9301821,ONE Panamax 1821,ONE,Panamax,4002,221.5,10.1,B-07,3,2025-01-28T20:52:10.713040+00:00,2025-01-28T22:26:22.713040+00:00,2025-01-30T02:50:22.713040+00:00,13.2,20.9,0,27.0,28.4,82,YARD_CONGESTION,SHIFT_C (22:00-06:00),1.57
IMO9301822,HMM Feeder 1822,HMM,Feeder,2082,156.2,8.5,B-10,2,2025-01-13T13:25:50.014037+00:00,2025-01-13T14:08:26.014037+00:00,2025-01-14T20:02:26.014037+00:00,15.7,12.9,0,24.3,29.9,334,CRANE_OUTAGE,SHIFT_B (14:00-22:00),0.71
IMO9301823,COSCO Post-Panamax 1823,COSCO,Post-Panamax,10570,324.5,13.6,B-04,3,2026-01-14T18:07:14.057980+00:00,2026-01-15T00:09:02.057980+00:00,2026-01-17T01:15:02.057980+00:00,16.8,26.1,0,48.7,49.1,0,NONE,SHIFT_C (22:00-06:00),6.03
IMO9301824,Maersk Post-Panamax 1824,Maersk,Post-Panamax,7840,340.7,14.1,B-04,3,2025-12-09T11:27:13.487784+00:00,2025-12-09T12:24:49.487784+00:00,2025-12-11T14:12:49.487784+00:00,11.5,8.7,0,49.2,49.8,0,NONE,SHIFT_A (06:00-14:00),0.96
IMO9301825,Hapag-Lloyd Feeder 1825,Hapag-Lloyd,Feeder,1447,159.3,9.5,B-09,2,2026-04-12T10:56:13.200867+00:00,2026-04-12T12:07:01.200867+00:00,2026-04-13T09:07:01.200867+00:00,13.2,29.7,1,17.0,21.0,242,YARD_CONGESTION,SHIFT_A (06:00-14:00),1.18
IMO9301826,KMTC Panamax 1826,KMTC,Panamax,4202,238.2,10.9,B-07,3,2026-05-26T05:56:50.957252+00:00,2026-05-26T08:05:50.957252+00:00,2026-05-27T12:35:50.957252+00:00,15.0,10.8,0,29.3,28.5,0,NONE,SHIFT_A (06:00-14:00),2.15
IMO9301827,Hapag-Lloyd Handymax 1827,Hapag-Lloyd,Handymax,3184,192.6,10.9,B-07,3,2024-10-19T18:25:46.029676+00:00,2024-10-19T18:38:58.029676+00:00,2024-10-21T00:14:58.029676+00:00,15.4,28.0,0,25.0,29.6,275,CRANE_OUTAGE,SHIFT_B (14:00-22:00),0.22
IMO9301828,SITC Post-Panamax 1828,SITC,Post-Panamax,7969,343.8,13.9,B-05,3,2024-11-07T12:02:02.290258+00:00,2024-11-07T12:48:50.290258+00:00,2024-11-09T04:48:50.290258+00:00,13.8,20.6,0,40.6,40.0,0,NONE,SHIFT_A (06:00-14:00),0.78
IMO9301829,HMM Post-Panamax 1829,HMM,Post-Panamax,7403,343.3,12.6,B-03,4,2025-11-07T16:46:47.628761+00:00,2025-11-07T18:20:23.628761+00:00,2025-11-09T23:20:23.628761+00:00,12.8,1.5,0,48.3,53.0,281,YARD_CONGESTION,SHIFT_B (14:00-22:00),1.56
IMO9301830,Maersk Panamax 1830,Maersk,Panamax,5018,240.1,10.7,B-07,3,2025-01-08T20:58:00.659924+00:00,2025-01-08T22:47:48.659924+00:00,2025-01-10T10:59:48.659924+00:00,16.1,7.5,0,34.8,36.2,86,CRANE_OUTAGE,SHIFT_C (22:00-06:00),1.83
IMO9301831,ONE Panamax 1831,ONE,Panamax,3548,236.1,11.2,B-04,3,2026-02-19T15:40:58.094591+00:00,2026-02-19T15:40:58.094591+00:00,2026-02-21T05:34:58.094591+00:00,13.3,29.1,1,37.7,37.9,0,NONE,SHIFT_B (14:00-22:00),0.0
IMO9301832,MSC Neo-Panamax 1832,MSC,Neo-Panamax,12209,364.1,14.9,B-02,4,2026-08-03T02:41:33.680108+00:00,2026-08-03T04:10:21.680108+00:00,2026-08-05T02:10:21.680108+00:00,14.7,27.6,0,46.3,46.0,0,NONE,SHIFT_C (22:00-06:00),1.48
IMO9301833,Hapag-Lloyd Feeder 1833,Hapag-Lloyd,Feeder,2454,180.9,9.0,B-10,2,2025-11-15T10:22:17.543332+00:00,2025-11-15T11:38:29.543332+00:00,2025-11-16T15:14:29.543332+00:00,14.5,7.6,0,18.9,27.6,520,WEATHER,SHIFT_A (06:00-14:00),1.27
IMO9301834,ZIM Feeder 1834,ZIM,Feeder,1594,160.2,7.7,B-09,2,2025-03-10T20:09:57.262852+00:00,2025-03-10T21:26:45.262852+00:00,2025-03-11T23:14:45.262852+00:00,16.1,24.9,0,25.3,25.8,0,NONE,SHIFT_B (14:00-22:00),1.28
IMO9301835,X-Press Feeders Post-Panamax 1835,X-Press Feeders,Post-Panamax,7863,301.1,14.1,B-05,3,2025-07-09T16:53:34.798888+00:00,2025-07-09T16:53:34.798888+00:00,2025-07-11T15:47:34.798888+00:00,14.5,6.0,0,46.7,46.9,0,NONE,SHIFT_B (14:00-22:00),0.0
IMO9301836,ZIM Panamax 1836,ZIM,Panamax,3545,282.3,11.8,B-04,3,2025-08-09T14:44:22.231813+00:00,2025-08-09T16:58:10.231813+00:00,2025-08-11T05:40:10.231813+00:00,12.5,12.7,0,34.2,36.7,148,WEATHER,SHIFT_B (14:00-22:00),2.23
IMO9301837,Hapag-Lloyd Neo-Panamax 1837,Hapag-Lloyd,Neo-Panamax,10766,346.8,14.2,B-03,4,2024-11-17T16:01:10.396511+00:00,2024-11-17T17:12:34.396511+00:00,2024-11-20T00:18:34.396511+00:00,12.7,31.7,1,55.5,55.1,0,NONE,SHIFT_B (14:00-22:00),1.19
IMO9301838,MSC Neo-Panamax 1838,MSC,Neo-Panamax,14291,354.1,13.6,B-03,4,2025-09-16T13:06:41.505617+00:00,2025-09-16T14:42:05.505617+00:00,2025-09-18T16:24:05.505617+00:00,14.4,18.2,0,50.6,49.7,0,NONE,SHIFT_B (14:00-22:00),1.59
IMO9301839,HMM Handymax 1839,HMM,Handymax,2788,189.7,9.4,B-08,2,2026-07-25T14:38:42.771400+00:00,2026-07-25T16:12:18.771400+00:00,2026-07-26T14:54:18.771400+00:00,16.1,15.7,0,22.8,22.7,0,NONE,SHIFT_B (14:00-22:00),1.56
IMO9301840,PIL Panamax 1840,PIL,Panamax,3049,255.4,10.4,B-04,3,2024-11-23T16:16:38.800319+00:00,2024-11-23T17:20:50.800319+00:00,2024-11-25T04:26:50.800319+00:00,13.9,15.6,0,34.6,35.1,0,NONE,SHIFT_B (14:00-22:00),1.07
IMO9301841,HMM Panamax 1841,HMM,Panamax,3152,222.5,11.9,B-05,3,2024-12-17T20:25:58.355051+00:00,2024-12-17T22:09:46.355051+00:00,2024-12-19T01:21:46.355051+00:00,12.0,13.4,0,27.8,27.2,0,NONE,SHIFT_C (22:00-06:00),1.73
IMO9301842,KMTC Post-Panamax 1842,KMTC,Post-Panamax,9688,304.7,13.2,B-04,3,2024-10-12T09:17:42.393301+00:00,2024-10-12T09:44:42.393301+00:00,2024-10-14T09:38:42.393301+00:00,13.8,15.6,0,47.4,47.9,0,NONE,SHIFT_A (06:00-14:00),0.45
IMO9301843,PIL Handymax 1843,PIL,Handymax,2413,203.2,10.3,B-07,3,2026-05-26T04:25:01.044670+00:00,2026-05-26T08:37:37.044670+00:00,2026-05-27T11:49:37.044670+00:00,16.0,20.1,0,25.6,27.2,98,PILOT_UNAVAILABLE,SHIFT_A (06:00-14:00),4.21
IMO9301844,HMM Handymax 1844,HMM,Handymax,3204,194.3,9.8,B-08,2,2025-11-18T13:35:58.189437+00:00,2025-11-18T14:14:22.189437+00:00,2025-11-19T15:44:22.189437+00:00,15.5,14.0,0,26.1,25.5,0,NONE,SHIFT_B (14:00-22:00),0.64
IMO9301845,Evergreen Feeder 1845,Evergreen,Feeder,2150,146.9,8.0,B-08,2,2026-07-12T08:37:41.493152+00:00,2026-07-12T11:46:05.493152+00:00,2026-07-13T09:04:05.493152+00:00,12.9,12.0,0,21.8,21.3,0,NONE,SHIFT_A (06:00-14:00),3.14
IMO9301846,OOCL Panamax 1846,OOCL,Panamax,3829,262.3,10.4,B-04,3,2026-06-01T02:07:33.622918+00:00,2026-06-01T03:50:09.622918+00:00,2026-06-02T18:56:09.622918+00:00,15.6,15.5,0,39.2,39.1,0,NONE,SHIFT_C (22:00-06:00),1.71
IMO9301847,Yang Ming Handymax 1847,Yang Ming,Handymax,2759,190.2,8.7,B-06,3,2026-05-22T17:57:34.743326+00:00,2026-05-22T20:48:34.743326+00:00,2026-05-23T14:18:34.743326+00:00,16.0,29.1,1,17.5,17.5,0,NONE,SHIFT_B (14:00-22:00),2.85
IMO9301848,Maersk Post-Panamax 1848,Maersk,Post-Panamax,10365,326.8,13.6,B-02,4,2024-12-19T16:55:05.473891+00:00,2024-12-19T19:27:29.473891+00:00,2024-12-21T12:39:29.473891+00:00,12.5,23.8,0,40.6,41.2,0,NONE,SHIFT_B (14:00-22:00),2.54
IMO9301849,OOCL Neo-Panamax 1849,OOCL,Neo-Panamax,10949,360.6,14.4,B-01,4,2024-12-24T20:55:32.883214+00:00,2024-12-24T21:40:32.883214+00:00,2024-12-27T03:16:32.883214+00:00,14.5,7.3,0,51.2,53.6,146,YARD_CONGESTION,SHIFT_B (14:00-22:00),0.75
IMO9301850,MSC Feeder 1850,MSC,Feeder,1099,130.5,9.3,B-08,2,2026-08-14T14:39:29.903805+00:00,2026-08-14T14:40:41.903805+00:00,2026-08-15T07:40:41.903805+00:00,15.1,7.7,0,17.5,17.0,0,NONE,SHIFT_B (14:00-22:00),0.02
IMO9301851,MSC Feeder 1851,MSC,Feeder,2482,150.9,8.6,B-10,2,2025-05-29T17:15:14.533601+00:00,2025-05-29T20:23:02.533601+00:00,2025-05-30T17:17:02.533601+00:00,14.4,17.7,0,21.7,20.9,0,NONE,SHIFT_B (14:00-22:00),3.13
IMO9301852,OOCL Panamax 1852,OOCL,Panamax,4779,227.6,10.7,B-06,3,2025-03-11T19:32:54.313050+00:00,2025-03-11T20:09:30.313050+00:00,2025-03-13T05:15:30.313050+00:00,13.1,13.3,0,32.8,33.1,0,NONE,SHIFT_B (14:00-22:00),0.61
IMO9301853,Yang Ming Handymax 1853,Yang Ming,Handymax,2032,187.8,10.4,B-06,3,2025-07-02T16:40:52.466557+00:00,2025-07-02T17:54:40.466557+00:00,2025-07-04T00:24:40.466557+00:00,15.3,23.1,0,23.7,30.5,409,CRANE_OUTAGE,SHIFT_B (14:00-22:00),1.23
IMO9301854,ONE Post-Panamax 1854,ONE,Post-Panamax,7993,339.0,13.7,B-02,4,2025-01-23T09:27:06.552796+00:00,2025-01-23T11:31:18.552796+00:00,2025-01-25T05:37:18.552796+00:00,14.6,16.9,0,43.1,42.1,0,NONE,SHIFT_A (06:00-14:00),2.07
IMO9301855,ZIM Feeder 1855,ZIM,Feeder,902,158.7,7.6,B-08,2,2026-01-20T10:56:41.903655+00:00,2026-01-20T13:26:41.903655+00:00,2026-01-21T09:56:41.903655+00:00,12.2,5.9,0,19.1,20.5,82,CRANE_OUTAGE,SHIFT_A (06:00-14:00),2.5
IMO9301856,Hapag-Lloyd Feeder 1856,Hapag-Lloyd,Feeder,866,155.1,7.1,B-08,2,2025-12-03T10:17:33.097563+00:00,2025-12-03T11:09:45.097563+00:00,2025-12-04T06:45:45.097563+00:00,14.0,16.5,0,15.2,19.6,262,WEATHER,SHIFT_A (06:00-14:00),0.87
IMO9301857,ONE Panamax 1857,ONE,Panamax,5049,235.4,10.6,B-05,3,2026-01-03T11:44:10.330841+00:00,2026-01-03T14:24:58.330841+00:00,2026-01-04T18:18:58.330841+00:00,13.0,6.7,0,28.4,27.9,0,NONE,SHIFT_B (14:00-22:00),2.68
IMO9301858,KMTC Feeder 1858,KMTC,Feeder,1380,189.1,8.0,B-10,2,2025-01-27T17:38:59.644626+00:00,2025-01-27T18:34:11.644626+00:00,2025-01-28T18:16:11.644626+00:00,15.7,22.7,0,18.7,23.7,298,YARD_CONGESTION,SHIFT_B (14:00-22:00),0.92
IMO9301859,KMTC Post-Panamax 1859,KMTC,Post-Panamax,10747,321.2,12.8,B-02,4,2026-02-06T20:46:42.983621+00:00,2026-02-06T21:25:06.983621+00:00,2026-02-09T06:07:06.983621+00:00,14.2,25.7,0,57.5,56.7,0,NONE,SHIFT_B (14:00-22:00),0.64
IMO9301860,MSC Feeder 1860,MSC,Feeder,2147,171.4,8.8,B-08,2,2026-09-03T05:21:50.105606+00:00,2026-09-03T05:21:50.105606+00:00,2026-09-04T01:33:50.105606+00:00,16.0,13.1,0,19.1,20.2,68,CRANE_OUTAGE,SHIFT_C (22:00-06:00),0.0
IMO9301861,Maersk Handymax 1861,Maersk,Handymax,2426,202.4,9.3,B-07,3,2025-09-26T15:57:55.475984+00:00,2025-09-26T19:16:31.475984+00:00,2025-09-28T01:58:31.475984+00:00,17.4,9.2,0,27.7,30.7,180,CRANE_OUTAGE,SHIFT_B (14:00-22:00),3.31
IMO9301862,KMTC Handymax 1862,KMTC,Handymax,2781,213.8,10.8,B-07,3,2025-02-11T01:48:58.719424+00:00,2025-02-11T03:42:58.719424+00:00,2025-02-12T05:12:58.719424+00:00,17.2,6.1,0,25.6,25.5,0,NONE,SHIFT_C (22:00-06:00),1.9
IMO9301863,Yang Ming Panamax 1863,Yang Ming,Panamax,3466,224.6,10.9,B-04,3,2025-02-12T17:12:32.577171+00:00,2025-02-12T20:40:44.577171+00:00,2025-02-14T08:40:44.577171+00:00,15.2,31.5,1,35.0,36.0,61,PILOT_UNAVAILABLE,SHIFT_B (14:00-22:00),3.4699999999999998
IMO9301864,Evergreen Handymax 1864,Evergreen,Handymax,2471,205.0,8.6,B-06,3,2024-11-22T18:02:08.488173+00:00,2024-11-22T19:17:08.488173+00:00,2024-11-23T17:35:08.488173+00:00,13.2,19.7,0,21.9,22.3,0,NONE,SHIFT_B (14:00-22:00),1.25
IMO9301865,Maersk Handymax 1865,Maersk,Handymax,2287,200.5,10.5,B-07,3,2025-05-20T23:12:22.950946+00:00,2025-05-21T00:05:10.950946+00:00,2025-05-22T09:59:10.950946+00:00,14.8,24.2,0,26.4,33.9,447,WEATHER,SHIFT_C (22:00-06:00),0.88
IMO9301866,SITC ULCV 1866,SITC,ULCV,17609,394.8,16.2,B-01,4,2024-10-03T08:29:08.844744+00:00,2024-10-03T08:48:20.844744+00:00,2024-10-06T02:24:20.844744+00:00,17.2,24.6,1,62.8,65.6,170,YARD_CONGESTION,SHIFT_A (06:00-14:00),0.32
IMO9301867,KMTC Feeder 1867,KMTC,Feeder,1717,159.8,7.5,B-10,2,2025-09-20T16:06:26.307082+00:00,2025-09-20T17:56:50.307082+00:00,2025-09-21T20:02:50.307082+00:00,14.4,17.0,0,19.9,26.1,370,CRANE_OUTAGE,SHIFT_B (14:00-22:00),1.84
IMO9301868,KMTC Feeder 1868,KMTC,Feeder,858,174.0,7.9,B-10,2,2026-07-05T11:10:31.881251+00:00,2026-07-05T13:11:07.881251+00:00,2026-07-06T09:05:07.881251+00:00,12.0,22.7,0,20.0,19.9,0,NONE,SHIFT_A (06:00-14:00),2.01
IMO9301869,Hapag-Lloyd Handymax 1869,Hapag-Lloyd,Handymax,2443,206.3,9.9,B-09,2,2024-11-20T07:45:52.328204+00:00,2024-11-20T07:45:52.328204+00:00,2024-11-21T13:33:52.328204+00:00,15.4,18.7,0,23.3,29.8,387,CRANE_OUTAGE,SHIFT_A (06:00-14:00),0.0
IMO9301870,X-Press Feeders Feeder 1870,X-Press Feeders,Feeder,1670,140.3,7.4,B-09,2,2025-11-09T05:07:37.635039+00:00,2025-11-09T06:31:37.635039+00:00,2025-11-10T03:19:37.635039+00:00,14.4,15.5,0,18.2,20.8,159,CRANE_OUTAGE,SHIFT_A (06:00-14:00),1.4
IMO9301871,X-Press Feeders Panamax 1871,X-Press Feeders,Panamax,4330,226.0,10.8,B-05,3,2026-05-06T10:45:23.888848+00:00,2026-05-06T12:54:59.888848+00:00,2026-05-07T16:12:59.888848+00:00,13.3,25.9,0,27.3,27.3,0,NONE,SHIFT_A (06:00-14:00),2.16
IMO9301872,Wan Hai Feeder 1872,Wan Hai,Feeder,1462,163.9,7.3,B-09,2,2025-06-27T07:16:53.025955+00:00,2025-06-27T08:28:53.025955+00:00,2025-06-28T04:28:53.025955+00:00,15.4,14.8,0,20.1,20.0,0,NONE,SHIFT_A (06:00-14:00),1.2
IMO9301873,ONE Handymax 1873,ONE,Handymax,3089,216.5,9.4,B-06,3,2026-02-02T00:54:47.512697+00:00,2026-02-02T04:39:11.512697+00:00,2026-02-03T04:09:11.512697+00:00,12.7,28.9,1,22.8,23.5,0,NONE,SHIFT_C (22:00-06:00),3.74
IMO9301874,OOCL Handymax 1874,OOCL,Handymax,2143,202.1,9.0,B-07,3,2025-07-20T12:16:15.102208+00:00,2025-07-20T15:14:27.102208+00:00,2025-07-21T23:26:27.102208+00:00,13.4,29.6,1,26.2,32.2,363,WEATHER,SHIFT_B (14:00-22:00),2.97
IMO9301875,CMA CGM Panamax 1875,CMA CGM,Panamax,4263,265.4,11.7,B-07,3,2026-08-20T20:24:32.606320+00:00,2026-08-20T23:05:56.606320+00:00,2026-08-22T06:59:56.606320+00:00,13.3,4.4,0,31.6,31.9,0,NONE,SHIFT_C (22:00-06:00),2.69
IMO9301876,SITC Feeder 1876,SITC,Feeder,1515,163.7,9.2,B-10,2,2025-10-20T00:20:30.973173+00:00,2025-10-20T00:57:42.973173+00:00,2025-10-20T19:15:42.973173+00:00,14.5,4.7,0,18.9,18.3,0,NONE,SHIFT_C (22:00-06:00),0.62
IMO9301877,Hapag-Lloyd Feeder 1877,Hapag-Lloyd,Feeder,2118,150.4,7.0,B-10,2,2025-12-10T13:15:27.231341+00:00,2025-12-10T13:30:27.231341+00:00,2025-12-11T14:06:27.231341+00:00,13.0,8.4,0,18.5,24.6,367,CRANE_OUTAGE,SHIFT_A (06:00-14:00),0.25
IMO9301878,Evergreen Handymax 1878,Evergreen,Handymax,2835,186.5,10.6,B-07,3,2025-02-04T14:07:22.786556+00:00,2025-02-04T15:27:46.786556+00:00,2025-02-05T16:03:46.786556+00:00,15.6,18.0,0,24.2,24.6,0,NONE,SHIFT_B (14:00-22:00),1.34
IMO9301879,ONE Panamax 1879,ONE,Panamax,4071,221.4,10.3,B-05,3,2024-12-06T06:03:02.509973+00:00,2024-12-06T06:48:02.509973+00:00,2024-12-07T16:48:02.509973+00:00,13.0,10.4,0,33.3,34.0,0,NONE,SHIFT_A (06:00-14:00),0.75
IMO9301880,ZIM Post-Panamax 1880,ZIM,Post-Panamax,9175,349.7,13.9,B-04,3,2024-12-21T01:14:07.111172+00:00,2024-12-21T01:50:43.111172+00:00,2024-12-22T17:50:43.111172+00:00,15.6,19.3,0,39.3,40.0,0,NONE,SHIFT_C (22:00-06:00),0.61
IMO9301881,PIL ULCV 1881,PIL,ULCV,22127,396.6,15.9,B-02,4,2026-08-13T10:10:13.897244+00:00,2026-08-13T10:10:13.897244+00:00,2026-08-15T20:52:13.897244+00:00,17.2,22.0,0,59.1,58.7,0,NONE,SHIFT_A (06:00-14:00),0.0
IMO9301882,X-Press Feeders Feeder 1882,X-Press Feeders,Feeder,1898,169.3,9.2,B-10,2,2025-02-03T05:38:03.122141+00:00,2025-02-03T08:44:39.122141+00:00,2025-02-04T05:26:39.122141+00:00,15.3,12.4,0,17.4,20.7,197,CRANE_OUTAGE,SHIFT_A (06:00-14:00),3.11
IMO9301883,ZIM Panamax 1883,ZIM,Panamax,4446,259.3,11.7,B-07,3,2025-06-21T21:52:19.348199+00:00,2025-06-22T01:32:31.348199+00:00,2025-06-23T15:26:31.348199+00:00,11.8,9.5,0,38.5,37.9,0,NONE,SHIFT_C (22:00-06:00),3.67
IMO9301884,SITC Feeder 1884,SITC,Feeder,809,158.4,8.3,B-10,2,2024-12-08T20:19:33.626948+00:00,2024-12-08T21:15:57.626948+00:00,2024-12-09T20:03:57.626948+00:00,16.5,11.1,0,22.4,22.8,0,NONE,SHIFT_B (14:00-22:00),0.94
IMO9301885,HMM Panamax 1885,HMM,Panamax,4763,241.1,11.7,B-06,3,2025-01-02T17:18:26.738102+00:00,2025-01-02T18:53:14.738102+00:00,2025-01-04T01:05:14.738102+00:00,14.6,20.2,0,29.9,30.2,0,NONE,SHIFT_B (14:00-22:00),1.58
IMO9301886,HMM Panamax 1886,HMM,Panamax,3033,248.1,10.3,B-04,3,2025-10-23T17:36:56.570456+00:00,2025-10-23T20:44:08.570456+00:00,2025-10-25T07:38:08.570456+00:00,17.1,10.9,0,29.1,34.9,350,CRANE_OUTAGE,SHIFT_B (14:00-22:00),3.12
IMO9301887,SITC Feeder 1887,SITC,Feeder,1803,156.8,9.3,B-08,2,2025-01-18T12:55:53.000118+00:00,2025-01-18T13:30:41.000118+00:00,2025-01-19T09:18:41.000118+00:00,13.7,22.0,0,16.7,19.8,183,CRANE_OUTAGE,SHIFT_A (06:00-14:00),0.58
IMO9301888,Maersk Panamax 1888,Maersk,Panamax,4438,224.4,10.3,B-04,3,2026-01-06T05:30:53.250200+00:00,2026-01-06T08:02:41.250200+00:00,2026-01-07T11:02:41.250200+00:00,13.5,19.0,0,27.4,27.0,0,NONE,SHIFT_A (06:00-14:00),2.53
IMO9301889,COSCO Post-Panamax 1889,COSCO,Post-Panamax,7030,315.6,13.2,B-02,4,2024-12-03T06:15:51.864778+00:00,2024-12-03T06:15:51.864778+00:00,2024-12-05T07:39:51.864778+00:00,12.7,19.3,0,43.1,49.4,377,CRANE_OUTAGE,SHIFT_A (06:00-14:00),0.0
IMO9301890,Wan Hai Neo-Panamax 1890,Wan Hai,Neo-Panamax,10823,344.9,15.1,B-01,4,2026-06-07T20:14:58.690553+00:00,2026-06-07T20:14:58.690553+00:00,2026-06-10T10:02:58.690553+00:00,13.9,18.6,0,62.5,61.8,0,NONE,SHIFT_B (14:00-22:00),0.0
IMO9301891,HMM Panamax 1891,HMM,Panamax,4557,230.4,10.9,B-05,3,2025-02-15T04:13:46.341903+00:00,2025-02-15T04:40:46.341903+00:00,2025-02-16T08:34:46.341903+00:00,16.8,15.7,0,27.7,27.9,0,NONE,SHIFT_C (22:00-06:00),0.45
IMO9301892,Wan Hai Handymax 1892,Wan Hai,Handymax,2883,218.2,9.1,B-06,3,2025-02-20T21:18:12.256233+00:00,2025-02-20T22:53:00.256233+00:00,2025-02-21T19:23:00.256233+00:00,12.8,23.1,0,21.4,20.5,0,NONE,SHIFT_C (22:00-06:00),1.58
IMO9301893,ZIM Post-Panamax 1893,ZIM,Post-Panamax,8301,317.2,13.2,B-04,3,2025-05-03T14:02:13.975152+00:00,2025-05-03T17:22:37.975152+00:00,2025-05-05T13:10:37.975152+00:00,13.6,14.7,0,44.4,43.8,0,NONE,SHIFT_B (14:00-22:00),3.34
IMO9301894,COSCO Handymax 1894,COSCO,Handymax,2177,219.9,8.9,B-08,2,2025-01-28T16:04:55.858549+00:00,2025-01-28T17:59:31.858549+00:00,2025-01-29T22:53:31.858549+00:00,11.9,12.8,0,26.0,28.9,175,WEATHER,SHIFT_B (14:00-22:00),1.91
IMO9301895,HMM Post-Panamax 1895,HMM,Post-Panamax,9975,344.1,12.8,B-01,4,2025-09-13T13:53:29.892337+00:00,2025-09-13T14:00:05.892337+00:00,2025-09-15T10:42:05.892337+00:00,14.2,21.8,0,44.0,44.7,0,NONE,SHIFT_B (14:00-22:00),0.11
IMO9301896,Yang Ming Panamax 1896,Yang Ming,Panamax,3985,225.9,11.7,B-04,3,2025-02-26T16:56:41.390462+00:00,2025-02-26T18:57:53.390462+00:00,2025-02-28T01:09:53.390462+00:00,13.3,9.9,0,29.9,30.2,0,NONE,SHIFT_B (14:00-22:00),2.02
IMO9301897,ZIM ULCV 1897,ZIM,ULCV,23669,377.4,15.9,B-03,4,2026-06-07T09:50:48.336574+00:00,2026-06-07T13:14:12.336574+00:00,2026-06-10T09:26:12.336574+00:00,10.9,19.7,0,65.6,68.2,155,YARD_CONGESTION,SHIFT_A (06:00-14:00),3.39
IMO9301898,Yang Ming Handymax 1898,Yang Ming,Handymax,3138,213.1,9.8,B-06,3,2026-02-08T03:53:11.320969+00:00,2026-02-08T07:57:23.320969+00:00,2026-02-09T07:51:23.320969+00:00,16.9,12.2,0,22.4,23.9,89,CRANE_OUTAGE,SHIFT_A (06:00-14:00),4.07
IMO9301899,Yang Ming Feeder 1899,Yang Ming,Feeder,2191,154.0,7.9,B-08,2,2025-08-16T07:34:38.560315+00:00,2025-08-16T09:32:14.560315+00:00,2025-08-17T05:08:14.560315+00:00,13.2,10.1,0,19.9,19.6,0,NONE,SHIFT_A (06:00-14:00),1.96
IMO9301900,CMA CGM Feeder 1900,CMA CGM,Feeder,2009,136.6,7.8,B-08,2,2025-03-28T15:30:44.020142+00:00,2025-03-28T18:15:44.020142+00:00,2025-03-29T16:51:44.020142+00:00,14.8,17.9,0,19.4,22.6,193,WEATHER,SHIFT_B (14:00-22:00),2.75
IMO9301901,Yang Ming Panamax 1901,Yang Ming,Panamax,3921,250.5,11.2,B-04,3,2024-12-19T06:35:59.123347+00:00,2024-12-19T07:20:23.123347+00:00,2024-12-20T13:44:23.123347+00:00,11.2,18.7,0,28.5,30.4,114,CRANE_OUTAGE,SHIFT_A (06:00-14:00),0.74
IMO9301902,KMTC Handymax 1902,KMTC,Handymax,3378,185.9,10.0,B-09,2,2025-07-09T21:59:37.059034+00:00,2025-07-09T22:48:13.059034+00:00,2025-07-10T20:06:13.059034+00:00,14.8,13.1,0,21.5,21.3,0,NONE,SHIFT_C (22:00-06:00),0.81
IMO9301903,COSCO Neo-Panamax 1903,COSCO,Neo-Panamax,10683,361.9,13.8,B-03,4,2026-08-10T15:14:54.582629+00:00,2026-08-10T16:16:06.582629+00:00,2026-08-13T00:10:06.582629+00:00,14.5,17.7,0,55.9,55.9,0,NONE,SHIFT_B (14:00-22:00),1.02
IMO9301904,Wan Hai Feeder 1904,Wan Hai,Feeder,1691,156.6,8.7,B-09,2,2026-06-28T05:24:56.043419+00:00,2026-06-28T08:11:44.043419+00:00,2026-06-29T03:41:44.043419+00:00,15.9,3.5,0,20.5,19.5,0,NONE,SHIFT_A (06:00-14:00),2.78
IMO9301905,PIL Panamax 1905,PIL,Panamax,3331,279.5,11.5,B-06,3,2025-01-04T23:23:16.894300+00:00,2025-01-05T02:13:40.894300+00:00,2025-01-06T11:13:40.894300+00:00,15.0,4.7,0,32.8,33.0,0,NONE,SHIFT_C (22:00-06:00),2.84
IMO9301906,Yang Ming Post-Panamax 1906,Yang Ming,Post-Panamax,6780,328.0,13.6,B-02,4,2025-03-31T07:35:28.494782+00:00,2025-03-31T08:34:52.494782+00:00,2025-04-02T08:10:52.494782+00:00,14.2,11.5,0,47.7,47.6,0,NONE,SHIFT_A (06:00-14:00),0.99
IMO9301907,X-Press Feeders Panamax 1907,X-Press Feeders,Panamax,3194,223.3,11.3,B-06,3,2026-09-12T01:27:16.616009+00:00,2026-09-12T02:51:52.616009+00:00,2026-09-13T09:27:52.616009+00:00,11.4,10.7,0,30.5,30.6,0,NONE,SHIFT_C (22:00-06:00),1.41
IMO9301908,Hapag-Lloyd Panamax 1908,Hapag-Lloyd,Panamax,5068,236.8,10.8,B-04,3,2026-08-17T01:18:29.515374+00:00,2026-08-17T01:23:53.515374+00:00,2026-08-18T03:59:53.515374+00:00,15.8,25.7,0,27.5,26.6,0,NONE,SHIFT_C (22:00-06:00),0.09
IMO9301909,Wan Hai Neo-Panamax 1909,Wan Hai,Neo-Panamax,13074,342.6,14.0,B-01,4,2026-07-07T20:05:12.346667+00:00,2026-07-07T21:24:24.346667+00:00,2026-07-09T18:24:24.346667+00:00,15.4,6.4,0,45.6,45.0,0,NONE,SHIFT_B (14:00-22:00),1.32
IMO9301910,ONE Feeder 1910,ONE,Feeder,2340,171.1,7.2,B-10,2,2025-12-13T22:14:05.484012+00:00,2025-12-13T23:21:53.484012+00:00,2025-12-14T14:33:53.484012+00:00,14.8,7.1,0,16.2,15.2,0,NONE,SHIFT_C (22:00-06:00),1.13
IMO9301911,CMA CGM Panamax 1911,CMA CGM,Panamax,4005,265.4,11.4,B-07,3,2025-07-13T07:34:02.447266+00:00,2025-07-13T07:47:14.447266+00:00,2025-07-14T12:41:14.447266+00:00,15.0,19.7,0,29.8,28.9,0,NONE,SHIFT_A (06:00-14:00),0.22
IMO9301912,CMA CGM Handymax 1912,CMA CGM,Handymax,2103,190.3,10.3,B-09,2,2024-11-30T01:05:36.207142+00:00,2024-11-30T01:45:12.207142+00:00,2024-12-01T03:03:12.207142+00:00,13.2,14.4,0,24.9,25.3,0,NONE,SHIFT_C (22:00-06:00),0.66
IMO9301913,Wan Hai Post-Panamax 1913,Wan Hai,Post-Panamax,6552,305.2,12.9,B-05,3,2025-12-25T00:31:40.378397+00:00,2025-12-25T02:17:16.378397+00:00,2025-12-27T03:35:16.378397+00:00,10.8,17.0,0,49.6,49.3,0,NONE,SHIFT_C (22:00-06:00),1.76
IMO9301914,KMTC ULCV 1914,KMTC,ULCV,20478,386.6,14.8,B-02,4,2026-01-17T16:20:57.225440+00:00,2026-01-17T18:07:45.225440+00:00,2026-01-20T12:01:45.225440+00:00,12.5,23.1,0,66.1,65.9,0,NONE,SHIFT_B (14:00-22:00),1.78
IMO9301915,COSCO Post-Panamax 1915,COSCO,Post-Panamax,10599,334.4,13.9,B-04,3,2025-03-27T11:56:31.778457+00:00,2025-03-27T14:40:19.778457+00:00,2025-03-29T23:10:19.778457+00:00,13.4,12.4,0,52.3,56.5,255,CRANE_OUTAGE,SHIFT_B (14:00-22:00),2.73
IMO9301916,SITC Neo-Panamax 1916,SITC,Neo-Panamax,13049,354.1,15.4,B-02,4,2025-09-27T10:45:35.225040+00:00,2025-09-27T12:46:47.225040+00:00,2025-09-29T12:52:47.225040+00:00,15.7,14.4,1,46.7,48.1,83,CRANE_OUTAGE,SHIFT_A (06:00-14:00),2.02
IMO9301917,Hapag-Lloyd Feeder 1917,Hapag-Lloyd,Feeder,2269,143.0,8.6,B-09,2,2025-05-26T02:53:02.480371+00:00,2025-05-26T04:32:02.480371+00:00,2025-05-27T00:26:02.480371+00:00,14.1,22.0,0,19.6,19.9,0,NONE,SHIFT_C (22:00-06:00),1.65
IMO9301918,COSCO Feeder 1918,COSCO,Feeder,2395,134.3,8.1,B-08,2,2025-05-13T21:39:25.865909+00:00,2025-05-13T23:08:49.865909+00:00,2025-05-14T15:08:49.865909+00:00,13.7,8.5,0,16.6,16.0,0,NONE,SHIFT_C (22:00-06:00),1.49
IMO9301919,KMTC Panamax 1919,KMTC,Panamax,4072,234.5,11.8,B-07,3,2026-08-29T14:28:05.422697+00:00,2026-08-29T15:52:05.422697+00:00,2026-08-30T20:28:05.422697+00:00,16.1,16.0,0,27.7,28.6,56,YARD_CONGESTION,SHIFT_B (14:00-22:00),1.4
IMO9301920,Yang Ming Feeder 1920,Yang Ming,Feeder,1250,130.2,7.7,B-09,2,2025-05-14T19:52:14.205884+00:00,2025-05-14T20:55:14.205884+00:00,2025-05-15T20:43:14.205884+00:00,14.9,27.5,0,22.1,23.8,100,CRANE_OUTAGE,SHIFT_B (14:00-22:00),1.05
IMO9301921,Evergreen Post-Panamax 1921,Evergreen,Post-Panamax,7430,337.3,12.8,B-02,4,2025-10-05T23:38:16.923128+00:00,2025-10-06T02:14:16.923128+00:00,2025-10-08T10:02:16.923128+00:00,15.1,9.6,0,55.5,55.8,0,NONE,SHIFT_C (22:00-06:00),2.6
IMO9301922,COSCO Post-Panamax 1922,COSCO,Post-Panamax,7550,304.1,13.4,B-05,3,2026-05-28T07:24:44.436261+00:00,2026-05-28T10:48:08.436261+00:00,2026-05-30T09:00:08.436261+00:00,14.1,14.8,0,46.4,46.2,0,NONE,SHIFT_A (06:00-14:00),3.39
IMO9301923,X-Press Feeders Panamax 1923,X-Press Feeders,Panamax,4967,265.6,11.7,B-06,3,2025-05-18T23:26:30.678258+00:00,2025-05-18T23:26:30.678258+00:00,2025-05-20T05:26:30.678258+00:00,14.0,23.6,0,29.4,30.0,0,NONE,SHIFT_C (22:00-06:00),0.0
IMO9301924,SITC Panamax 1924,SITC,Panamax,3660,263.7,10.1,B-05,3,2026-07-03T14:06:37.123475+00:00,2026-07-03T15:10:49.123475+00:00,2026-07-05T10:58:49.123475+00:00,13.9,7.2,0,38.7,43.8,303,WEATHER,SHIFT_B (14:00-22:00),1.07
IMO9301925,COSCO Handymax 1925,COSCO,Handymax,2208,202.1,9.8,B-06,3,2025-11-10T21:03:51.275463+00:00,2025-11-10T21:03:51.275463+00:00,2025-11-12T00:39:51.275463+00:00,14.6,19.2,0,28.2,27.6,0,NONE,SHIFT_B (14:00-22:00),0.0
IMO9301926,ONE ULCV 1926,ONE,ULCV,21552,394.2,14.8,B-02,4,2025-01-26T23:32:31.132986+00:00,2025-01-27T00:31:19.132986+00:00,2025-01-29T11:13:19.132986+00:00,15.7,14.2,1,59.2,58.7,0,NONE,SHIFT_C (22:00-06:00),0.98
IMO9301927,OOCL Panamax 1927,OOCL,Panamax,3363,284.0,11.0,B-05,3,2025-09-05T01:05:18.995512+00:00,2025-09-05T01:53:54.995512+00:00,2025-09-06T08:17:54.995512+00:00,12.3,16.9,0,29.0,30.4,87,PILOT_UNAVAILABLE,SHIFT_C (22:00-06:00),0.81
IMO9301928,COSCO Post-Panamax 1928,COSCO,Post-Panamax,6606,338.2,13.8,B-04,3,2026-07-24T21:10:15.514689+00:00,2026-07-24T23:48:03.514689+00:00,2026-07-27T05:36:03.514689+00:00,8.9,36.5,1,53.0,53.8,0,NONE,SHIFT_C (22:00-06:00),2.63
IMO9301929,COSCO Feeder 1929,COSCO,Feeder,1762,178.1,7.6,B-10,2,2025-01-06T16:56:00.223097+00:00,2025-01-06T18:05:36.223097+00:00,2025-01-07T19:29:36.223097+00:00,16.6,21.0,0,21.8,25.4,214,WEATHER,SHIFT_B (14:00-22:00),1.16
IMO9301930,Evergreen Panamax 1930,Evergreen,Panamax,4521,262.1,11.5,B-06,3,2025-09-20T21:33:52.358470+00:00,2025-09-20T23:41:04.358470+00:00,2025-09-22T19:23:04.358470+00:00,10.4,12.1,0,36.4,43.7,438,WEATHER,SHIFT_C (22:00-06:00),2.12
IMO9301931,COSCO Panamax 1931,COSCO,Panamax,3892,230.7,11.7,B-05,3,2026-06-05T11:53:31.769558+00:00,2026-06-05T12:19:19.769558+00:00,2026-06-07T01:13:19.769558+00:00,18.6,12.1,0,29.4,36.9,448,WEATHER,SHIFT_A (06:00-14:00),0.43
IMO9301932,Wan Hai Post-Panamax 1932,Wan Hai,Post-Panamax,8581,327.9,14.3,B-04,3,2025-01-01T21:52:06.438349+00:00,2025-01-01T23:44:54.438349+00:00,2025-01-03T23:32:54.438349+00:00,15.2,26.2,0,45.3,47.8,153,CRANE_OUTAGE,SHIFT_C (22:00-06:00),1.88
IMO9301933,X-Press Feeders Post-Panamax 1933,X-Press Feeders,Post-Panamax,10940,340.6,12.7,B-04,3,2026-04-03T08:15:42.581559+00:00,2026-04-03T08:40:18.581559+00:00,2026-04-05T08:34:18.581559+00:00,13.5,6.4,0,48.5,47.9,0,NONE,SHIFT_A (06:00-14:00),0.41
IMO9301934,ONE Handymax 1934,ONE,Handymax,2017,211.0,10.0,B-09,2,2025-07-15T01:18:05.674233+00:00,2025-07-15T04:39:41.674233+00:00,2025-07-16T00:09:41.674233+00:00,14.2,15.7,0,19.3,19.5,0,NONE,SHIFT_C (22:00-06:00),3.36
IMO9301935,ZIM Panamax 1935,ZIM,Panamax,4903,245.4,11.6,B-05,3,2025-06-22T03:48:00.957762+00:00,2025-06-22T09:19:48.957762+00:00,2025-06-23T16:49:48.957762+00:00,10.8,34.6,1,30.9,31.5,0,NONE,SHIFT_A (06:00-14:00),5.529999999999999
IMO9301936,CMA CGM Handymax 1936,CMA CGM,Handymax,2136,196.7,9.8,B-07,3,2026-04-15T22:04:39.871731+00:00,2026-04-15T22:26:51.871731+00:00,2026-04-17T01:20:51.871731+00:00,15.2,17.8,0,26.7,26.9,0,NONE,SHIFT_C (22:00-06:00),0.37
IMO9301937,Yang Ming Feeder 1937,Yang Ming,Feeder,2246,172.4,9.4,B-08,2,2026-02-10T06:46:03.532560+00:00,2026-02-10T07:25:03.532560+00:00,2026-02-11T03:25:03.532560+00:00,12.4,20.5,0,19.4,20.0,0,NONE,SHIFT_A (06:00-14:00),0.65
IMO9301938,Yang Ming Neo-Panamax 1938,Yang Ming,Neo-Panamax,12012,361.1,13.6,B-01,4,2025-04-08T09:58:03.717622+00:00,2025-04-08T11:31:03.717622+00:00,2025-04-10T17:55:03.717622+00:00,14.4,13.9,0,52.8,54.4,96,YARD_CONGESTION,SHIFT_A (06:00-14:00),1.55
IMO9301939,ZIM Panamax 1939,ZIM,Panamax,4108,240.3,10.3,B-05,3,2025-05-24T13:09:00.410883+00:00,2025-05-24T14:48:00.410883+00:00,2025-05-26T01:00:00.410883+00:00,13.6,10.8,0,34.1,34.2,0,NONE,SHIFT_B (14:00-22:00),1.65
IMO9301940,PIL Panamax 1940,PIL,Panamax,3483,269.1,11.9,B-07,3,2025-06-02T04:55:10.627057+00:00,2025-06-02T07:21:34.627057+00:00,2025-06-03T16:39:34.627057+00:00,9.8,33.4,1,33.4,33.3,0,NONE,SHIFT_A (06:00-14:00),2.44
IMO9301941,CMA CGM Feeder 1941,CMA CGM,Feeder,1455,183.8,8.2,B-09,2,2025-01-28T09:49:09.430952+00:00,2025-01-28T15:53:21.430952+00:00,2025-01-29T05:17:21.430952+00:00,13.4,36.1,1,14.3,13.4,0,NONE,SHIFT_B (14:00-22:00),6.07
IMO9301942,CMA CGM Neo-Panamax 1942,CMA CGM,Neo-Panamax,13140,340.7,13.9,B-02,4,2025-07-01T14:36:46.413403+00:00,2025-07-01T16:16:22.413403+00:00,2025-07-03T13:28:22.413403+00:00,9.7,8.7,0,44.5,45.2,0,NONE,SHIFT_B (14:00-22:00),1.66
IMO9301943,X-Press Feeders Feeder 1943,X-Press Feeders,Feeder,2159,172.7,8.1,B-09,2,2025-07-13T12:28:34.852828+00:00,2025-07-13T13:45:58.852828+00:00,2025-07-14T07:45:58.852828+00:00,12.2,9.9,0,17.5,18.0,0,NONE,SHIFT_A (06:00-14:00),1.29
IMO9301944,ONE Panamax 1944,ONE,Panamax,3944,262.6,10.0,B-06,3,2026-06-18T22:30:59.801906+00:00,2026-06-18T23:50:47.801906+00:00,2026-06-20T05:44:47.801906+00:00,15.4,18.5,0,29.7,29.9,0,NONE,SHIFT_C (22:00-06:00),1.33
IMO9301945,ONE Panamax 1945,ONE,Panamax,4228,238.9,10.4,B-05,3,2024-11-02T00:33:08.745742+00:00,2024-11-02T01:56:32.745742+00:00,2024-11-03T14:08:32.745742+00:00,16.5,6.5,0,36.1,36.2,0,NONE,SHIFT_C (22:00-06:00),1.39
IMO9301946,KMTC Post-Panamax 1946,KMTC,Post-Panamax,8859,338.8,13.2,B-02,4,2026-02-25T15:27:31.204939+00:00,2026-02-25T16:31:43.204939+00:00,2026-02-28T04:19:43.204939+00:00,16.4,20.3,0,56.2,59.8,213,YARD_CONGESTION,SHIFT_B (14:00-22:00),1.07
IMO9301947,SITC Handymax 1947,SITC,Handymax,2044,190.8,9.4,B-08,2,2026-05-23T20:09:37.295786+00:00,2026-05-23T21:22:13.295786+00:00,2026-05-24T17:04:13.295786+00:00,12.2,26.5,0,20.2,19.7,0,NONE,SHIFT_B (14:00-22:00),1.21
IMO9301948,OOCL ULCV 1948,OOCL,ULCV,18075,394.7,16.2,B-03,4,2025-11-15T00:19:49.176512+00:00,2025-11-15T01:25:49.176512+00:00,2025-11-17T19:13:49.176512+00:00,13.1,26.5,0,66.6,65.8,0,NONE,SHIFT_C (22:00-06:00),1.1
IMO9301949,X-Press Feeders Neo-Panamax 1949,X-Press Feeders,Neo-Panamax,11020,348.5,14.0,B-03,4,2025-09-06T20:38:21.650907+00:00,2025-09-06T23:15:33.650907+00:00,2025-09-09T01:33:33.650907+00:00,14.6,22.3,0,50.5,50.3,0,NONE,SHIFT_C (22:00-06:00),2.62
IMO9301950,ZIM ULCV 1950,ZIM,ULCV,20585,391.1,15.7,B-03,4,2025-12-20T17:19:06.428787+00:00,2025-12-20T21:39:30.428787+00:00,2025-12-23T17:33:30.428787+00:00,8.8,30.9,1,67.6,67.9,0,NONE,SHIFT_B (14:00-22:00),4.34
IMO9301951,Maersk Panamax 1951,Maersk,Panamax,4774,281.1,11.7,B-04,3,2026-07-19T00:32:38.239329+00:00,2026-07-19T01:42:50.239329+00:00,2026-07-20T19:12:50.239329+00:00,16.4,5.9,0,37.8,41.5,223,WEATHER,SHIFT_C (22:00-06:00),1.17
IMO9301952,SITC Post-Panamax 1952,SITC,Post-Panamax,9436,305.1,13.3,B-04,3,2025-11-11T06:16:32.579503+00:00,2025-11-11T07:39:56.579503+00:00,2025-11-13T09:15:56.579503+00:00,14.1,11.8,0,45.0,49.6,276,CRANE_OUTAGE,SHIFT_A (06:00-14:00),1.39
IMO9301953,COSCO ULCV 1953,COSCO,ULCV,18272,379.1,15.8,B-03,4,2024-12-19T02:48:15.935557+00:00,2024-12-19T04:29:39.935557+00:00,2024-12-21T23:29:39.935557+00:00,13.4,19.4,0,55.2,67.0,709,TIDAL_WINDOW_MISSED,SHIFT_C (22:00-06:00),1.69
IMO9301954,HMM Handymax 1954,HMM,Handymax,3322,193.0,10.8,B-08,2,2025-03-04T20:45:18.036928+00:00,2025-03-04T23:43:30.036928+00:00,2025-03-05T18:37:30.036928+00:00,13.7,13.4,0,19.3,18.9,0,NONE,SHIFT_C (22:00-06:00),2.97
IMO9301955,HMM Feeder 1955,HMM,Feeder,1690,184.1,9.0,B-08,2,2025-10-13T20:17:51.644588+00:00,2025-10-13T21:14:15.644588+00:00,2025-10-14T17:26:15.644588+00:00,12.2,26.3,0,18.9,20.2,78,PILOT_UNAVAILABLE,SHIFT_B (14:00-22:00),0.94
IMO9301956,Yang Ming Handymax 1956,Yang Ming,Handymax,3004,201.6,10.7,B-09,2,2025-03-31T11:10:53.900827+00:00,2025-03-31T12:17:29.900827+00:00,2025-04-01T14:53:29.900827+00:00,15.6,21.0,0,22.4,26.6,253,TIDAL_WINDOW_MISSED,SHIFT_A (06:00-14:00),1.11
IMO9301957,Yang Ming Panamax 1957,Yang Ming,Panamax,4001,256.2,10.6,B-07,3,2025-01-07T19:22:40.759026+00:00,2025-01-07T22:26:16.759026+00:00,2025-01-09T05:38:16.759026+00:00,12.5,9.0,0,29.5,31.2,103,CRANE_OUTAGE,SHIFT_C (22:00-06:00),3.06
IMO9301958,CMA CGM Feeder 1958,CMA CGM,Feeder,1924,181.0,7.4,B-10,2,2025-12-20T15:54:59.293037+00:00,2025-12-20T17:38:47.293037+00:00,2025-12-21T11:56:47.293037+00:00,16.9,11.9,0,17.9,18.3,0,NONE,SHIFT_B (14:00-22:00),1.73
IMO9301959,PIL Panamax 1959,PIL,Panamax,5005,230.3,11.7,B-07,3,2026-01-09T03:46:55.058178+00:00,2026-01-09T04:40:19.058178+00:00,2026-01-10T09:10:19.058178+00:00,15.9,25.9,0,29.2,28.5,0,NONE,SHIFT_C (22:00-06:00),0.89
IMO9301960,HMM Panamax 1960,HMM,Panamax,4057,241.3,10.6,B-07,3,2025-09-17T04:40:14.594911+00:00,2025-09-17T06:43:50.594911+00:00,2025-09-18T09:07:50.594911+00:00,14.4,17.3,0,26.4,26.4,0,NONE,SHIFT_A (06:00-14:00),2.06
IMO9301961,Hapag-Lloyd Post-Panamax 1961,Hapag-Lloyd,Post-Panamax,9954,309.8,13.2,B-01,4,2025-10-10T03:23:09.813125+00:00,2025-10-10T05:20:09.813125+00:00,2025-10-12T03:44:09.813125+00:00,11.3,14.2,0,46.9,46.4,0,NONE,SHIFT_C (22:00-06:00),1.95
IMO9301962,SITC Handymax 1962,SITC,Handymax,2846,215.4,8.9,B-07,3,2025-12-12T22:15:23.912876+00:00,2025-12-12T23:50:11.912876+00:00,2025-12-14T00:44:11.912876+00:00,13.0,29.1,1,24.8,24.9,0,NONE,SHIFT_C (22:00-06:00),1.58
IMO9301963,OOCL Neo-Panamax 1963,OOCL,Neo-Panamax,14061,361.2,14.0,B-02,4,2025-07-03T22:20:22.591526+00:00,2025-07-03T23:03:34.591526+00:00,2025-07-06T07:03:34.591526+00:00,12.1,28.9,1,56.4,56.0,0,NONE,SHIFT_C (22:00-06:00),0.72
IMO9301964,SITC Feeder 1964,SITC,Feeder,856,177.2,9.2,B-08,2,2025-10-10T13:23:39.942812+00:00,2025-10-10T13:24:15.942812+00:00,2025-10-11T06:36:15.942812+00:00,13.1,14.6,0,17.9,17.2,0,NONE,SHIFT_A (06:00-14:00),0.01
IMO9301965,OOCL ULCV 1965,OOCL,ULCV,19048,380.3,15.2,B-03,4,2025-11-01T21:29:50.850204+00:00,2025-11-01T22:55:38.850204+00:00,2025-11-04T17:49:38.850204+00:00,15.2,11.6,0,66.8,66.9,0,NONE,SHIFT_C (22:00-06:00),1.43
IMO9301966,MSC Post-Panamax 1966,MSC,Post-Panamax,6774,328.5,13.1,B-04,3,2025-12-24T02:19:00.550141+00:00,2025-12-24T07:28:36.550141+00:00,2025-12-26T05:22:36.550141+00:00,13.2,12.4,0,46.4,45.9,0,NONE,SHIFT_A (06:00-14:00),5.16
IMO9301967,Wan Hai Feeder 1967,Wan Hai,Feeder,1303,169.3,8.1,B-09,2,2024-10-31T21:37:46.178388+00:00,2024-11-01T01:04:10.178388+00:00,2024-11-01T14:40:10.178388+00:00,12.6,7.4,0,13.0,13.6,0,NONE,SHIFT_C (22:00-06:00),3.44
IMO9301968,Maersk Post-Panamax 1968,Maersk,Post-Panamax,10320,343.1,12.6,B-01,4,2025-01-10T16:10:38.351672+00:00,2025-01-10T19:05:50.351672+00:00,2025-01-12T17:59:50.351672+00:00,15.1,16.7,0,47.3,46.9,0,NONE,SHIFT_B (14:00-22:00),2.92
IMO9301969,PIL ULCV 1969,PIL,ULCV,23830,394.0,14.7,B-03,4,2025-03-16T11:44:48.764001+00:00,2025-03-16T11:58:36.764001+00:00,2025-03-19T14:34:36.764001+00:00,14.5,13.2,0,70.9,74.6,222,CRANE_OUTAGE,SHIFT_A (06:00-14:00),0.23
IMO9301970,SITC Panamax 1970,SITC,Panamax,4746,275.1,10.6,B-04,3,2026-02-05T17:28:39.457845+00:00,2026-02-05T19:08:51.457845+00:00,2026-02-07T06:02:51.457845+00:00,10.6,11.4,0,34.5,34.9,0,NONE,SHIFT_B (14:00-22:00),1.67
IMO9301971,OOCL Panamax 1971,OOCL,Panamax,4890,266.8,10.6,B-07,3,2025-12-04T10:59:35.313077+00:00,2025-12-04T11:16:23.313077+00:00,2025-12-05T23:04:23.313077+00:00,11.9,12.9,0,36.1,35.8,0,NONE,SHIFT_A (06:00-14:00),0.28
IMO9301972,X-Press Feeders Feeder 1972,X-Press Feeders,Feeder,1567,150.6,8.5,B-08,2,2025-09-04T04:23:44.745519+00:00,2025-09-04T04:33:56.745519+00:00,2025-09-04T23:45:56.745519+00:00,14.3,17.7,0,19.8,19.2,0,NONE,SHIFT_C (22:00-06:00),0.17
IMO9301973,Evergreen Post-Panamax 1973,Evergreen,Post-Panamax,6642,324.8,14.3,B-03,4,2026-03-01T23:44:44.140466+00:00,2026-03-02T00:27:20.140466+00:00,2026-03-03T23:45:20.140466+00:00,14.7,15.9,0,47.7,47.3,0,NONE,SHIFT_C (22:00-06:00),0.71
IMO9301974,CMA CGM Feeder 1974,CMA CGM,Feeder,1431,161.9,7.9,B-09,2,2026-02-08T21:59:08.772230+00:00,2026-02-09T00:29:08.772230+00:00,2026-02-09T21:41:08.772230+00:00,15.1,24.8,0,21.4,21.2,0,NONE,SHIFT_C (22:00-06:00),2.5
IMO9301975,Wan Hai Post-Panamax 1975,Wan Hai,Post-Panamax,8977,308.4,13.4,B-02,4,2026-09-16T06:24:16.010163+00:00,2026-09-16T07:33:16.010163+00:00,2026-09-18T15:39:16.010163+00:00,15.7,6.6,0,53.2,56.1,175,CRANE_OUTAGE,SHIFT_A (06:00-14:00),1.15
IMO9301976,OOCL Post-Panamax 1976,OOCL,Post-Panamax,7172,332.3,14.2,B-05,3,2024-11-28T06:45:11.419980+00:00,2024-11-28T07:21:11.419980+00:00,2024-11-30T01:51:11.419980+00:00,14.6,19.1,0,41.9,42.5,0,NONE,SHIFT_A (06:00-14:00),0.6
IMO9301977,ZIM Panamax 1977,ZIM,Panamax,3833,226.7,10.2,B-06,3,2026-07-25T05:53:20.850034+00:00,2026-07-25T07:51:32.850034+00:00,2026-07-26T18:15:32.850034+00:00,14.3,12.4,0,30.1,34.4,259,YARD_CONGESTION,SHIFT_A (06:00-14:00),1.97
IMO9301978,CMA CGM Post-Panamax 1978,CMA CGM,Post-Panamax,10819,317.5,14.4,B-05,3,2025-12-29T19:05:32.246937+00:00,2025-12-29T21:39:08.246937+00:00,2026-01-01T00:39:08.246937+00:00,16.2,8.3,0,50.4,51.0,0,NONE,SHIFT_B (14:00-22:00),2.56
IMO9301979,MSC Post-Panamax 1979,MSC,Post-Panamax,7122,340.4,13.5,B-02,4,2024-10-19T10:59:16.896219+00:00,2024-10-19T11:52:40.896219+00:00,2024-10-21T05:46:40.896219+00:00,13.9,12.5,0,37.2,41.9,282,WEATHER,SHIFT_A (06:00-14:00),0.89
IMO9301980,Evergreen Panamax 1980,Evergreen,Panamax,3397,235.1,10.4,B-05,3,2026-02-06T09:11:28.066549+00:00,2026-02-06T10:29:28.066549+00:00,2026-02-07T17:59:28.066549+00:00,12.5,21.2,0,30.1,31.5,81,CRANE_OUTAGE,SHIFT_A (06:00-14:00),1.3
IMO9301981,ONE Post-Panamax 1981,ONE,Post-Panamax,8615,348.0,12.6,B-04,3,2026-05-05T03:22:32.802075+00:00,2026-05-05T05:55:32.802075+00:00,2026-05-07T07:31:32.802075+00:00,16.3,22.9,0,45.5,49.6,249,CRANE_OUTAGE,SHIFT_C (22:00-06:00),2.55
IMO9301982,Yang Ming Panamax 1982,Yang Ming,Panamax,3416,288.5,11.7,B-05,3,2026-08-03T15:04:30.052693+00:00,2026-08-03T17:31:30.052693+00:00,2026-08-05T01:07:30.052693+00:00,13.3,11.6,0,32.4,31.6,0,NONE,SHIFT_B (14:00-22:00),2.45
IMO9301983,CMA CGM Post-Panamax 1983,CMA CGM,Post-Panamax,9419,309.8,12.7,B-03,4,2026-04-30T07:42:14.877506+00:00,2026-04-30T09:57:50.877506+00:00,2026-05-02T11:15:50.877506+00:00,14.7,9.6,0,49.5,49.3,0,NONE,SHIFT_A (06:00-14:00),2.26
IMO9301984,COSCO Panamax 1984,COSCO,Panamax,4668,282.6,11.2,B-06,3,2025-07-03T11:21:47.639409+00:00,2025-07-03T15:59:35.639409+00:00,2025-07-04T21:23:35.639409+00:00,14.7,11.3,0,28.9,29.4,0,NONE,SHIFT_B (14:00-22:00),4.63
IMO9301985,ZIM Panamax 1985,ZIM,Panamax,3490,242.8,11.8,B-05,3,2025-07-15T04:24:30.992779+00:00,2025-07-15T07:37:42.992779+00:00,2025-07-16T17:43:42.992779+00:00,15.6,17.6,0,34.3,34.1,0,NONE,SHIFT_A (06:00-14:00),3.22
IMO9301986,COSCO Post-Panamax 1986,COSCO,Post-Panamax,9632,301.1,14.4,B-04,3,2025-05-09T17:05:23.503715+00:00,2025-05-09T18:31:11.503715+00:00,2025-05-12T03:13:11.503715+00:00,17.3,6.3,0,49.2,56.7,449,WEATHER,SHIFT_B (14:00-22:00),1.43
IMO9301987,Hapag-Lloyd Post-Panamax 1987,Hapag-Lloyd,Post-Panamax,7511,308.0,13.0,B-04,3,2025-08-28T20:33:19.461554+00:00,2025-08-28T20:38:07.461554+00:00,2025-08-30T17:20:07.461554+00:00,15.6,7.2,0,44.0,44.7,0,NONE,SHIFT_B (14:00-22:00),0.08
IMO9301988,X-Press Feeders Panamax 1988,X-Press Feeders,Panamax,4562,278.5,11.1,B-05,3,2026-08-27T06:06:29.694372+00:00,2026-08-27T06:06:29.694372+00:00,2026-08-28T20:06:29.694372+00:00,14.2,9.0,0,36.5,38.0,89,YARD_CONGESTION,SHIFT_A (06:00-14:00),0.0
IMO9301989,Maersk Post-Panamax 1989,Maersk,Post-Panamax,9381,317.3,13.0,B-04,3,2026-06-17T00:04:15.576286+00:00,2026-06-17T02:21:39.576286+00:00,2026-06-19T01:51:39.576286+00:00,16.4,4.6,0,47.3,47.5,0,NONE,SHIFT_C (22:00-06:00),2.29
IMO9301990,HMM Panamax 1990,HMM,Panamax,3527,259.1,11.2,B-06,3,2025-02-15T22:35:00.591481+00:00,2025-02-16T00:29:36.591481+00:00,2025-02-17T07:17:36.591481+00:00,15.4,16.4,0,31.3,30.8,0,NONE,SHIFT_C (22:00-06:00),1.91
IMO9301991,MSC Feeder 1991,MSC,Feeder,2444,149.9,9.5,B-10,2,2026-09-01T14:02:46.231608+00:00,2026-09-01T19:44:46.231608+00:00,2026-09-02T10:56:46.231608+00:00,12.8,29.4,1,15.2,15.2,0,NONE,SHIFT_B (14:00-22:00),5.7
IMO9301992,Evergreen Feeder 1992,Evergreen,Feeder,1534,145.7,8.0,B-09,2,2024-12-19T09:52:34.777032+00:00,2024-12-19T12:45:22.777032+00:00,2024-12-20T08:51:22.777032+00:00,16.2,10.5,0,17.9,20.1,132,PILOT_UNAVAILABLE,SHIFT_A (06:00-14:00),2.88
IMO9301993,Maersk Feeder 1993,Maersk,Feeder,1829,145.4,7.2,B-10,2,2025-07-24T16:33:26.440025+00:00,2025-07-24T17:16:38.440025+00:00,2025-07-25T12:10:38.440025+00:00,16.1,19.3,0,18.8,18.9,0,NONE,SHIFT_B (14:00-22:00),0.72
IMO9301994,Hapag-Lloyd Handymax 1994,Hapag-Lloyd,Handymax,3087,188.8,9.9,B-09,2,2025-04-12T09:11:25.344160+00:00,2025-04-12T10:30:01.344160+00:00,2025-04-13T15:42:01.344160+00:00,9.9,12.9,0,27.5,29.2,105,PILOT_UNAVAILABLE,SHIFT_A (06:00-14:00),1.31
IMO9301995,X-Press Feeders Feeder 1995,X-Press Feeders,Feeder,2125,169.5,7.1,B-08,2,2024-12-20T09:21:26.603191+00:00,2024-12-20T11:14:14.603191+00:00,2024-12-21T15:56:14.603191+00:00,16.3,25.5,0,22.5,28.7,374,WEATHER,SHIFT_A (06:00-14:00),1.88
IMO9301996,HMM Handymax 1996,HMM,Handymax,3362,199.3,10.0,B-09,2,2024-12-07T19:08:16.207632+00:00,2024-12-07T20:23:52.207632+00:00,2024-12-08T19:35:52.207632+00:00,14.2,5.8,0,23.8,23.2,0,NONE,SHIFT_B (14:00-22:00),1.26
IMO9301997,HMM Feeder 1997,HMM,Feeder,2433,181.4,8.3,B-09,2,2025-04-11T01:17:21.381632+00:00,2025-04-11T01:17:21.381632+00:00,2025-04-11T21:53:21.381632+00:00,12.9,16.7,0,17.4,20.6,192,CRANE_OUTAGE,SHIFT_C (22:00-06:00),0.0
IMO9301998,MSC Panamax 1998,MSC,Panamax,4804,287.0,10.5,B-05,3,2025-08-10T16:35:23.311273+00:00,2025-08-10T21:02:59.311273+00:00,2025-08-11T22:32:59.311273+00:00,17.8,17.1,0,26.1,25.5,0,NONE,SHIFT_B (14:00-22:00),4.46
IMO9301999,Wan Hai Feeder 1999,Wan Hai,Feeder,2295,173.7,7.3,B-09,2,2025-09-28T03:55:57.039075+00:00,2025-09-28T05:46:57.039075+00:00,2025-09-28T20:34:57.039075+00:00,13.2,15.4,0,14.4,14.8,0,NONE,SHIFT_C (22:00-06:00),1.85
IMO9302000,Wan Hai Neo-Panamax 2000,Wan Hai,Neo-Panamax,14857,349.9,14.8,B-01,4,2025-12-27T17:21:34.343754+00:00,2025-12-27T18:41:22.343754+00:00,2025-12-29T14:11:22.343754+00:00,12.6,18.7,0,42.9,43.5,0,NONE,SHIFT_B (14:00-22:00),1.33
IMO9302001,Maersk Post-Panamax 2001,Maersk,Post-Panamax,8288,338.0,12.7,B-02,4,2026-03-25T13:37:13.213380+00:00,2026-03-25T15:10:13.213380+00:00,2026-03-27T11:16:13.213380+00:00,16.4,15.4,0,43.4,44.1,0,NONE,SHIFT_B (14:00-22:00),1.55
IMO9302002,KMTC Panamax 2002,KMTC,Panamax,4635,264.7,11.0,B-06,3,2026-01-28T02:27:17.374540+00:00,2026-01-28T04:53:05.374540+00:00,2026-01-29T12:53:05.374540+00:00,13.1,16.3,0,32.4,32.0,0,NONE,SHIFT_C (22:00-06:00),2.43
IMO9302003,Wan Hai Panamax 2003,Wan Hai,Panamax,3821,230.3,10.5,B-04,3,2024-11-12T13:25:11.250129+00:00,2024-11-12T14:31:47.250129+00:00,2024-11-14T01:01:47.250129+00:00,16.0,22.0,0,29.6,34.5,295,YARD_CONGESTION,SHIFT_B (14:00-22:00),1.11
IMO9302004,SITC Handymax 2004,SITC,Handymax,3404,218.6,8.7,B-06,3,2025-04-28T09:25:23.840053+00:00,2025-04-28T11:37:23.840053+00:00,2025-04-29T16:37:23.840053+00:00,11.8,11.1,0,23.3,29.0,340,TIDAL_WINDOW_MISSED,SHIFT_A (06:00-14:00),2.2
IMO9302005,Wan Hai Panamax 2005,Wan Hai,Panamax,3482,273.2,11.7,B-07,3,2025-11-16T19:49:55.782383+00:00,2025-11-16T20:56:31.782383+00:00,2025-11-18T05:26:31.782383+00:00,15.7,13.4,0,32.3,32.5,0,NONE,SHIFT_B (14:00-22:00),1.11
IMO9302006,COSCO Handymax 2006,COSCO,Handymax,3226,204.5,9.6,B-09,2,2026-03-31T05:48:15.596537+00:00,2026-03-31T07:20:39.596537+00:00,2026-04-01T09:02:39.596537+00:00,15.0,20.2,0,23.5,25.7,134,PILOT_UNAVAILABLE,SHIFT_A (06:00-14:00),1.54
IMO9302007,Evergreen Post-Panamax 2007,Evergreen,Post-Panamax,8070,303.1,12.7,B-01,4,2026-07-18T09:43:43.572809+00:00,2026-07-18T11:11:55.572809+00:00,2026-07-20T15:17:55.572809+00:00,12.2,18.5,0,52.2,52.1,0,NONE,SHIFT_A (06:00-14:00),1.47
IMO9302008,ONE Post-Panamax 2008,ONE,Post-Panamax,7871,315.3,13.8,B-04,3,2025-12-17T15:25:38.045593+00:00,2025-12-17T19:01:38.045593+00:00,2025-12-19T15:25:38.045593+00:00,12.5,16.3,0,44.2,44.4,0,NONE,SHIFT_B (14:00-22:00),3.6
IMO9302009,CMA CGM Feeder 2009,CMA CGM,Feeder,868,178.3,9.2,B-09,2,2026-09-12T08:23:56.723726+00:00,2026-09-12T11:02:20.723726+00:00,2026-09-13T14:02:20.723726+00:00,18.3,16.3,0,22.5,27.0,269,YARD_CONGESTION,SHIFT_A (06:00-14:00),2.64
IMO9302010,PIL Post-Panamax 2010,PIL,Post-Panamax,9778,339.7,13.6,B-04,3,2026-07-05T02:52:06.538536+00:00,2026-07-05T05:50:18.538536+00:00,2026-07-07T08:26:18.538536+00:00,14.4,12.2,0,51.2,50.6,0,NONE,SHIFT_C (22:00-06:00),2.97
IMO9302011,X-Press Feeders Feeder 2011,X-Press Feeders,Feeder,1792,132.5,9.2,B-09,2,2024-11-17T01:03:22.804275+00:00,2024-11-17T02:33:58.804275+00:00,2024-11-17T19:45:58.804275+00:00,12.9,19.6,0,17.8,17.2,0,NONE,SHIFT_C (22:00-06:00),1.51
IMO9302012,ZIM Neo-Panamax 2012,ZIM,Neo-Panamax,14909,356.2,13.6,B-03,4,2026-05-30T23:40:10.960241+00:00,2026-05-31T01:43:46.960241+00:00,2026-06-02T11:55:46.960241+00:00,16.3,15.9,0,51.4,58.2,409,CRANE_OUTAGE,SHIFT_C (22:00-06:00),2.06
IMO9302013,PIL Feeder 2013,PIL,Feeder,975,174.3,7.4,B-09,2,2024-10-20T09:00:55.956154+00:00,2024-10-20T10:29:43.956154+00:00,2024-10-21T10:35:43.956154+00:00,11.0,18.4,0,16.9,24.1,434,WEATHER,SHIFT_A (06:00-14:00),1.48
IMO9302014,Wan Hai Panamax 2014,Wan Hai,Panamax,3365,281.2,11.1,B-05,3,2025-12-14T06:08:51.608188+00:00,2025-12-14T06:31:39.608188+00:00,2025-12-15T19:25:39.608188+00:00,15.0,13.6,0,36.7,36.9,0,NONE,SHIFT_A (06:00-14:00),0.38
IMO9302015,X-Press Feeders Handymax 2015,X-Press Feeders,Handymax,2045,180.1,9.9,B-09,2,2025-01-28T21:35:47.122522+00:00,2025-01-29T00:03:23.122522+00:00,2025-01-29T22:45:23.122522+00:00,16.0,16.5,0,22.9,22.7,0,NONE,SHIFT_C (22:00-06:00),2.46
IMO9302016,CMA CGM Handymax 2016,CMA CGM,Handymax,2567,186.1,10.2,B-08,2,2026-07-11T03:02:53.488438+00:00,2026-07-11T04:35:17.488438+00:00,2026-07-12T06:41:17.488438+00:00,14.8,11.4,0,21.5,26.1,279,CRANE_OUTAGE,SHIFT_C (22:00-06:00),1.54
IMO9302017,Evergreen Neo-Panamax 2017,Evergreen,Neo-Panamax,12003,353.5,14.8,B-03,4,2025-03-05T12:34:40.134446+00:00,2025-03-05T13:22:04.134446+00:00,2025-03-07T11:04:04.134446+00:00,16.5,10.7,0,46.6,45.7,0,NONE,SHIFT_A (06:00-14:00),0.79
IMO9302018,Wan Hai Feeder 2018,Wan Hai,Feeder,2128,148.2,8.5,B-10,2,2026-04-19T21:50:32.793559+00:00,2026-04-20T00:56:32.793559+00:00,2026-04-20T23:26:32.793559+00:00,15.0,23.5,0,22.3,22.5,0,NONE,SHIFT_C (22:00-06:00),3.1
IMO9302019,KMTC Feeder 2019,KMTC,Feeder,1088,178.0,7.4,B-10,2,2026-09-16T06:13:45.809930+00:00,2026-09-16T06:13:45.809930+00:00,2026-09-17T05:43:45.809930+00:00,13.0,24.4,0,20.7,23.5,168,YARD_CONGESTION,SHIFT_A (06:00-14:00),0.0
IMO9302020,COSCO Handymax 2020,COSCO,Handymax,2949,193.8,9.4,B-09,2,2026-06-20T06:04:06.700923+00:00,2026-06-20T08:40:42.700923+00:00,2026-06-21T08:34:42.700923+00:00,15.4,4.7,0,24.4,23.9,0,NONE,SHIFT_A (06:00-14:00),2.61
IMO9302021,Yang Ming Panamax 2021,Yang Ming,Panamax,4076,273.7,11.2,B-05,3,2025-05-29T00:02:04.394209+00:00,2025-05-29T02:35:04.394209+00:00,2025-05-30T13:11:04.394209+00:00,12.1,19.4,0,29.9,34.6,284,YARD_CONGESTION,SHIFT_C (22:00-06:00),2.55
IMO9302022,Wan Hai ULCV 2022,Wan Hai,ULCV,19613,379.6,14.7,B-02,4,2025-06-08T19:59:46.376295+00:00,2025-06-08T21:36:58.376295+00:00,2025-06-11T21:54:58.376295+00:00,16.3,20.4,0,68.4,72.3,236,YARD_CONGESTION,SHIFT_B (14:00-22:00),1.62
IMO9302023,Wan Hai Panamax 2023,Wan Hai,Panamax,5197,230.6,11.7,B-06,3,2024-10-22T14:44:59.557340+00:00,2024-10-22T16:10:47.557340+00:00,2024-10-24T05:46:47.557340+00:00,14.8,21.6,0,32.0,37.6,338,WEATHER,SHIFT_B (14:00-22:00),1.43
IMO9302024,ZIM Post-Panamax 2024,ZIM,Post-Panamax,10608,341.6,13.2,B-01,4,2025-06-04T21:39:20.160482+00:00,2025-06-04T21:39:20.160482+00:00,2025-06-07T04:45:20.160482+00:00,16.7,13.3,0,54.5,55.1,0,NONE,SHIFT_B (14:00-22:00),0.0
IMO9302025,COSCO Panamax 2025,COSCO,Panamax,3976,274.4,10.8,B-05,3,2025-04-02T13:20:20.846728+00:00,2025-04-02T13:20:20.846728+00:00,2025-04-03T21:44:20.846728+00:00,10.7,11.3,0,32.7,32.4,0,NONE,SHIFT_A (06:00-14:00),0.0
IMO9302026,SITC Panamax 2026,SITC,Panamax,5018,264.4,10.2,B-07,3,2025-04-17T21:08:05.381860+00:00,2025-04-17T22:17:05.381860+00:00,2025-04-18T20:59:05.381860+00:00,12.8,22.6,0,23.1,22.7,0,NONE,SHIFT_C (22:00-06:00),1.15
IMO9302027,Wan Hai Handymax 2027,Wan Hai,Handymax,2443,219.8,9.8,B-09,2,2024-11-11T16:40:01.621133+00:00,2024-11-11T16:54:25.621133+00:00,2024-11-12T17:36:25.621133+00:00,16.7,4.1,0,22.3,24.7,141,WEATHER,SHIFT_B (14:00-22:00),0.24
IMO9302028,SITC Feeder 2028,SITC,Feeder,2149,150.9,8.7,B-08,2,2025-03-21T19:36:44.387335+00:00,2025-03-21T20:53:32.387335+00:00,2025-03-22T16:05:32.387335+00:00,16.2,14.0,0,19.0,19.2,0,NONE,SHIFT_B (14:00-22:00),1.28
IMO9302029,OOCL Panamax 2029,OOCL,Panamax,3729,258.0,11.4,B-06,3,2026-02-04T09:24:33.575022+00:00,2026-02-04T12:28:45.575022+00:00,2026-02-05T23:58:45.575022+00:00,16.7,8.0,0,32.0,35.5,211,WEATHER,SHIFT_A (06:00-14:00),3.07
IMO9302030,KMTC Post-Panamax 2030,KMTC,Post-Panamax,9391,322.3,13.9,B-02,4,2025-02-26T08:32:00.856613+00:00,2025-02-26T08:59:00.856613+00:00,2025-03-01T00:11:00.856613+00:00,14.7,15.0,0,55.7,63.2,450,WEATHER,SHIFT_A (06:00-14:00),0.45
IMO9302031,KMTC Panamax 2031,KMTC,Panamax,3524,223.2,10.1,B-05,3,2025-08-29T23:38:41.205875+00:00,2025-08-30T03:17:41.205875+00:00,2025-08-31T12:35:41.205875+00:00,15.0,31.4,1,33.8,33.3,0,NONE,SHIFT_C (22:00-06:00),3.6500000000000004
IMO9302032,SITC Feeder 2032,SITC,Feeder,1808,184.6,7.8,B-10,2,2026-02-07T07:31:05.779487+00:00,2026-02-07T09:01:05.779487+00:00,2026-02-08T08:43:05.779487+00:00,11.3,17.6,0,20.3,23.7,205,YARD_CONGESTION,SHIFT_A (06:00-14:00),1.5
IMO9302033,KMTC Panamax 2033,KMTC,Panamax,3256,250.9,11.6,B-06,3,2025-09-08T22:15:39.890715+00:00,2025-09-09T01:12:03.890715+00:00,2025-09-10T09:24:03.890715+00:00,14.9,24.2,0,32.4,32.2,0,NONE,SHIFT_C (22:00-06:00),2.94
IMO9302034,PIL Post-Panamax 2034,PIL,Post-Panamax,9488,338.7,13.4,B-05,3,2025-02-09T16:23:29.611746+00:00,2025-02-09T18:10:17.611746+00:00,2025-02-11T20:04:17.611746+00:00,15.6,13.1,0,46.9,49.9,182,WEATHER,SHIFT_B (14:00-22:00),1.78
IMO9302035,KMTC ULCV 2035,KMTC,ULCV,23687,374.1,16.0,B-02,4,2025-04-27T02:32:59.270747+00:00,2025-04-27T04:07:11.270747+00:00,2025-04-29T09:13:11.270747+00:00,13.6,15.4,0,52.6,53.1,0,NONE,SHIFT_C (22:00-06:00),1.57
IMO9302036,ONE Post-Panamax 2036,ONE,Post-Panamax,8661,339.8,12.8,B-02,4,2026-01-29T07:24:12.916588+00:00,2026-01-29T10:35:00.916588+00:00,2026-01-31T16:35:00.916588+00:00,11.6,8.1,0,53.6,54.0,0,NONE,SHIFT_A (06:00-14:00),3.18
IMO9302037,Hapag-Lloyd Panamax 2037,Hapag-Lloyd,Panamax,4253,279.0,11.6,B-07,3,2024-10-15T09:56:24.176222+00:00,2024-10-15T10:56:24.176222+00:00,2024-10-16T16:02:24.176222+00:00,12.5,10.5,0,29.7,29.1,0,NONE,SHIFT_A (06:00-14:00),1.0
IMO9302038,Wan Hai Handymax 2038,Wan Hai,Handymax,2224,191.2,10.8,B-06,3,2025-02-21T12:44:10.534819+00:00,2025-02-21T13:30:22.534819+00:00,2025-02-22T11:12:22.534819+00:00,13.0,19.3,0,20.0,21.7,103,CRANE_OUTAGE,SHIFT_A (06:00-14:00),0.77
IMO9302039,SITC Feeder 2039,SITC,Feeder,2207,141.3,9.4,B-09,2,2026-06-06T07:09:13.351276+00:00,2026-06-06T08:44:01.351276+00:00,2026-06-07T06:20:01.351276+00:00,17.7,18.3,0,20.9,21.6,0,NONE,SHIFT_A (06:00-14:00),1.58
IMO9302040,ZIM Panamax 2040,ZIM,Panamax,4144,274.6,11.1,B-07,3,2024-11-11T12:00:45.373353+00:00,2024-11-11T15:10:21.373353+00:00,2024-11-13T00:16:21.373353+00:00,14.0,10.4,0,30.1,33.1,178,YARD_CONGESTION,SHIFT_B (14:00-22:00),3.16
IMO9302041,Yang Ming Post-Panamax 2041,Yang Ming,Post-Panamax,6988,309.9,13.1,B-01,4,2026-06-30T02:35:34.450112+00:00,2026-06-30T02:49:22.450112+00:00,2026-07-02T02:01:22.450112+00:00,15.3,26.9,0,46.8,47.2,0,NONE,SHIFT_C (22:00-06:00),0.23
IMO9302042,SITC Neo-Panamax 2042,SITC,Neo-Panamax,14694,363.6,13.6,B-01,4,2024-10-04T21:09:21.846933+00:00,2024-10-04T22:18:21.846933+00:00,2024-10-07T03:00:21.846933+00:00,13.6,18.7,0,52.3,52.7,0,NONE,SHIFT_C (22:00-06:00),1.15
IMO9302043,PIL Handymax 2043,PIL,Handymax,2988,180.1,9.6,B-06,3,2025-06-17T05:09:14.893985+00:00,2025-06-17T07:16:26.893985+00:00,2025-06-18T06:34:26.893985+00:00,15.2,7.8,0,23.3,23.3,0,NONE,SHIFT_A (06:00-14:00),2.12
IMO9302044,COSCO Post-Panamax 2044,COSCO,Post-Panamax,8321,325.1,14.1,B-01,4,2026-04-08T10:34:00.815459+00:00,2026-04-08T14:27:24.815459+00:00,2026-04-11T00:45:24.815459+00:00,16.3,23.2,0,53.9,58.3,265,CRANE_OUTAGE,SHIFT_B (14:00-22:00),3.89
IMO9302045,KMTC Handymax 2045,KMTC,Handymax,3255,198.7,8.8,B-06,3,2025-12-03T11:06:57.027399+00:00,2025-12-03T11:33:21.027399+00:00,2025-12-04T14:45:21.027399+00:00,18.0,21.0,0,23.6,27.2,218,WEATHER,SHIFT_A (06:00-14:00),0.44
IMO9302046,MSC Post-Panamax 2046,MSC,Post-Panamax,10485,348.3,13.9,B-01,4,2026-04-06T01:55:49.875403+00:00,2026-04-06T04:07:13.875403+00:00,2026-04-07T18:07:13.875403+00:00,17.0,7.4,0,31.9,38.0,365,CRANE_OUTAGE,SHIFT_C (22:00-06:00),2.19
IMO9302047,MSC Panamax 2047,MSC,Panamax,4530,228.6,10.1,B-04,3,2026-05-06T00:58:02.748577+00:00,2026-05-06T04:16:38.748577+00:00,2026-05-07T16:40:38.748577+00:00,14.5,13.1,0,35.7,36.4,0,NONE,SHIFT_C (22:00-06:00),3.31
IMO9302048,CMA CGM Neo-Panamax 2048,CMA CGM,Neo-Panamax,13260,355.6,14.8,B-03,4,2026-06-10T11:57:07.073740+00:00,2026-06-10T13:19:55.073740+00:00,2026-06-12T17:25:55.073740+00:00,14.4,25.1,0,52.3,52.1,0,NONE,SHIFT_A (06:00-14:00),1.38
IMO9302049,Maersk Post-Panamax 2049,Maersk,Post-Panamax,9505,327.5,13.5,B-03,4,2025-09-13T01:44:31.591507+00:00,2025-09-13T04:19:19.591507+00:00,2025-09-15T07:43:19.591507+00:00,17.2,17.4,0,51.0,51.4,0,NONE,SHIFT_C (22:00-06:00),2.58
IMO9302050,ONE Post-Panamax 2050,ONE,Post-Panamax,7177,334.1,13.7,B-01,4,2025-11-28T10:39:40.646077+00:00,2025-11-28T15:34:52.646077+00:00,2025-11-30T11:04:52.646077+00:00,15.7,14.2,0,43.9,43.5,0,NONE,SHIFT_B (14:00-22:00),4.92
IMO9302051,X-Press Feeders Neo-Panamax 2051,X-Press Feeders,Neo-Panamax,12827,354.9,15.0,B-01,4,2026-08-30T11:26:46.588782+00:00,2026-08-30T12:44:10.588782+00:00,2026-09-02T01:44:10.588782+00:00,15.1,4.5,0,61.8,61.0,0,NONE,SHIFT_A (06:00-14:00),1.29
IMO9302052,OOCL Handymax 2052,OOCL,Handymax,2451,202.7,8.5,B-08,2,2025-02-13T19:23:22.800246+00:00,2025-02-13T21:50:58.800246+00:00,2025-02-14T23:14:58.800246+00:00,12.5,24.6,0,24.9,25.4,0,NONE,SHIFT_B (14:00-22:00),2.46
IMO9302053,ONE Post-Panamax 2053,ONE,Post-Panamax,10201,301.6,13.3,B-01,4,2024-12-14T11:42:51.618494+00:00,2024-12-14T12:57:51.618494+00:00,2024-12-16T11:03:51.618494+00:00,15.4,26.8,0,46.4,46.1,0,NONE,SHIFT_A (06:00-14:00),1.25
IMO9302054,Yang Ming Panamax 2054,Yang Ming,Panamax,4313,273.3,11.3,B-05,3,2026-03-30T04:09:44.024178+00:00,2026-03-30T05:47:32.024178+00:00,2026-03-31T20:11:32.024178+00:00,14.3,13.0,0,37.9,38.4,0,NONE,SHIFT_C (22:00-06:00),1.63
IMO9302055,KMTC Panamax 2055,KMTC,Panamax,4146,280.0,10.0,B-05,3,2026-02-07T00:28:22.302097+00:00,2026-02-07T03:13:58.302097+00:00,2026-02-08T13:13:58.302097+00:00,13.6,19.9,0,27.3,34.0,402,CRANE_OUTAGE,SHIFT_C (22:00-06:00),2.76
IMO9302056,CMA CGM Neo-Panamax 2056,CMA CGM,Neo-Panamax,11936,356.6,14.4,B-01,4,2026-04-07T09:22:59.576082+00:00,2026-04-07T10:04:23.576082+00:00,2026-04-09T19:10:23.576082+00:00,12.9,8.6,0,49.4,57.1,461,WEATHER,SHIFT_A (06:00-14:00),0.69
IMO9302057,OOCL Panamax 2057,OOCL,Panamax,4393,282.7,10.5,B-04,3,2025-03-06T08:17:47.240500+00:00,2025-03-06T09:20:11.240500+00:00,2025-03-08T00:44:11.240500+00:00,15.9,15.9,0,34.9,39.4,269,YARD_CONGESTION,SHIFT_A (06:00-14:00),1.04
IMO9302058,ONE Post-Panamax 2058,ONE,Post-Panamax,9321,342.2,13.6,B-04,3,2026-09-04T03:04:35.809467+00:00,2026-09-04T04:47:11.809467+00:00,2026-09-06T08:41:11.809467+00:00,14.0,12.1,0,51.5,51.9,0,NONE,SHIFT_C (22:00-06:00),1.71
IMO9302059,PIL Panamax 2059,PIL,Panamax,4224,277.2,11.4,B-07,3,2025-11-24T15:05:25.408954+00:00,2025-11-24T17:25:49.408954+00:00,2025-11-26T05:13:49.408954+00:00,15.1,14.9,0,36.0,35.8,0,NONE,SHIFT_B (14:00-22:00),2.34
IMO9302060,PIL Handymax 2060,PIL,Handymax,3048,196.7,9.7,B-09,2,2026-06-01T00:49:03.071587+00:00,2026-06-01T02:39:27.071587+00:00,2026-06-02T02:15:27.071587+00:00,13.2,13.0,0,22.9,23.6,0,NONE,SHIFT_C (22:00-06:00),1.84
IMO9302061,ONE Post-Panamax 2061,ONE,Post-Panamax,8612,329.0,13.7,B-04,3,2025-09-02T23:32:48.025125+00:00,2025-09-03T00:17:48.025125+00:00,2025-09-04T19:05:48.025125+00:00,16.0,23.8,0,42.1,42.8,0,NONE,SHIFT_C (22:00-06:00),0.75
IMO9302062,KMTC ULCV 2062,KMTC,ULCV,20713,368.3,15.5,B-03,4,2025-10-10T10:38:16.821933+00:00,2025-10-10T12:57:28.821933+00:00,2025-10-12T19:51:28.821933+00:00,17.3,17.8,0,55.2,54.9,0,NONE,SHIFT_A (06:00-14:00),2.32
IMO9302063,ONE Feeder 2063,ONE,Feeder,1632,164.2,9.2,B-08,2,2025-12-21T11:19:31.903887+00:00,2025-12-21T11:19:31.903887+00:00,2025-12-22T08:01:31.903887+00:00,14.5,25.3,0,20.3,20.7,0,NONE,SHIFT_A (06:00-14:00),0.0
IMO9302064,SITC Feeder 2064,SITC,Feeder,1052,175.6,9.5,B-08,2,2025-08-15T15:39:47.775557+00:00,2025-08-15T15:39:47.775557+00:00,2025-08-16T14:33:47.775557+00:00,15.7,13.6,0,22.2,22.9,0,NONE,SHIFT_B (14:00-22:00),0.0
IMO9302065,Evergreen Post-Panamax 2065,Evergreen,Post-Panamax,8077,314.4,12.8,B-02,4,2026-08-11T20:25:18.812649+00:00,2026-08-11T23:03:06.812649+00:00,2026-08-14T05:51:06.812649+00:00,16.5,28.0,0,46.4,54.8,506,WEATHER,SHIFT_C (22:00-06:00),2.63
IMO9302066,Maersk Post-Panamax 2066,Maersk,Post-Panamax,9595,341.7,14.4,B-05,3,2024-10-09T12:56:50.683758+00:00,2024-10-09T15:16:02.683758+00:00,2024-10-11T23:16:02.683758+00:00,15.1,10.4,0,56.4,56.0,0,NONE,SHIFT_B (14:00-22:00),2.32
IMO9302067,Wan Hai Feeder 2067,Wan Hai,Feeder,1461,156.3,9.2,B-08,2,2025-07-14T08:33:13.363441+00:00,2025-07-14T11:12:13.363441+00:00,2025-07-15T14:18:13.363441+00:00,15.6,10.1,0,18.3,27.1,531,WEATHER,SHIFT_A (06:00-14:00),2.65
IMO9302068,HMM ULCV 2068,HMM,ULCV,19510,384.1,16.2,B-02,4,2025-08-31T14:51:00.691079+00:00,2025-08-31T15:52:48.691079+00:00,2025-09-03T18:10:48.691079+00:00,18.1,21.7,0,73.9,74.3,0,NONE,SHIFT_B (14:00-22:00),1.03
IMO9302069,Maersk Panamax 2069,Maersk,Panamax,4273,237.9,10.7,B-05,3,2025-09-02T06:34:47.854876+00:00,2025-09-02T08:39:35.854876+00:00,2025-09-03T16:27:35.854876+00:00,14.6,14.1,0,32.2,31.8,0,NONE,SHIFT_A (06:00-14:00),2.08
IMO9302070,KMTC Feeder 2070,KMTC,Feeder,1714,163.0,8.6,B-10,2,2025-12-06T14:55:59.027069+00:00,2025-12-06T15:28:59.027069+00:00,2025-12-07T12:22:59.027069+00:00,17.3,19.1,0,19.4,20.9,88,PILOT_UNAVAILABLE,SHIFT_B (14:00-22:00),0.55
IMO9302071,CMA CGM Feeder 2071,CMA CGM,Feeder,990,185.0,7.1,B-10,2,2024-10-21T02:28:33.128635+00:00,2024-10-21T09:04:33.128635+00:00,2024-10-22T03:52:33.128635+00:00,8.9,31.1,1,19.0,18.8,0,NONE,SHIFT_A (06:00-14:00),6.6
IMO9302072,OOCL Panamax 2072,OOCL,Panamax,5035,231.2,11.8,B-05,3,2025-01-31T14:41:26.052919+00:00,2025-01-31T14:41:26.052919+00:00,2025-02-02T00:23:26.052919+00:00,14.5,19.6,0,34.0,33.7,0,NONE,SHIFT_B (14:00-22:00),0.0
IMO9302073,COSCO Panamax 2073,COSCO,Panamax,4606,253.2,11.3,B-06,3,2026-02-14T00:46:59.372464+00:00,2026-02-14T01:54:11.372464+00:00,2026-02-15T04:54:11.372464+00:00,15.1,21.2,0,28.0,27.0,0,NONE,SHIFT_C (22:00-06:00),1.12
IMO9302074,MSC Feeder 2074,MSC,Feeder,1493,140.7,8.2,B-10,2,2026-07-23T03:14:22.669123+00:00,2026-07-23T05:07:46.669123+00:00,2026-07-24T01:43:46.669123+00:00,15.1,28.7,1,19.6,20.6,61,CRANE_OUTAGE,SHIFT_C (22:00-06:00),1.89
IMO9302075,OOCL Feeder 2075,OOCL,Feeder,1356,151.7,7.9,B-08,2,2025-12-05T13:41:49.785656+00:00,2025-12-05T13:41:49.785656+00:00,2025-12-06T12:05:49.785656+00:00,14.0,18.6,0,18.2,22.4,252,YARD_CONGESTION,SHIFT_A (06:00-14:00),0.0
IMO9302076,SITC Panamax 2076,SITC,Panamax,3400,242.4,11.5,B-06,3,2026-05-18T01:31:53.876101+00:00,2026-05-18T02:24:41.876101+00:00,2026-05-19T08:18:41.876101+00:00,13.3,19.1,0,30.8,29.9,0,NONE,SHIFT_C (22:00-06:00),0.88
IMO9302077,X-Press Feeders Neo-Panamax 2077,X-Press Feeders,Neo-Panamax,12798,341.4,14.6,B-02,4,2025-04-07T09:21:46.730211+00:00,2025-04-07T11:56:34.730211+00:00,2025-04-09T06:20:34.730211+00:00,13.2,9.1,0,43.0,42.4,0,NONE,SHIFT_A (06:00-14:00),2.58
IMO9302078,X-Press Feeders Panamax 2078,X-Press Feeders,Panamax,4745,257.4,11.3,B-04,3,2025-02-22T17:36:07.683355+00:00,2025-02-22T20:18:07.683355+00:00,2025-02-24T11:48:07.683355+00:00,12.0,24.7,0,40.3,39.5,0,NONE,SHIFT_B (14:00-22:00),2.7
IMO9302079,HMM Panamax 2079,HMM,Panamax,5048,271.9,11.1,B-04,3,2025-06-28T09:38:01.878558+00:00,2025-06-28T10:31:25.878558+00:00,2025-06-29T21:55:25.878558+00:00,14.7,4.4,0,34.9,35.4,0,NONE,SHIFT_A (06:00-14:00),0.89
IMO9302080,Hapag-Lloyd Panamax 2080,Hapag-Lloyd,Panamax,3301,221.9,10.3,B-05,3,2026-08-15T22:15:18.179200+00:00,2026-08-15T23:45:54.179200+00:00,2026-08-17T11:45:54.179200+00:00,16.1,24.0,0,36.6,36.0,0,NONE,SHIFT_C (22:00-06:00),1.51
IMO9302081,SITC Post-Panamax 2081,SITC,Post-Panamax,8119,342.1,14.2,B-04,3,2025-07-23T22:08:00.989389+00:00,2025-07-23T22:08:36.989389+00:00,2025-07-25T13:50:36.989389+00:00,14.4,6.6,0,36.2,39.7,210,YARD_CONGESTION,SHIFT_C (22:00-06:00),0.01
IMO9302082,CMA CGM Post-Panamax 2082,CMA CGM,Post-Panamax,10134,321.5,12.9,B-01,4,2026-02-26T23:30:52.947233+00:00,2026-02-27T00:36:52.947233+00:00,2026-03-01T00:48:52.947233+00:00,17.6,8.3,0,47.5,48.2,0,NONE,SHIFT_C (22:00-06:00),1.1
IMO9302083,COSCO Handymax 2083,COSCO,Handymax,2375,219.8,10.9,B-08,2,2025-08-10T08:03:23.704122+00:00,2025-08-10T09:04:35.704122+00:00,2025-08-11T07:52:35.704122+00:00,14.8,13.5,0,22.1,22.8,0,NONE,SHIFT_A (06:00-14:00),1.02
IMO9302084,CMA CGM Feeder 2084,CMA CGM,Feeder,2421,140.7,8.6,B-09,2,2025-04-12T15:53:25.264364+00:00,2025-04-12T18:30:37.264364+00:00,2025-04-13T17:30:37.264364+00:00,16.2,9.9,0,17.4,23.0,335,WEATHER,SHIFT_B (14:00-22:00),2.62
IMO9302085,HMM Feeder 2085,HMM,Feeder,1204,147.8,8.6,B-10,2,2024-12-21T14:50:22.723581+00:00,2024-12-21T17:07:10.723581+00:00,2024-12-22T13:07:10.723581+00:00,12.6,14.5,0,15.4,20.0,275,WEATHER,SHIFT_B (14:00-22:00),2.28
IMO9302086,Wan Hai Panamax 2086,Wan Hai,Panamax,4259,283.3,11.5,B-05,3,2024-12-13T17:08:38.573286+00:00,2024-12-13T18:44:02.573286+00:00,2024-12-14T21:26:02.573286+00:00,12.5,24.7,0,26.7,26.7,0,NONE,SHIFT_B (14:00-22:00),1.59
IMO9302087,Yang Ming Post-Panamax 2087,Yang Ming,Post-Panamax,6653,313.5,13.6,B-03,4,2026-06-19T23:39:00.707363+00:00,2026-06-20T02:27:00.707363+00:00,2026-06-22T00:39:00.707363+00:00,11.6,30.7,1,45.9,46.2,0,NONE,SHIFT_C (22:00-06:00),2.8
IMO9302088,OOCL Panamax 2088,OOCL,Panamax,3687,249.1,10.6,B-07,3,2025-12-17T08:59:36.015964+00:00,2025-12-17T10:14:00.015964+00:00,2025-12-18T16:32:00.015964+00:00,14.2,21.7,0,30.2,30.3,0,NONE,SHIFT_A (06:00-14:00),1.24
IMO9302089,Yang Ming Neo-Panamax 2089,Yang Ming,Neo-Panamax,10434,350.7,14.7,B-03,4,2025-03-20T00:30:31.074349+00:00,2025-03-20T02:02:55.074349+00:00,2025-03-22T12:08:55.074349+00:00,13.1,23.4,0,58.7,58.1,0,NONE,SHIFT_C (22:00-06:00),1.54
IMO9302090,COSCO ULCV 2090,COSCO,ULCV,16986,391.6,14.9,B-02,4,2026-02-06T14:32:30.412503+00:00,2026-02-06T15:27:42.412503+00:00,2026-02-09T03:21:42.412503+00:00,15.8,5.3,0,59.1,59.9,48,PILOT_UNAVAILABLE,SHIFT_B (14:00-22:00),0.92
IMO9302091,CMA CGM Neo-Panamax 2091,CMA CGM,Neo-Panamax,15000,353.6,13.8,B-01,4,2026-04-14T17:50:39.483221+00:00,2026-04-14T18:50:39.483221+00:00,2026-04-16T18:32:39.483221+00:00,16.4,20.5,0,47.7,47.7,0,NONE,SHIFT_B (14:00-22:00),1.0
IMO9302092,Wan Hai Feeder 2092,Wan Hai,Feeder,2220,167.0,8.7,B-09,2,2025-02-28T13:32:52.131414+00:00,2025-02-28T15:23:52.131414+00:00,2025-03-01T12:35:52.131414+00:00,16.0,22.3,0,19.5,21.2,100,WEATHER,SHIFT_B (14:00-22:00),1.85
IMO9302093,Evergreen Post-Panamax 2093,Evergreen,Post-Panamax,8967,321.6,14.3,B-04,3,2025-04-11T23:01:21.088359+00:00,2025-04-12T00:42:45.088359+00:00,2025-04-14T00:06:45.088359+00:00,16.1,4.3,0,48.3,47.4,0,NONE,SHIFT_C (22:00-06:00),1.69
IMO9302094,MSC ULCV 2094,MSC,ULCV,20661,380.7,16.2,B-01,4,2025-01-04T01:20:41.806714+00:00,2025-01-04T05:53:41.806714+00:00,2025-01-07T07:35:41.806714+00:00,12.5,18.3,0,66.2,73.7,451,WEATHER,SHIFT_C (22:00-06:00),4.55
IMO9302095,HMM Handymax 2095,HMM,Handymax,2581,206.3,8.6,B-07,3,2025-06-13T18:27:26.215621+00:00,2025-06-13T20:50:14.215621+00:00,2025-06-15T00:56:14.215621+00:00,16.3,17.3,0,23.3,28.1,286,CRANE_OUTAGE,SHIFT_B (14:00-22:00),2.38
IMO9302096,HMM ULCV 2096,HMM,ULCV,17218,398.2,14.9,B-02,4,2024-10-30T08:54:19.275207+00:00,2024-10-30T08:54:19.275207+00:00,2024-11-02T02:00:19.275207+00:00,16.1,19.2,0,64.7,65.1,0,NONE,SHIFT_A (06:00-14:00),0.0
IMO9302097,Evergreen Panamax 2097,Evergreen,Panamax,3714,275.4,11.4,B-07,3,2025-08-12T17:56:51.281191+00:00,2025-08-12T19:46:39.281191+00:00,2025-08-14T07:52:39.281191+00:00,16.5,10.2,0,33.2,36.1,171,YARD_CONGESTION,SHIFT_B (14:00-22:00),1.83
IMO9302098,OOCL Feeder 2098,OOCL,Feeder,2088,143.9,7.9,B-10,2,2026-04-21T09:20:07.930678+00:00,2026-04-21T09:29:43.930678+00:00,2026-04-22T08:41:43.930678+00:00,14.7,8.6,0,20.4,23.2,168,WEATHER,SHIFT_A (06:00-14:00),0.16
IMO9302099,OOCL Handymax 2099,OOCL,Handymax,3167,217.3,8.6,B-08,2,2026-05-03T20:18:49.089510+00:00,2026-05-03T21:51:49.089510+00:00,2026-05-04T19:33:49.089510+00:00,13.5,10.0,0,22.6,21.7,0,NONE,SHIFT_B (14:00-22:00),1.55
IMO9302100,Hapag-Lloyd Feeder 2100,Hapag-Lloyd,Feeder,1798,149.6,9.0,B-10,2,2026-07-15T14:09:37.046840+00:00,2026-07-15T15:43:49.046840+00:00,2026-07-16T14:19:49.046840+00:00,12.9,29.4,1,22.5,22.6,0,NONE,SHIFT_B (14:00-22:00),1.57
IMO9302101,MSC ULCV 2101,MSC,ULCV,18901,375.3,14.8,B-02,4,2025-12-09T05:23:38.464435+00:00,2025-12-09T09:47:38.464435+00:00,2025-12-12T04:11:38.464435+00:00,15.5,8.0,0,66.0,66.4,0,NONE,SHIFT_A (06:00-14:00),4.4
IMO9302102,OOCL Feeder 2102,OOCL,Feeder,986,176.2,7.2,B-08,2,2025-02-03T12:59:08.046044+00:00,2025-02-03T13:51:56.046044+00:00,2025-02-04T05:27:56.046044+00:00,17.4,20.4,0,15.3,15.6,0,NONE,SHIFT_A (06:00-14:00),0.88
IMO9302103,ZIM Post-Panamax 2103,ZIM,Post-Panamax,7060,330.6,13.0,B-05,3,2025-04-23T05:09:13.301169+00:00,2025-04-23T05:57:49.301169+00:00,2025-04-25T08:45:49.301169+00:00,14.8,15.2,0,46.7,50.8,245,YARD_CONGESTION,SHIFT_C (22:00-06:00),0.81
IMO9302104,Yang Ming Panamax 2104,Yang Ming,Panamax,3538,232.2,11.0,B-06,3,2025-11-27T11:45:53.281623+00:00,2025-11-27T12:17:41.281623+00:00,2025-11-28T19:05:41.281623+00:00,14.7,2.9,0,30.3,30.8,0,NONE,SHIFT_A (06:00-14:00),0.53
IMO9302105,PIL Feeder 2105,PIL,Feeder,1286,183.5,8.8,B-09,2,2026-06-15T14:58:02.475243+00:00,2026-06-15T16:53:50.475243+00:00,2026-06-16T11:35:50.475243+00:00,14.4,14.0,0,19.1,18.7,0,NONE,SHIFT_B (14:00-22:00),1.93
IMO9302106,X-Press Feeders Panamax 2106,X-Press Feeders,Panamax,4720,255.1,10.7,B-07,3,2025-10-21T19:06:15.575210+00:00,2025-10-21T20:19:27.575210+00:00,2025-10-23T07:25:27.575210+00:00,15.0,5.7,0,34.3,35.1,51,PILOT_UNAVAILABLE,SHIFT_B (14:00-22:00),1.22
IMO9302107,MSC Neo-Panamax 2107,MSC,Neo-Panamax,10895,359.4,14.7,B-01,4,2026-07-23T14:18:15.331815+00:00,2026-07-23T16:06:15.331815+00:00,2026-07-25T19:12:15.331815+00:00,17.4,20.4,0,51.2,51.1,0,NONE,SHIFT_B (14:00-22:00),1.8
IMO9302108,COSCO Panamax 2108,COSCO,Panamax,4151,257.7,10.4,B-07,3,2025-06-02T20:54:59.008104+00:00,2025-06-02T20:59:47.008104+00:00,2025-06-04T09:11:47.008104+00:00,14.6,13.0,0,36.3,36.2,0,NONE,SHIFT_B (14:00-22:00),0.08
IMO9302109,PIL Post-Panamax 2109,PIL,Post-Panamax,9393,304.4,14.1,B-04,3,2024-11-17T08:30:14.040549+00:00,2024-11-17T11:30:50.040549+00:00,2024-11-19T06:36:50.040549+00:00,15.0,4.0,0,43.1,43.1,0,NONE,SHIFT_A (06:00-14:00),3.01
IMO9302110,X-Press Feeders Post-Panamax 2110,X-Press Feeders,Post-Panamax,6598,323.9,13.5,B-04,3,2024-11-04T04:47:53.603192+00:00,2024-11-04T05:27:29.603192+00:00,2024-11-06T04:09:29.603192+00:00,14.6,19.9,0,46.7,46.7,0,NONE,SHIFT_C (22:00-06:00),0.66
IMO9302111,ZIM Post-Panamax 2111,ZIM,Post-Panamax,10252,322.4,13.8,B-02,4,2026-01-08T03:08:41.081307+00:00,2026-01-08T04:52:29.081307+00:00,2026-01-10T03:46:29.081307+00:00,16.5,9.6,0,45.2,46.9,101,PILOT_UNAVAILABLE,SHIFT_C (22:00-06:00),1.73
IMO9302112,X-Press Feeders Feeder 2112,X-Press Feeders,Feeder,1865,166.2,9.4,B-10,2,2025-07-25T00:04:30.436112+00:00,2025-07-25T01:47:06.436112+00:00,2025-07-25T22:17:06.436112+00:00,9.8,35.6,1,20.8,20.5,0,NONE,SHIFT_C (22:00-06:00),1.71
IMO9302113,HMM Neo-Panamax 2113,HMM,Neo-Panamax,10289,350.1,14.0,B-02,4,2025-12-19T13:13:33.670356+00:00,2025-12-19T13:29:09.670356+00:00,2025-12-21T19:53:09.670356+00:00,14.3,12.7,0,55.2,54.4,0,NONE,SHIFT_A (06:00-14:00),0.26
IMO9302114,PIL Panamax 2114,PIL,Panamax,4496,250.2,10.7,B-07,3,2026-04-22T01:58:04.852033+00:00,2026-04-22T03:02:16.852033+00:00,2026-04-23T10:26:16.852033+00:00,15.2,11.3,0,31.3,31.4,0,NONE,SHIFT_C (22:00-06:00),1.07
IMO9302115,Hapag-Lloyd Panamax 2115,Hapag-Lloyd,Panamax,4431,221.1,10.1,B-06,3,2025-11-13T20:39:46.473339+00:00,2025-11-13T21:38:34.473339+00:00,2025-11-15T04:38:34.473339+00:00,13.3,21.5,0,30.8,31.0,0,NONE,SHIFT_B (14:00-22:00),0.98
IMO9302116,OOCL Feeder 2116,OOCL,Feeder,2012,171.3,8.2,B-08,2,2025-01-22T01:19:17.250058+00:00,2025-01-22T01:31:17.250058+00:00,2025-01-22T23:01:17.250058+00:00,14.1,6.7,0,21.0,21.5,0,NONE,SHIFT_C (22:00-06:00),0.2
IMO9302117,MSC Feeder 2117,MSC,Feeder,2475,138.3,7.9,B-09,2,2026-01-18T16:48:20.073802+00:00,2026-01-18T19:45:56.073802+00:00,2026-01-19T17:21:56.073802+00:00,14.6,12.1,0,18.0,21.6,217,TIDAL_WINDOW_MISSED,SHIFT_B (14:00-22:00),2.96
IMO9302118,ONE Post-Panamax 2118,ONE,Post-Panamax,10253,328.4,13.5,B-02,4,2025-09-08T17:37:38.791332+00:00,2025-09-08T18:55:02.791332+00:00,2025-09-10T18:43:02.791332+00:00,14.2,14.8,0,48.4,47.8,0,NONE,SHIFT_B (14:00-22:00),1.29
IMO9302119,ZIM Post-Panamax 2119,ZIM,Post-Panamax,6986,312.4,12.9,B-01,4,2026-08-27T15:55:19.809348+00:00,2026-08-27T18:50:31.809348+00:00,2026-08-30T01:02:31.809348+00:00,15.1,8.1,0,42.8,54.2,683,TIDAL_WINDOW_MISSED,SHIFT_B (14:00-22:00),2.92
IMO9302120,HMM Post-Panamax 2120,HMM,Post-Panamax,9881,305.3,14.5,B-03,4,2024-10-05T14:40:55.949224+00:00,2024-10-05T18:20:31.949224+00:00,2024-10-07T19:44:31.949224+00:00,12.9,13.5,0,50.0,49.4,0,NONE,SHIFT_B (14:00-22:00),3.66
IMO9302121,X-Press Feeders Feeder 2121,X-Press Feeders,Feeder,1726,139.4,7.8,B-09,2,2025-06-20T13:50:03.561989+00:00,2025-06-20T15:26:39.561989+00:00,2025-06-21T12:56:39.561989+00:00,14.9,10.2,0,21.8,21.5,0,NONE,SHIFT_B (14:00-22:00),1.61
IMO9302122,SITC Post-Panamax 2122,SITC,Post-Panamax,7336,342.7,14.5,B-02,4,2026-01-02T13:49:17.507365+00:00,2026-01-02T16:17:29.507365+00:00,2026-01-04T16:17:29.507365+00:00,11.6,18.6,0,45.6,48.0,142,WEATHER,SHIFT_B (14:00-22:00),2.47
IMO9302123,Evergreen Neo-Panamax 2123,Evergreen,Neo-Panamax,10098,360.1,14.5,B-02,4,2026-07-30T05:07:36.983153+00:00,2026-07-30T06:26:12.983153+00:00,2026-08-01T12:50:12.983153+00:00,14.8,16.1,0,54.5,54.4,0,NONE,SHIFT_A (06:00-14:00),1.31
IMO9302124,HMM Panamax 2124,HMM,Panamax,4563,254.0,11.2,B-05,3,2025-11-22T15:59:21.932584+00:00,2025-11-22T17:46:45.932584+00:00,2025-11-24T10:58:45.932584+00:00,12.1,11.8,0,32.8,41.2,504,WEATHER,SHIFT_B (14:00-22:00),1.79
IMO9302125,ZIM Post-Panamax 2125,ZIM,Post-Panamax,7685,315.1,12.8,B-02,4,2025-02-20T03:01:36.879005+00:00,2025-02-20T04:58:00.879005+00:00,2025-02-22T02:16:00.879005+00:00,16.8,10.2,0,42.2,45.3,185,CRANE_OUTAGE,SHIFT_C (22:00-06:00),1.94
IMO9302126,Yang Ming Neo-Panamax 2126,Yang Ming,Neo-Panamax,10340,352.0,14.1,B-01,4,2024-11-08T16:16:55.545143+00:00,2024-11-08T17:40:19.545143+00:00,2024-11-10T12:34:19.545143+00:00,17.3,23.6,0,43.6,42.9,0,NONE,SHIFT_B (14:00-22:00),1.39
IMO9302127,COSCO Post-Panamax 2127,COSCO,Post-Panamax,8536,346.0,14.1,B-05,3,2025-11-28T01:50:40.655158+00:00,2025-11-28T03:41:40.655158+00:00,2025-11-30T03:05:40.655158+00:00,14.8,14.3,0,46.9,47.4,0,NONE,SHIFT_C (22:00-06:00),1.85
IMO9302128,COSCO Feeder 2128,COSCO,Feeder,2060,178.9,9.0,B-08,2,2025-04-08T07:55:45.312191+00:00,2025-04-08T09:22:45.312191+00:00,2025-04-09T06:46:45.312191+00:00,12.6,24.0,0,20.8,21.4,0,NONE,SHIFT_A (06:00-14:00),1.45
IMO9302129,KMTC Post-Panamax 2129,KMTC,Post-Panamax,8231,328.0,13.8,B-03,4,2026-08-03T13:45:25.655161+00:00,2026-08-03T15:54:25.655161+00:00,2026-08-05T15:36:25.655161+00:00,14.9,10.9,0,47.0,47.7,0,NONE,SHIFT_B (14:00-22:00),2.15
IMO9302130,COSCO ULCV 2130,COSCO,ULCV,19600,376.6,16.4,B-01,4,2025-05-04T09:33:03.114648+00:00,2025-05-04T12:11:27.114648+00:00,2025-05-07T16:17:27.114648+00:00,17.2,9.8,0,72.5,76.1,218,CRANE_OUTAGE,SHIFT_A (06:00-14:00),2.64
IMO9302131,MSC Handymax 2131,MSC,Handymax,3172,200.1,9.5,B-08,2,2025-02-25T01:28:56.900242+00:00,2025-02-25T05:07:20.900242+00:00,2025-02-26T03:07:20.900242+00:00,10.9,14.3,0,22.6,22.0,0,NONE,SHIFT_C (22:00-06:00),3.64
IMO9302132,COSCO Feeder 2132,COSCO,Feeder,2362,145.8,9.0,B-09,2,2026-03-06T15:31:29.938252+00:00,2026-03-06T20:16:29.938252+00:00,2026-03-07T15:10:29.938252+00:00,15.5,14.7,0,18.1,18.9,0,NONE,SHIFT_B (14:00-22:00),4.75
IMO9302133,MSC Panamax 2133,MSC,Panamax,3911,251.8,10.5,B-05,3,2025-01-08T23:00:22.679633+00:00,2025-01-09T02:36:22.679633+00:00,2025-01-10T02:42:22.679633+00:00,14.0,17.7,0,25.1,24.1,0,NONE,SHIFT_C (22:00-06:00),3.6
IMO9302134,Yang Ming ULCV 2134,Yang Ming,ULCV,20441,386.7,15.9,B-03,4,2024-10-20T12:06:53.259388+00:00,2024-10-20T12:26:41.259388+00:00,2024-10-22T21:38:41.259388+00:00,15.2,17.6,1,58.2,57.2,0,NONE,SHIFT_A (06:00-14:00),0.33
IMO9302135,Yang Ming Handymax 2135,Yang Ming,Handymax,2923,186.7,10.4,B-08,2,2026-04-03T00:06:51.170255+00:00,2026-04-03T03:35:03.170255+00:00,2026-04-03T21:05:03.170255+00:00,15.5,4.5,0,17.3,17.5,0,NONE,SHIFT_C (22:00-06:00),3.47
IMO9302136,Maersk Feeder 2136,Maersk,Feeder,2118,189.8,8.5,B-09,2,2026-02-17T16:45:09.374084+00:00,2026-02-17T18:11:33.374084+00:00,2026-02-18T14:47:33.374084+00:00,15.2,21.9,0,19.9,20.6,0,NONE,SHIFT_B (14:00-22:00),1.44
IMO9302137,HMM Feeder 2137,HMM,Feeder,1619,156.4,9.4,B-09,2,2025-07-13T21:07:56.457994+00:00,2025-07-13T23:12:44.457994+00:00,2025-07-14T14:48:44.457994+00:00,13.3,18.1,0,16.1,15.6,0,NONE,SHIFT_C (22:00-06:00),2.08
IMO9302138,Maersk Feeder 2138,Maersk,Feeder,2455,183.9,7.6,B-08,2,2026-08-30T22:35:11.431681+00:00,2026-08-30T23:09:59.431681+00:00,2026-08-31T14:15:59.431681+00:00,17.0,4.8,0,16.0,15.1,0,NONE,SHIFT_C (22:00-06:00),0.58
IMO9302139,Yang Ming Panamax 2139,Yang Ming,Panamax,4269,265.8,10.6,B-05,3,2025-02-13T03:31:39.123378+00:00,2025-02-13T06:29:51.123378+00:00,2025-02-14T20:11:51.123378+00:00,10.7,14.1,0,38.5,37.7,0,NONE,SHIFT_A (06:00-14:00),2.97
IMO9302140,KMTC Post-Panamax 2140,KMTC,Post-Panamax,8777,341.6,14.5,B-05,3,2026-09-01T04:24:36.896917+00:00,2026-09-01T07:12:36.896917+00:00,2026-09-03T13:12:36.896917+00:00,14.3,27.5,0,50.2,54.0,227,YARD_CONGESTION,SHIFT_A (06:00-14:00),2.8
IMO9302141,KMTC Handymax 2141,KMTC,Handymax,2477,197.9,9.1,B-08,2,2025-05-28T17:28:47.820282+00:00,2025-05-28T18:31:11.820282+00:00,2025-05-29T16:37:11.820282+00:00,9.3,27.8,0,22.9,22.1,0,NONE,SHIFT_B (14:00-22:00),1.04
IMO9302142,Maersk Post-Panamax 2142,Maersk,Post-Panamax,9450,340.9,14.0,B-02,4,2024-12-04T16:31:40.023692+00:00,2024-12-04T18:14:16.023692+00:00,2024-12-06T18:50:16.023692+00:00,14.6,25.2,0,42.6,48.6,359,CRANE_OUTAGE,SHIFT_B (14:00-22:00),1.71
IMO9302143,X-Press Feeders Panamax 2143,X-Press Feeders,Panamax,3878,263.9,12.0,B-07,3,2025-04-19T20:17:50.920633+00:00,2025-04-19T22:35:50.920633+00:00,2025-04-21T05:41:50.920633+00:00,13.8,18.3,0,30.4,31.1,0,NONE,SHIFT_C (22:00-06:00),2.3
IMO9302144,KMTC Neo-Panamax 2144,KMTC,Neo-Panamax,14149,358.1,13.8,B-02,4,2025-04-19T19:53:05.734279+00:00,2025-04-19T21:24:53.734279+00:00,2025-04-22T05:18:53.734279+00:00,17.3,7.9,0,47.4,55.9,511,WEATHER,SHIFT_B (14:00-22:00),1.53
IMO9302145,X-Press Feeders Handymax 2145,X-Press Feeders,Handymax,2498,214.3,10.9,B-07,3,2025-01-03T06:29:50.785570+00:00,2025-01-03T07:07:02.785570+00:00,2025-01-04T17:49:02.785570+00:00,13.0,14.3,0,27.6,34.7,427,TIDAL_WINDOW_MISSED,SHIFT_A (06:00-14:00),0.62
IMO9302146,ONE Handymax 2146,ONE,Handymax,2986,211.6,10.7,B-09,2,2025-11-05T08:57:59.243928+00:00,2025-11-05T11:23:47.243928+00:00,2025-11-06T11:23:47.243928+00:00,16.2,3.9,0,24.1,24.0,0,NONE,SHIFT_A (06:00-14:00),2.43
IMO9302147,Wan Hai Feeder 2147,Wan Hai,Feeder,2268,157.8,7.3,B-08,2,2025-12-12T14:21:54.882015+00:00,2025-12-12T15:20:06.882015+00:00,2025-12-13T11:26:06.882015+00:00,16.0,22.7,0,17.1,20.1,179,YARD_CONGESTION,SHIFT_B (14:00-22:00),0.97
IMO9302148,X-Press Feeders Handymax 2148,X-Press Feeders,Handymax,3421,188.3,10.0,B-09,2,2026-09-06T23:25:36.587454+00:00,2026-09-07T00:19:36.587454+00:00,2026-09-07T20:55:36.587454+00:00,13.2,28.7,1,20.7,20.6,0,NONE,SHIFT_C (22:00-06:00),0.9
IMO9302149,Yang Ming Neo-Panamax 2149,Yang Ming,Neo-Panamax,11083,355.6,14.0,B-02,4,2025-05-05T16:35:16.236291+00:00,2025-05-05T23:16:40.236291+00:00,2025-05-08T08:40:40.236291+00:00,11.2,34.7,1,56.9,57.4,0,NONE,SHIFT_C (22:00-06:00),6.6899999999999995
IMO9302150,Wan Hai Panamax 2150,Wan Hai,Panamax,4595,221.7,11.8,B-04,3,2026-09-13T01:59:22.683714+00:00,2026-09-13T03:18:34.683714+00:00,2026-09-14T05:36:34.683714+00:00,15.2,18.8,0,25.9,26.3,0,NONE,SHIFT_C (22:00-06:00),1.32
IMO9302151,Wan Hai Feeder 2151,Wan Hai,Feeder,1998,155.4,8.0,B-09,2,2026-05-02T15:50:17.104733+00:00,2026-05-02T17:20:53.104733+00:00,2026-05-03T09:08:53.104733+00:00,15.9,21.5,0,16.6,15.8,0,NONE,SHIFT_B (14:00-22:00),1.51
IMO9302152,MSC Feeder 2152,MSC,Feeder,1086,170.4,8.4,B-10,2,2025-03-17T15:24:20.842793+00:00,2025-03-17T16:24:56.842793+00:00,2025-03-18T23:24:56.842793+00:00,12.9,15.9,0,24.2,31.0,409,WEATHER,SHIFT_B (14:00-22:00),1.01
IMO9302153,X-Press Feeders Feeder 2153,X-Press Feeders,Feeder,1246,158.7,7.5,B-08,2,2026-08-05T00:47:51.899177+00:00,2026-08-05T01:20:15.899177+00:00,2026-08-06T03:26:15.899177+00:00,12.6,15.1,0,23.3,26.1,170,YARD_CONGESTION,SHIFT_C (22:00-06:00),0.54
IMO9302154,KMTC Panamax 2154,KMTC,Panamax,4298,279.9,11.9,B-07,3,2026-07-29T16:02:43.782670+00:00,2026-07-29T16:02:43.782670+00:00,2026-07-30T22:44:43.782670+00:00,17.6,7.6,0,31.5,30.7,0,NONE,SHIFT_B (14:00-22:00),0.0
IMO9302155,KMTC Feeder 2155,KMTC,Feeder,2289,142.8,7.2,B-09,2,2025-02-03T18:59:50.622891+00:00,2025-02-03T21:06:26.622891+00:00,2025-02-04T15:54:26.622891+00:00,15.7,18.1,0,16.0,18.8,169,WEATHER,SHIFT_B (14:00-22:00),2.11
IMO9302156,HMM Feeder 2156,HMM,Feeder,1693,175.9,8.7,B-10,2,2026-03-30T09:53:40.301055+00:00,2026-03-30T10:02:40.301055+00:00,2026-03-31T07:08:40.301055+00:00,13.5,15.4,0,21.4,21.1,0,NONE,SHIFT_A (06:00-14:00),0.15
IMO9302157,HMM Panamax 2157,HMM,Panamax,3922,221.0,10.5,B-04,3,2025-04-23T04:00:23.872560+00:00,2025-04-23T08:27:23.872560+00:00,2025-04-25T05:09:23.872560+00:00,9.6,33.0,1,36.3,44.7,502,WEATHER,SHIFT_A (06:00-14:00),4.45
IMO9302158,COSCO Panamax 2158,COSCO,Panamax,3984,232.2,11.8,B-07,3,2025-07-25T14:08:50.542794+00:00,2025-07-25T18:46:02.542794+00:00,2025-07-27T03:40:02.542794+00:00,13.4,17.4,0,29.8,32.9,185,WEATHER,SHIFT_B (14:00-22:00),4.62
IMO9302159,KMTC Handymax 2159,KMTC,Handymax,3400,210.5,9.1,B-08,2,2025-03-20T06:37:19.751314+00:00,2025-03-20T08:02:31.751314+00:00,2025-03-21T07:44:31.751314+00:00,18.6,17.9,0,24.5,23.7,0,NONE,SHIFT_A (06:00-14:00),1.42
IMO9302160,COSCO ULCV 2160,COSCO,ULCV,17646,368.5,16.1,B-01,4,2026-08-15T20:19:15.294845+00:00,2026-08-15T20:19:15.294845+00:00,2026-08-18T10:49:15.294845+00:00,12.9,10.4,0,63.3,62.5,0,NONE,SHIFT_B (14:00-22:00),0.0
IMO9302161,PIL Handymax 2161,PIL,Handymax,3421,203.8,10.1,B-06,3,2025-03-12T12:04:45.198278+00:00,2025-03-12T15:36:33.198278+00:00,2025-03-13T11:48:33.198278+00:00,13.0,8.3,0,20.9,20.2,0,NONE,SHIFT_B (14:00-22:00),3.53
IMO9302162,COSCO Handymax 2162,COSCO,Handymax,3494,207.5,8.5,B-08,2,2024-10-31T09:33:57.985696+00:00,2024-10-31T11:51:57.985696+00:00,2024-11-01T12:27:57.985696+00:00,13.6,30.0,1,24.3,24.6,0,NONE,SHIFT_A (06:00-14:00),2.3
IMO9302163,Maersk Handymax 2163,Maersk,Handymax,3041,188.7,9.0,B-08,2,2026-07-28T01:08:28.161174+00:00,2026-07-28T02:35:28.161174+00:00,2026-07-29T03:17:28.161174+00:00,13.4,11.7,0,22.0,24.7,164,PILOT_UNAVAILABLE,SHIFT_C (22:00-06:00),1.45
IMO9302164,SITC Post-Panamax 2164,SITC,Post-Panamax,8102,348.5,14.1,B-05,3,2025-01-28T13:57:29.540522+00:00,2025-01-28T16:34:05.540522+00:00,2025-01-30T11:16:05.540522+00:00,12.5,32.9,1,43.4,42.7,0,NONE,SHIFT_B (14:00-22:00),2.6100000000000003
IMO9302165,HMM Post-Panamax 2165,HMM,Post-Panamax,10427,334.1,12.6,B-02,4,2024-10-07T13:50:04.519308+00:00,2024-10-07T16:18:52.519308+00:00,2024-10-09T13:00:52.519308+00:00,14.0,9.5,0,44.0,44.7,0,NONE,SHIFT_B (14:00-22:00),2.48
IMO9302166,KMTC Panamax 2166,KMTC,Panamax,4194,227.3,10.3,B-05,3,2026-04-23T11:30:04.243997+00:00,2026-04-23T12:48:04.243997+00:00,2026-04-24T20:18:04.243997+00:00,15.0,3.7,0,32.1,31.5,0,NONE,SHIFT_A (06:00-14:00),1.3
IMO9302167,Hapag-Lloyd Post-Panamax 2167,Hapag-Lloyd,Post-Panamax,8570,328.9,12.8,B-05,3,2026-06-09T22:41:12.689615+00:00,2026-06-09T22:41:12.689615+00:00,2026-06-12T00:41:12.689615+00:00,15.5,23.7,0,47.5,50.0,148,YARD_CONGESTION,SHIFT_C (22:00-06:00),0.0
IMO9302168,SITC Feeder 2168,SITC,Feeder,1523,143.8,8.1,B-09,2,2025-08-22T05:19:16.749359+00:00,2025-08-22T06:49:52.749359+00:00,2025-08-23T01:07:52.749359+00:00,15.5,7.9,0,18.5,18.3,0,NONE,SHIFT_A (06:00-14:00),1.51
IMO9302169,ZIM Feeder 2169,ZIM,Feeder,2499,138.3,8.2,B-10,2,2026-07-30T06:46:01.384814+00:00,2026-07-30T08:28:37.384814+00:00,2026-07-30T22:16:37.384814+00:00,13.5,17.6,0,14.2,13.8,0,NONE,SHIFT_A (06:00-14:00),1.71
IMO9302170,Wan Hai Feeder 2170,Wan Hai,Feeder,2252,151.2,7.2,B-08,2,2026-09-05T00:01:42.922635+00:00,2026-09-05T02:33:30.922635+00:00,2026-09-05T22:33:30.922635+00:00,16.4,12.5,0,19.8,20.0,0,NONE,SHIFT_C (22:00-06:00),2.53
IMO9302171,Hapag-Lloyd Post-Panamax 2171,Hapag-Lloyd,Post-Panamax,8203,306.4,14.3,B-01,4,2026-09-08T22:14:01.568088+00:00,2026-09-08T22:14:01.568088+00:00,2026-09-11T02:20:01.568088+00:00,17.4,7.5,0,46.6,52.1,330,CRANE_OUTAGE,SHIFT_C (22:00-06:00),0.0
IMO9302172,ONE Feeder 2172,ONE,Feeder,2477,170.2,8.7,B-10,2,2026-03-04T13:35:24.522214+00:00,2026-03-04T17:27:00.522214+00:00,2026-03-05T13:45:00.522214+00:00,11.6,39.0,1,19.8,20.3,0,NONE,SHIFT_B (14:00-22:00),3.86
IMO9302173,COSCO Panamax 2173,COSCO,Panamax,3905,281.0,11.4,B-04,3,2025-11-18T12:49:29.705402+00:00,2025-11-18T16:12:17.705402+00:00,2025-11-19T18:18:17.705402+00:00,13.4,13.0,0,26.7,26.1,0,NONE,SHIFT_B (14:00-22:00),3.38
IMO9302174,HMM Neo-Panamax 2174,HMM,Neo-Panamax,10526,349.7,15.3,B-01,4,2025-12-11T21:53:54.094323+00:00,2025-12-11T22:38:54.094323+00:00,2025-12-14T02:26:54.094323+00:00,14.1,14.0,0,52.3,51.8,0,NONE,SHIFT_C (22:00-06:00),0.75
IMO9302175,Maersk Post-Panamax 2175,Maersk,Post-Panamax,7278,305.0,14.0,B-04,3,2025-11-29T04:33:55.483216+00:00,2025-11-29T07:28:31.483216+00:00,2025-12-01T05:22:31.483216+00:00,17.9,23.4,0,46.7,45.9,0,NONE,SHIFT_A (06:00-14:00),2.91
IMO9302176,Wan Hai Handymax 2176,Wan Hai,Handymax,2835,212.7,10.1,B-09,2,2026-07-09T03:45:57.096284+00:00,2026-07-09T05:23:45.096284+00:00,2026-07-10T07:17:45.096284+00:00,15.0,20.1,0,26.3,25.9,0,NONE,SHIFT_C (22:00-06:00),1.63
IMO9302177,Yang Ming Feeder 2177,Yang Ming,Feeder,2424,171.8,7.3,B-10,2,2024-11-14T03:03:42.539625+00:00,2024-11-14T03:41:30.539625+00:00,2024-11-14T19:29:30.539625+00:00,17.6,8.9,0,16.2,15.8,0,NONE,SHIFT_C (22:00-06:00),0.63
IMO9302178,MSC Handymax 2178,MSC,Handymax,2626,218.2,10.6,B-09,2,2024-10-02T05:42:53.906480+00:00,2024-10-02T08:36:17.906480+00:00,2024-10-03T13:00:17.906480+00:00,12.6,8.5,0,28.7,28.4,0,NONE,SHIFT_A (06:00-14:00),2.89
IMO9302179,CMA CGM Post-Panamax 2179,CMA CGM,Post-Panamax,7803,305.8,13.2,B-03,4,2026-01-31T09:59:57.826455+00:00,2026-01-31T10:47:21.826455+00:00,2026-02-02T06:47:21.826455+00:00,11.4,14.5,0,44.9,44.0,0,NONE,SHIFT_A (06:00-14:00),0.79
IMO9302180,SITC Feeder 2180,SITC,Feeder,1287,146.6,8.5,B-08,2,2026-03-18T21:45:26.867789+00:00,2026-03-18T22:53:50.867789+00:00,2026-03-19T19:47:50.867789+00:00,11.2,31.1,1,15.9,20.9,301,CRANE_OUTAGE,SHIFT_C (22:00-06:00),1.1400000000000001
IMO9302181,KMTC Feeder 2181,KMTC,Feeder,1433,134.0,9.2,B-08,2,2026-05-13T01:06:42.142216+00:00,2026-05-13T05:56:30.142216+00:00,2026-05-13T22:44:30.142216+00:00,11.6,30.3,1,17.5,16.8,0,NONE,SHIFT_C (22:00-06:00),4.83
IMO9302182,PIL Handymax 2182,PIL,Handymax,2911,202.5,9.6,B-09,2,2025-07-13T18:45:43.448166+00:00,2025-07-14T02:04:19.448166+00:00,2025-07-15T07:40:19.448166+00:00,12.8,34.0,1,26.2,29.6,204,WEATHER,SHIFT_C (22:00-06:00),7.3100000000000005
IMO9302183,ZIM Feeder 2183,ZIM,Feeder,1092,175.5,8.2,B-09,2,2024-12-28T07:18:18.786888+00:00,2024-12-28T08:04:30.786888+00:00,2024-12-29T03:16:30.786888+00:00,17.7,6.6,0,18.6,19.2,0,NONE,SHIFT_A (06:00-14:00),0.77
IMO9302184,SITC Handymax 2184,SITC,Handymax,2223,216.5,8.6,B-08,2,2025-05-31T19:38:05.106905+00:00,2025-05-31T23:33:17.106905+00:00,2025-06-02T03:33:17.106905+00:00,13.3,31.1,1,28.3,28.0,0,NONE,SHIFT_C (22:00-06:00),3.92
IMO9302185,ONE Feeder 2185,ONE,Feeder,2332,146.3,8.1,B-08,2,2026-06-16T17:11:25.614408+00:00,2026-06-16T17:11:25.614408+00:00,2026-06-17T15:41:25.614408+00:00,14.4,15.6,0,17.3,22.5,313,CRANE_OUTAGE,SHIFT_B (14:00-22:00),0.0
IMO9302186,COSCO Handymax 2186,COSCO,Handymax,3496,209.6,10.4,B-09,2,2025-07-29T19:17:26.053493+00:00,2025-07-29T20:40:14.053493+00:00,2025-07-30T19:40:14.053493+00:00,12.8,24.5,0,22.3,23.0,0,NONE,SHIFT_B (14:00-22:00),1.38
IMO9302187,MSC Post-Panamax 2187,MSC,Post-Panamax,8304,345.6,14.2,B-02,4,2025-09-08T09:59:28.549948+00:00,2025-09-08T10:20:28.549948+00:00,2025-09-10T04:02:28.549948+00:00,14.7,15.6,0,41.4,41.7,0,NONE,SHIFT_A (06:00-14:00),0.35
IMO9302188,X-Press Feeders ULCV 2188,X-Press Feeders,ULCV,18230,383.4,14.7,B-01,4,2024-10-20T21:01:31.257647+00:00,2024-10-20T23:28:31.257647+00:00,2024-10-23T19:58:31.257647+00:00,18.2,14.6,0,68.3,68.5,0,NONE,SHIFT_C (22:00-06:00),2.45
IMO9302189,OOCL Panamax 2189,OOCL,Panamax,4217,261.1,11.2,B-06,3,2026-02-05T05:50:21.779679+00:00,2026-02-05T06:33:33.779679+00:00,2026-02-06T17:21:33.779679+00:00,12.1,10.3,0,32.9,34.8,112,WEATHER,SHIFT_A (06:00-14:00),0.72
IMO9302190,Evergreen Panamax 2190,Evergreen,Panamax,4406,272.1,10.3,B-06,3,2025-06-04T11:47:41.511916+00:00,2025-06-04T12:28:29.511916+00:00,2025-06-05T21:40:29.511916+00:00,12.9,11.2,0,33.0,33.2,0,NONE,SHIFT_A (06:00-14:00),0.68
IMO9302191,HMM Feeder 2191,HMM,Feeder,1855,145.0,8.4,B-08,2,2024-11-24T14:15:23.300798+00:00,2024-11-24T14:15:23.300798+00:00,2024-11-25T11:15:23.300798+00:00,14.1,18.1,0,20.9,21.0,0,NONE,SHIFT_B (14:00-22:00),0.0
IMO9302192,KMTC Post-Panamax 2192,KMTC,Post-Panamax,10190,318.2,14.2,B-05,3,2025-03-23T00:06:53.652557+00:00,2025-03-23T00:15:53.652557+00:00,2025-03-25T03:03:53.652557+00:00,12.6,27.5,0,46.6,50.8,253,TIDAL_WINDOW_MISSED,SHIFT_C (22:00-06:00),0.15
IMO9302193,ZIM Handymax 2193,ZIM,Handymax,2627,219.8,9.0,B-06,3,2025-10-01T11:41:16.557098+00:00,2025-10-01T15:53:52.557098+00:00,2025-10-02T15:47:52.557098+00:00,10.6,39.2,1,22.8,23.9,69,PILOT_UNAVAILABLE,SHIFT_B (14:00-22:00),4.21
IMO9302194,ONE Neo-Panamax 2194,ONE,Neo-Panamax,10021,348.2,13.6,B-02,4,2025-09-17T18:38:24.113777+00:00,2025-09-17T18:54:00.113777+00:00,2025-09-19T21:42:00.113777+00:00,13.6,9.5,0,50.5,50.8,0,NONE,SHIFT_B (14:00-22:00),0.26
IMO9302195,Maersk Handymax 2195,Maersk,Handymax,3191,189.5,9.0,B-08,2,2026-06-16T17:20:37.111798+00:00,2026-06-16T17:20:37.111798+00:00,2026-06-17T23:14:37.111798+00:00,13.6,4.4,0,24.5,29.9,321,TIDAL_WINDOW_MISSED,SHIFT_B (14:00-22:00),0.0
IMO9302196,X-Press Feeders Neo-Panamax 2196,X-Press Feeders,Neo-Panamax,11948,348.2,13.8,B-02,4,2025-05-06T14:14:59.212423+00:00,2025-05-06T15:41:59.212423+00:00,2025-05-08T15:11:59.212423+00:00,15.0,19.9,0,48.0,47.5,0,NONE,SHIFT_B (14:00-22:00),1.45
IMO9302197,ONE Post-Panamax 2197,ONE,Post-Panamax,8694,307.0,12.8,B-04,3,2025-10-02T13:42:29.485348+00:00,2025-10-02T14:37:41.485348+00:00,2025-10-04T16:07:41.485348+00:00,17.6,11.9,0,49.8,49.5,0,NONE,SHIFT_B (14:00-22:00),0.92
IMO9302198,MSC Post-Panamax 2198,MSC,Post-Panamax,6835,345.7,12.8,B-04,3,2026-06-28T11:40:12.894277+00:00,2026-06-28T14:19:48.894277+00:00,2026-07-01T01:01:48.894277+00:00,16.2,10.2,0,58.0,58.7,0,NONE,SHIFT_B (14:00-22:00),2.66
IMO9302199,HMM Handymax 2199,HMM,Handymax,2227,212.0,10.5,B-07,3,2026-07-02T15:21:04.336157+00:00,2026-07-02T15:21:04.336157+00:00,2026-07-03T17:57:04.336157+00:00,12.9,17.2,0,25.5,26.6,67,CRANE_OUTAGE,SHIFT_B (14:00-22:00),0.0
IMO9302200,Wan Hai Neo-Panamax 2200,Wan Hai,Neo-Panamax,10846,340.8,15.0,B-01,4,2026-05-19T16:30:41.192835+00:00,2026-05-19T17:53:29.192835+00:00,2026-05-21T15:23:29.192835+00:00,12.9,7.9,0,45.8,45.5,0,NONE,SHIFT_B (14:00-22:00),1.38
IMO9302201,KMTC Handymax 2201,KMTC,Handymax,3374,202.3,9.4,B-06,3,2024-11-13T03:33:04.806861+00:00,2024-11-13T04:20:28.806861+00:00,2024-11-14T05:08:28.806861+00:00,15.7,28.8,1,23.2,24.8,99,PILOT_UNAVAILABLE,SHIFT_C (22:00-06:00),0.79
IMO9302202,KMTC Post-Panamax 2202,KMTC,Post-Panamax,10914,300.3,13.5,B-05,3,2025-02-18T03:16:30.050994+00:00,2025-02-18T04:30:54.050994+00:00,2025-02-19T23:36:54.050994+00:00,14.9,11.5,0,43.4,43.1,0,NONE,SHIFT_C (22:00-06:00),1.24
IMO9302203,MSC ULCV 2203,MSC,ULCV,14579,374.9,16.1,B-01,4,2025-09-09T08:49:11.648675+00:00,2025-09-09T10:09:35.648675+00:00,2025-09-11T20:39:35.648675+00:00,11.3,13.3,0,57.8,58.5,0,NONE,SHIFT_A (06:00-14:00),1.34
IMO9302204,Maersk Neo-Panamax 2204,Maersk,Neo-Panamax,11226,344.8,14.9,B-01,4,2025-08-08T05:11:45.939663+00:00,2025-08-08T05:11:45.939663+00:00,2025-08-10T11:23:45.939663+00:00,15.3,12.8,0,52.4,54.2,109,WEATHER,SHIFT_C (22:00-06:00),0.0
IMO9302205,SITC Panamax 2205,SITC,Panamax,4395,221.7,11.4,B-04,3,2026-05-16T23:10:40.025699+00:00,2026-05-17T01:23:16.025699+00:00,2026-05-18T08:59:16.025699+00:00,15.3,9.3,0,31.7,31.6,0,NONE,SHIFT_C (22:00-06:00),2.21
IMO9302206,COSCO Feeder 2206,COSCO,Feeder,1928,152.9,8.8,B-10,2,2026-05-01T20:39:16.074709+00:00,2026-05-01T23:06:52.074709+00:00,2026-05-02T17:42:52.074709+00:00,14.0,9.9,0,17.0,18.6,97,CRANE_OUTAGE,SHIFT_C (22:00-06:00),2.46
IMO9302207,Evergreen Post-Panamax 2207,Evergreen,Post-Panamax,7701,328.9,13.3,B-01,4,2026-09-16T10:10:26.404375+00:00,2026-09-16T11:38:02.404375+00:00,2026-09-18T18:38:02.404375+00:00,14.8,6.0,0,48.7,55.0,376,WEATHER,SHIFT_A (06:00-14:00),1.46
IMO9302208,Hapag-Lloyd Feeder 2208,Hapag-Lloyd,Feeder,1710,160.7,8.6,B-10,2,2026-02-28T22:02:13.653925+00:00,2026-02-28T23:46:01.653925+00:00,2026-03-01T18:46:01.653925+00:00,15.9,14.3,0,19.1,19.0,0,NONE,SHIFT_C (22:00-06:00),1.73
IMO9302209,SITC Panamax 2209,SITC,Panamax,3595,275.3,11.8,B-04,3,2025-12-04T05:13:28.193503+00:00,2025-12-04T07:08:04.193503+00:00,2025-12-05T14:32:04.193503+00:00,16.7,15.6,0,30.0,31.4,87,PILOT_UNAVAILABLE,SHIFT_A (06:00-14:00),1.91
IMO9302210,MSC Panamax 2210,MSC,Panamax,4716,283.1,10.5,B-06,3,2025-09-21T01:55:42.248913+00:00,2025-09-21T01:55:42.248913+00:00,2025-09-22T07:37:42.248913+00:00,14.4,11.8,0,29.2,29.7,0,NONE,SHIFT_C (22:00-06:00),0.0
IMO9302211,Maersk Panamax 2211,Maersk,Panamax,4086,265.3,11.8,B-07,3,2026-05-29T04:56:24.988814+00:00,2026-05-29T07:05:24.988814+00:00,2026-05-30T11:17:24.988814+00:00,9.2,44.4,1,28.3,28.2,0,NONE,SHIFT_A (06:00-14:00),2.15
IMO9302212,HMM Neo-Panamax 2212,HMM,Neo-Panamax,14964,340.4,13.5,B-02,4,2025-11-22T10:58:54.560181+00:00,2025-11-22T12:40:18.560181+00:00,2025-11-24T23:52:18.560181+00:00,11.0,14.8,0,54.7,59.2,268,TIDAL_WINDOW_MISSED,SHIFT_A (06:00-14:00),1.69
IMO9302213,SITC Feeder 2213,SITC,Feeder,1427,187.2,7.4,B-08,2,2025-12-05T04:25:46.589442+00:00,2025-12-05T06:38:22.589442+00:00,2025-12-06T07:32:22.589442+00:00,15.4,15.5,0,23.3,24.9,96,CRANE_OUTAGE,SHIFT_A (06:00-14:00),2.21
IMO9302214,X-Press Feeders Post-Panamax 2214,X-Press Feeders,Post-Panamax,6510,312.9,13.4,B-03,4,2026-04-30T06:00:47.044086+00:00,2026-04-30T06:58:59.044086+00:00,2026-05-01T20:40:59.044086+00:00,11.9,15.1,0,38.0,37.7,0,NONE,SHIFT_A (06:00-14:00),0.97
IMO9302215,Maersk Post-Panamax 2215,Maersk,Post-Panamax,9788,339.7,12.6,B-04,3,2026-02-10T07:02:08.827698+00:00,2026-02-10T07:02:08.827698+00:00,2026-02-12T03:08:08.827698+00:00,15.1,23.6,0,44.8,44.1,0,NONE,SHIFT_A (06:00-14:00),0.0
IMO9302216,Evergreen Feeder 2216,Evergreen,Feeder,1073,175.7,9.5,B-10,2,2025-05-13T12:46:25.762298+00:00,2025-05-13T13:51:49.762298+00:00,2025-05-14T10:27:49.762298+00:00,12.6,10.0,0,20.9,20.6,0,NONE,SHIFT_A (06:00-14:00),1.09
IMO9302217,CMA CGM Feeder 2217,CMA CGM,Feeder,1335,188.6,8.4,B-10,2,2026-09-03T23:51:02.130625+00:00,2026-09-03T23:51:02.130625+00:00,2026-09-05T01:27:02.130625+00:00,16.0,7.0,0,21.2,25.6,264,CRANE_OUTAGE,SHIFT_C (22:00-06:00),0.0
IMO9302218,COSCO Panamax 2218,COSCO,Panamax,4914,245.7,10.1,B-04,3,2025-04-14T21:10:52.132427+00:00,2025-04-14T23:17:28.132427+00:00,2025-04-16T05:59:28.132427+00:00,14.8,4.9,0,30.9,30.7,0,NONE,SHIFT_C (22:00-06:00),2.11
IMO9302219,PIL Panamax 2219,PIL,Panamax,4855,271.2,11.2,B-05,3,2025-06-08T20:42:20.286971+00:00,2025-06-08T22:27:56.286971+00:00,2025-06-10T08:39:56.286971+00:00,15.2,4.8,0,33.5,34.2,45,YARD_CONGESTION,SHIFT_C (22:00-06:00),1.76
IMO9302220,OOCL Feeder 2220,OOCL,Feeder,1937,133.1,7.3,B-10,2,2025-12-31T15:17:07.460034+00:00,2025-12-31T16:30:55.460034+00:00,2026-01-01T10:36:55.460034+00:00,15.1,20.3,0,18.6,18.1,0,NONE,SHIFT_B (14:00-22:00),1.23
IMO9302221,Yang Ming Panamax 2221,Yang Ming,Panamax,3134,269.2,11.2,B-04,3,2026-09-09T13:56:34.439584+00:00,2026-09-09T14:51:46.439584+00:00,2026-09-10T19:09:46.439584+00:00,12.3,25.6,0,28.8,28.3,0,NONE,SHIFT_B (14:00-22:00),0.92
IMO9302222,Wan Hai Panamax 2222,Wan Hai,Panamax,4729,264.8,11.7,B-06,3,2025-07-17T01:52:21.391364+00:00,2025-07-17T04:34:57.391364+00:00,2025-07-18T16:22:57.391364+00:00,13.0,20.8,0,32.9,35.8,175,WEATHER,SHIFT_C (22:00-06:00),2.71
IMO9302223,X-Press Feeders Handymax 2223,X-Press Feeders,Handymax,2528,206.5,10.2,B-07,3,2026-08-08T18:40:38.621687+00:00,2026-08-08T20:25:02.621687+00:00,2026-08-09T20:13:02.621687+00:00,15.2,12.3,0,23.4,23.8,0,NONE,SHIFT_B (14:00-22:00),1.74
IMO9302224,PIL Post-Panamax 2224,PIL,Post-Panamax,8037,304.6,14.3,B-02,4,2025-10-23T05:31:21.604379+00:00,2025-10-23T06:06:09.604379+00:00,2025-10-25T02:18:09.604379+00:00,13.5,21.8,0,44.4,44.2,0,NONE,SHIFT_A (06:00-14:00),0.58
IMO9302225,SITC Post-Panamax 2225,SITC,Post-Panamax,9586,319.0,12.7,B-01,4,2025-01-23T14:44:03.392728+00:00,2025-01-23T15:27:15.392728+00:00,2025-01-25T19:09:15.392728+00:00,16.4,6.1,0,47.6,51.7,245,CRANE_OUTAGE,SHIFT_B (14:00-22:00),0.72
IMO9302226,X-Press Feeders Panamax 2226,X-Press Feeders,Panamax,4117,256.1,10.2,B-04,3,2025-09-12T06:35:30.556201+00:00,2025-09-12T06:57:42.556201+00:00,2025-09-13T11:33:42.556201+00:00,15.2,9.4,0,29.1,28.6,0,NONE,SHIFT_A (06:00-14:00),0.37
IMO9302227,PIL Feeder 2227,PIL,Feeder,854,156.7,7.7,B-10,2,2025-07-01T02:31:44.994269+00:00,2025-07-01T03:37:44.994269+00:00,2025-07-01T23:31:44.994269+00:00,14.1,10.4,0,18.7,19.9,72,PILOT_UNAVAILABLE,SHIFT_C (22:00-06:00),1.1
IMO9302228,COSCO Feeder 2228,COSCO,Feeder,2235,135.4,9.4,B-10,2,2025-12-24T13:38:31.288293+00:00,2025-12-24T14:26:31.288293+00:00,2025-12-25T09:56:31.288293+00:00,16.5,19.4,0,19.7,19.5,0,NONE,SHIFT_B (14:00-22:00),0.8
IMO9302229,Wan Hai Panamax 2229,Wan Hai,Panamax,3312,261.8,11.6,B-05,3,2026-01-04T08:17:54.875387+00:00,2026-01-04T09:21:30.875387+00:00,2026-01-06T00:57:30.875387+00:00,14.1,18.8,0,36.9,39.6,161,CRANE_OUTAGE,SHIFT_A (06:00-14:00),1.06
IMO9302230,Maersk Post-Panamax 2230,Maersk,Post-Panamax,7779,343.9,12.6,B-02,4,2025-06-02T17:30:28.526796+00:00,2025-06-02T19:16:40.526796+00:00,2025-06-05T00:46:40.526796+00:00,15.9,13.6,0,51.6,53.5,113,YARD_CONGESTION,SHIFT_B (14:00-22:00),1.77
IMO9302231,Wan Hai Feeder 2231,Wan Hai,Feeder,2484,147.8,9.1,B-10,2,2025-09-11T04:06:34.848758+00:00,2025-09-11T06:36:34.848758+00:00,2025-09-12T02:36:34.848758+00:00,13.1,22.1,0,20.9,20.0,0,NONE,SHIFT_A (06:00-14:00),2.5
IMO9302232,ZIM Post-Panamax 2232,ZIM,Post-Panamax,10922,323.5,13.9,B-03,4,2025-10-31T16:04:04.455880+00:00,2025-10-31T16:26:16.455880+00:00,2025-11-02T22:14:16.455880+00:00,13.8,13.0,0,52.2,53.8,98,YARD_CONGESTION,SHIFT_B (14:00-22:00),0.37
IMO9302233,HMM Panamax 2233,HMM,Panamax,3738,267.8,12.0,B-04,3,2026-03-13T11:50:36.736480+00:00,2026-03-13T13:47:00.736480+00:00,2026-03-15T07:17:00.736480+00:00,15.0,12.0,0,34.7,41.5,408,WEATHER,SHIFT_A (06:00-14:00),1.94
IMO9302234,Evergreen Neo-Panamax 2234,Evergreen,Neo-Panamax,13505,351.0,15.2,B-03,4,2024-11-25T14:45:16.232563+00:00,2024-11-25T16:38:04.232563+00:00,2024-11-27T16:56:04.232563+00:00,12.6,15.6,0,48.5,48.3,0,NONE,SHIFT_B (14:00-22:00),1.88
IMO9302235,Wan Hai Handymax 2235,Wan Hai,Handymax,2603,200.5,10.7,B-06,3,2026-04-01T16:02:29.360341+00:00,2026-04-01T20:03:05.360341+00:00,2026-04-03T06:51:05.360341+00:00,14.6,27.8,0,28.2,34.8,398,TIDAL_WINDOW_MISSED,SHIFT_B (14:00-22:00),4.01
IMO9302236,Maersk Panamax 2236,Maersk,Panamax,4781,268.4,11.9,B-05,3,2025-05-05T20:34:19.210214+00:00,2025-05-05T23:46:19.210214+00:00,2025-05-07T06:40:19.210214+00:00,19.8,11.9,0,31.4,30.9,0,NONE,SHIFT_C (22:00-06:00),3.2
IMO9302237,Maersk Neo-Panamax 2237,Maersk,Neo-Panamax,14325,342.9,15.2,B-02,4,2025-02-28T11:39:34.823036+00:00,2025-02-28T12:05:58.823036+00:00,2025-03-02T05:47:58.823036+00:00,14.7,20.1,0,42.1,41.7,0,NONE,SHIFT_A (06:00-14:00),0.44
IMO9302238,X-Press Feeders Panamax 2238,X-Press Feeders,Panamax,3983,229.5,10.3,B-04,3,2024-10-23T01:58:41.455874+00:00,2024-10-23T04:11:53.455874+00:00,2024-10-24T12:41:53.455874+00:00,16.3,22.7,0,32.6,32.5,0,NONE,SHIFT_C (22:00-06:00),2.22
IMO9302239,Yang Ming Neo-Panamax 2239,Yang Ming,Neo-Panamax,11069,342.7,13.6,B-02,4,2025-06-17T19:42:38.406591+00:00,2025-06-17T21:09:38.406591+00:00,2025-06-20T00:57:38.406591+00:00,15.8,9.4,0,44.7,51.8,423,WEATHER,SHIFT_B (14:00-22:00),1.45
IMO9302240,OOCL Post-Panamax 2240,OOCL,Post-Panamax,7826,303.4,13.3,B-03,4,2026-02-15T14:10:41.956454+00:00,2026-02-15T16:01:41.956454+00:00,2026-02-17T17:19:41.956454+00:00,13.8,25.0,0,48.8,49.3,0,NONE,SHIFT_B (14:00-22:00),1.85
IMO9302241,CMA CGM Feeder 2241,CMA CGM,Feeder,1806,142.6,8.7,B-10,2,2025-01-16T10:51:40.182349+00:00,2025-01-16T11:12:04.182349+00:00,2025-01-17T08:12:04.182349+00:00,13.8,21.1,0,20.7,21.0,0,NONE,SHIFT_A (06:00-14:00),0.34
IMO9302242,Wan Hai Handymax 2242,Wan Hai,Handymax,2724,200.5,9.4,B-09,2,2026-01-26T13:13:49.293815+00:00,2026-01-26T15:06:01.293815+00:00,2026-01-27T18:42:01.293815+00:00,18.1,23.5,0,27.1,27.6,0,NONE,SHIFT_B (14:00-22:00),1.87
IMO9302243,Evergreen Post-Panamax 2243,Evergreen,Post-Panamax,7903,316.9,12.7,B-05,3,2025-04-29T00:17:38.678346+00:00,2025-04-29T00:43:26.678346+00:00,2025-04-30T18:49:26.678346+00:00,16.1,26.9,0,42.0,42.1,0,NONE,SHIFT_C (22:00-06:00),0.43
IMO9302244,ZIM Post-Panamax 2244,ZIM,Post-Panamax,7780,308.8,13.5,B-05,3,2024-10-05T18:30:04.034875+00:00,2024-10-05T23:42:40.034875+00:00,2024-10-07T23:00:40.034875+00:00,15.5,14.2,0,47.1,47.3,0,NONE,SHIFT_C (22:00-06:00),5.21
IMO9302245,Evergreen Neo-Panamax 2245,Evergreen,Neo-Panamax,13770,361.2,14.6,B-01,4,2025-02-24T20:34:12.060371+00:00,2025-02-24T22:11:24.060371+00:00,2025-02-27T03:29:24.060371+00:00,13.4,20.8,0,53.5,53.3,0,NONE,SHIFT_C (22:00-06:00),1.62
IMO9302246,SITC Handymax 2246,SITC,Handymax,3116,217.2,10.4,B-09,2,2026-06-12T04:45:33.085093+00:00,2026-06-12T06:46:45.085093+00:00,2026-06-13T01:28:45.085093+00:00,13.6,29.2,1,19.4,18.7,0,NONE,SHIFT_A (06:00-14:00),2.02
IMO9302247,X-Press Feeders Panamax 2247,X-Press Feeders,Panamax,3612,288.7,11.4,B-04,3,2025-09-19T05:54:10.628756+00:00,2025-09-19T07:50:34.628756+00:00,2025-09-20T15:32:34.628756+00:00,13.5,9.7,0,30.9,31.7,46,PILOT_UNAVAILABLE,SHIFT_A (06:00-14:00),1.94
IMO9302248,Yang Ming Panamax 2248,Yang Ming,Panamax,4421,277.7,10.5,B-06,3,2025-10-07T13:53:49.204991+00:00,2025-10-07T19:04:01.204991+00:00,2025-10-09T08:58:01.204991+00:00,13.4,12.1,0,33.0,37.9,291,CRANE_OUTAGE,SHIFT_B (14:00-22:00),5.17
IMO9302249,MSC Panamax 2249,MSC,Panamax,4391,223.9,10.7,B-06,3,2025-04-28T10:01:52.776553+00:00,2025-04-28T11:51:40.776553+00:00,2025-04-29T16:21:40.776553+00:00,14.6,7.2,0,26.4,28.5,124,CRANE_OUTAGE,SHIFT_A (06:00-14:00),1.83
IMO9302250,PIL Feeder 2250,PIL,Feeder,846,178.9,9.0,B-09,2,2025-04-25T22:09:53.104351+00:00,2025-04-26T00:33:17.104351+00:00,2025-04-26T19:33:17.104351+00:00,17.3,22.0,0,19.4,19.0,0,NONE,SHIFT_C (22:00-06:00),2.39
IMO9302251,KMTC Handymax 2251,KMTC,Handymax,3434,200.8,10.3,B-07,3,2024-10-12T06:40:52.395195+00:00,2024-10-12T10:24:40.395195+00:00,2024-10-13T13:24:40.395195+00:00,7.3,34.1,1,26.5,27.0,0,NONE,SHIFT_A (06:00-14:00),3.73
IMO9302252,KMTC Feeder 2252,KMTC,Feeder,1618,168.3,9.2,B-10,2,2025-10-22T01:03:06.085936+00:00,2025-10-22T03:08:30.085936+00:00,2025-10-22T16:14:30.085936+00:00,17.4,15.8,0,13.0,13.1,0,NONE,SHIFT_C (22:00-06:00),2.09
IMO9302253,HMM Handymax 2253,HMM,Handymax,2541,200.6,10.8,B-09,2,2025-09-23T19:41:29.764581+00:00,2025-09-23T21:07:53.764581+00:00,2025-09-25T01:13:53.764581+00:00,15.6,8.6,0,28.1,28.1,0,NONE,SHIFT_B (14:00-22:00),1.44
IMO9302254,SITC Handymax 2254,SITC,Handymax,2021,216.7,9.6,B-09,2,2024-12-15T23:42:07.075609+00:00,2024-12-15T23:42:07.075609+00:00,2024-12-16T19:30:07.075609+00:00,11.3,10.0,0,19.7,19.8,0,NONE,SHIFT_C (22:00-06:00),0.0
IMO9302255,Evergreen Neo-Panamax 2255,Evergreen,Neo-Panamax,13379,351.0,13.6,B-01,4,2025-06-17T10:49:40.355453+00:00,2025-06-17T11:44:52.355453+00:00,2025-06-19T20:50:52.355453+00:00,13.8,6.0,0,53.5,57.1,215,WEATHER,SHIFT_A (06:00-14:00),0.92
IMO9302256,Maersk Panamax 2256,Maersk,Panamax,5066,268.6,10.5,B-07,3,2026-07-14T14:58:10.140621+00:00,2026-07-14T16:05:58.140621+00:00,2026-07-16T02:05:58.140621+00:00,15.3,21.1,0,34.0,34.0,0,NONE,SHIFT_B (14:00-22:00),1.13
IMO9302257,CMA CGM Feeder 2257,CMA CGM,Feeder,1039,132.3,8.7,B-09,2,2025-02-06T04:38:10.839823+00:00,2025-02-06T06:43:34.839823+00:00,2025-02-07T00:19:34.839823+00:00,15.9,22.6,0,17.4,17.6,0,NONE,SHIFT_A (06:00-14:00),2.09
IMO9302258,SITC Panamax 2258,SITC,Panamax,4560,225.0,10.6,B-06,3,2025-07-07T14:48:00.088135+00:00,2025-07-07T16:47:24.088135+00:00,2025-07-09T05:23:24.088135+00:00,12.6,18.6,0,36.0,36.6,0,NONE,SHIFT_B (14:00-22:00),1.99
IMO9302259,OOCL Handymax 2259,OOCL,Handymax,3167,193.6,9.4,B-08,2,2024-10-15T18:16:57.290731+00:00,2024-10-15T20:28:57.290731+00:00,2024-10-16T20:58:57.290731+00:00,14.8,26.1,0,24.2,24.5,0,NONE,SHIFT_B (14:00-22:00),2.2
IMO9302260,COSCO Feeder 2260,COSCO,Feeder,1386,148.0,7.9,B-08,2,2025-08-11T20:58:09.853555+00:00,2025-08-12T01:10:45.853555+00:00,2025-08-12T18:58:45.853555+00:00,17.1,17.8,0,17.3,17.8,0,NONE,SHIFT_C (22:00-06:00),4.21
IMO9302261,Hapag-Lloyd Neo-Panamax 2261,Hapag-Lloyd,Neo-Panamax,13712,361.0,13.6,B-03,4,2025-03-10T13:10:02.277114+00:00,2025-03-10T13:30:26.277114+00:00,2025-03-12T23:24:26.277114+00:00,12.8,21.6,0,58.8,57.9,0,NONE,SHIFT_A (06:00-14:00),0.34
IMO9302262,Evergreen Panamax 2262,Evergreen,Panamax,4532,226.5,11.7,B-07,3,2026-02-17T15:28:59.195766+00:00,2026-02-17T17:51:47.195766+00:00,2026-02-19T07:27:47.195766+00:00,16.4,11.2,0,37.1,37.6,0,NONE,SHIFT_B (14:00-22:00),2.38
IMO9302263,X-Press Feeders Feeder 2263,X-Press Feeders,Feeder,1748,175.9,9.2,B-08,2,2026-08-30T16:14:27.484297+00:00,2026-08-30T17:12:03.484297+00:00,2026-08-31T16:06:03.484297+00:00,12.3,11.3,0,22.4,22.9,0,NONE,SHIFT_B (14:00-22:00),0.96
IMO9302264,CMA CGM Feeder 2264,CMA CGM,Feeder,1382,177.1,8.8,B-09,2,2026-09-11T06:29:33.150351+00:00,2026-09-11T09:10:21.150351+00:00,2026-09-11T23:04:21.150351+00:00,8.8,19.6,0,14.4,13.9,0,NONE,SHIFT_A (06:00-14:00),2.68
IMO9302265,Maersk Neo-Panamax 2265,Maersk,Neo-Panamax,10725,355.0,13.7,B-03,4,2024-12-08T18:50:21.106381+00:00,2024-12-08T18:50:21.106381+00:00,2024-12-10T18:38:21.106381+00:00,17.1,8.3,0,47.5,47.8,0,NONE,SHIFT_B (14:00-22:00),0.0
IMO9302266,OOCL Handymax 2266,OOCL,Handymax,2279,204.3,9.1,B-07,3,2024-12-06T14:00:38.564544+00:00,2024-12-06T15:25:50.564544+00:00,2024-12-07T17:31:50.564544+00:00,13.9,11.8,0,24.6,26.1,89,YARD_CONGESTION,SHIFT_B (14:00-22:00),1.42
IMO9302267,COSCO ULCV 2267,COSCO,ULCV,17821,372.9,15.1,B-02,4,2025-02-18T19:56:44.585863+00:00,2025-02-18T21:37:32.585863+00:00,2025-02-21T10:49:32.585863+00:00,12.5,9.2,0,61.4,61.2,0,NONE,SHIFT_B (14:00-22:00),1.68
IMO9302268,CMA CGM Panamax 2268,CMA CGM,Panamax,3526,233.0,10.5,B-04,3,2025-03-14T14:30:15.565494+00:00,2025-03-14T14:59:03.565494+00:00,2025-03-15T20:41:03.565494+00:00,14.9,7.9,0,27.2,29.7,149,YARD_CONGESTION,SHIFT_B (14:00-22:00),0.48
IMO9302269,Yang Ming Panamax 2269,Yang Ming,Panamax,4250,222.8,10.6,B-04,3,2026-05-24T01:49:31.028276+00:00,2026-05-24T01:50:07.028276+00:00,2026-05-25T06:38:07.028276+00:00,14.1,16.4,0,28.6,28.8,0,NONE,SHIFT_C (22:00-06:00),0.01
IMO9302270,PIL Handymax 2270,PIL,Handymax,3172,186.3,8.8,B-06,3,2025-05-19T17:29:00.549424+00:00,2025-05-19T17:49:24.549424+00:00,2025-05-20T20:49:24.549424+00:00,15.5,24.8,0,24.4,27.0,158,CRANE_OUTAGE,SHIFT_B (14:00-22:00),0.34
IMO9302271,ONE Handymax 2271,ONE,Handymax,2478,183.8,10.9,B-09,2,2024-12-23T07:15:01.785717+00:00,2024-12-23T10:32:25.785717+00:00,2024-12-24T09:14:25.785717+00:00,8.6,36.7,1,23.7,22.7,0,NONE,SHIFT_A (06:00-14:00),3.29
IMO9302272,CMA CGM Post-Panamax 2272,CMA CGM,Post-Panamax,10425,330.9,14.3,B-03,4,2026-08-23T10:47:59.625480+00:00,2026-08-23T12:07:11.625480+00:00,2026-08-25T10:31:11.625480+00:00,15.8,22.8,0,47.1,46.4,0,NONE,SHIFT_A (06:00-14:00),1.32
IMO9302273,Yang Ming Post-Panamax 2273,Yang Ming,Post-Panamax,9513,313.6,14.1,B-04,3,2026-08-29T04:03:33.097269+00:00,2026-08-29T04:48:33.097269+00:00,2026-08-31T09:30:33.097269+00:00,14.6,15.6,0,47.0,52.7,343,WEATHER,SHIFT_C (22:00-06:00),0.75
IMO9302274,Hapag-Lloyd Panamax 2274,Hapag-Lloyd,Panamax,4881,245.1,11.7,B-05,3,2026-04-08T12:11:59.203450+00:00,2026-04-08T12:22:11.203450+00:00,2026-04-09T18:28:11.203450+00:00,14.5,23.2,0,29.6,30.1,0,NONE,SHIFT_A (06:00-14:00),0.17
IMO9302275,CMA CGM Post-Panamax 2275,CMA CGM,Post-Panamax,6949,304.6,14.4,B-03,4,2025-03-12T18:38:40.797747+00:00,2025-03-12T19:54:52.797747+00:00,2025-03-15T03:54:52.797747+00:00,12.7,24.0,0,49.3,56.0,403,WEATHER,SHIFT_B (14:00-22:00),1.27
IMO9302276,ONE Handymax 2276,ONE,Handymax,2945,182.4,9.5,B-06,3,2026-09-08T08:25:49.118708+00:00,2026-09-08T10:01:13.118708+00:00,2026-09-09T20:55:13.118708+00:00,13.7,17.2,0,30.0,34.9,293,WEATHER,SHIFT_A (06:00-14:00),1.59
IMO9302277,Yang Ming Handymax 2277,Yang Ming,Handymax,2507,214.5,8.8,B-07,3,2025-05-09T17:05:19.406867+00:00,2025-05-09T20:14:55.406867+00:00,2025-05-11T00:32:55.406867+00:00,15.3,20.7,0,21.9,28.3,386,WEATHER,SHIFT_B (14:00-22:00),3.16
IMO9302278,CMA CGM Panamax 2278,CMA CGM,Panamax,4723,239.2,10.1,B-05,3,2026-03-22T13:28:39.266209+00:00,2026-03-22T17:32:51.266209+00:00,2026-03-24T06:20:51.266209+00:00,14.6,9.5,0,32.9,36.8,232,CRANE_OUTAGE,SHIFT_B (14:00-22:00),4.07
IMO9302279,OOCL Neo-Panamax 2279,OOCL,Neo-Panamax,14437,347.6,15.3,B-03,4,2025-09-04T15:07:28.483972+00:00,2025-09-04T17:08:40.483972+00:00,2025-09-06T20:02:40.483972+00:00,17.9,8.4,0,51.6,50.9,0,NONE,SHIFT_B (14:00-22:00),2.02
IMO9302280,Wan Hai Panamax 2280,Wan Hai,Panamax,3579,283.9,11.7,B-06,3,2025-08-18T03:54:41.225241+00:00,2025-08-18T05:23:29.225241+00:00,2025-08-19T18:53:29.225241+00:00,14.3,12.0,0,35.0,37.5,153,YARD_CONGESTION,SHIFT_C (22:00-06:00),1.48
IMO9302281,COSCO Panamax 2281,COSCO,Panamax,3098,282.6,11.9,B-05,3,2024-11-25T17:15:28.564029+00:00,2024-11-25T18:28:04.564029+00:00,2024-11-27T03:28:04.564029+00:00,14.4,20.9,0,28.1,33.0,295,YARD_CONGESTION,SHIFT_B (14:00-22:00),1.21
IMO9302282,ONE Feeder 2282,ONE,Feeder,834,138.7,7.6,B-08,2,2026-03-16T11:33:19.050393+00:00,2026-03-16T13:38:07.050393+00:00,2026-03-17T10:02:07.050393+00:00,14.4,9.9,0,20.6,20.4,0,NONE,SHIFT_A (06:00-14:00),2.08
IMO9302283,KMTC Post-Panamax 2283,KMTC,Post-Panamax,8677,336.9,14.4,B-01,4,2025-12-09T11:52:37.325552+00:00,2025-12-09T12:50:49.325552+00:00,2025-12-11T11:20:49.325552+00:00,14.5,4.1,0,47.2,46.5,0,NONE,SHIFT_A (06:00-14:00),0.97
IMO9302284,X-Press Feeders Panamax 2284,X-Press Feeders,Panamax,5102,222.6,10.5,B-06,3,2026-09-14T16:16:27.988662+00:00,2026-09-14T18:21:51.988662+00:00,2026-09-16T04:15:51.988662+00:00,14.5,6.6,0,29.2,33.9,279,WEATHER,SHIFT_B (14:00-22:00),2.09
IMO9302285,COSCO Panamax 2285,COSCO,Panamax,4553,269.5,11.4,B-04,3,2026-07-27T21:08:43.274333+00:00,2026-07-27T22:30:55.274333+00:00,2026-07-29T13:54:55.274333+00:00,14.3,11.4,0,38.0,39.4,83,YARD_CONGESTION,SHIFT_C (22:00-06:00),1.37
IMO9302286,Evergreen Feeder 2286,Evergreen,Feeder,2402,154.0,8.9,B-09,2,2026-01-15T07:59:37.122901+00:00,2026-01-15T08:24:49.122901+00:00,2026-01-16T11:06:49.122901+00:00,13.9,19.8,0,24.5,26.7,134,YARD_CONGESTION,SHIFT_A (06:00-14:00),0.42
IMO9302287,Yang Ming Post-Panamax 2287,Yang Ming,Post-Panamax,8396,319.0,14.0,B-04,3,2025-10-27T21:55:07.959950+00:00,2025-10-28T02:01:07.959950+00:00,2025-10-30T04:55:07.959950+00:00,14.3,9.1,0,51.3,50.9,0,NONE,SHIFT_C (22:00-06:00),4.1
IMO9302288,PIL ULCV 2288,PIL,ULCV,14469,388.9,16.1,B-01,4,2026-04-05T01:46:02.287579+00:00,2026-04-05T02:21:26.287579+00:00,2026-04-07T15:57:26.287579+00:00,13.0,1.9,1,60.2,61.6,83,PILOT_UNAVAILABLE,SHIFT_C (22:00-06:00),0.59
IMO9302289,Hapag-Lloyd Panamax 2289,Hapag-Lloyd,Panamax,4541,287.0,11.9,B-07,3,2024-12-04T12:37:56.225455+00:00,2024-12-04T13:04:56.225455+00:00,2024-12-05T22:58:56.225455+00:00,12.0,18.4,0,31.1,33.9,166,CRANE_OUTAGE,SHIFT_A (06:00-14:00),0.45
IMO9302290,Yang Ming Handymax 2290,Yang Ming,Handymax,2113,201.4,10.1,B-08,2,2025-01-23T10:25:37.524263+00:00,2025-01-23T10:25:37.524263+00:00,2025-01-24T10:13:37.524263+00:00,17.7,18.0,0,24.7,23.8,0,NONE,SHIFT_A (06:00-14:00),0.0
IMO9302291,CMA CGM Post-Panamax 2291,CMA CGM,Post-Panamax,9454,320.3,14.3,B-01,4,2025-08-23T01:34:22.090964+00:00,2025-08-23T04:37:58.090964+00:00,2025-08-25T04:07:58.090964+00:00,15.3,19.4,0,45.9,47.5,99,WEATHER,SHIFT_C (22:00-06:00),3.06
IMO9302292,HMM Feeder 2292,HMM,Feeder,2326,163.7,7.5,B-09,2,2025-02-10T06:19:46.787297+00:00,2025-02-10T09:53:22.787297+00:00,2025-02-11T03:05:22.787297+00:00,14.1,3.9,0,17.2,17.2,0,NONE,SHIFT_A (06:00-14:00),3.56
IMO9302293,Wan Hai Post-Panamax 2293,Wan Hai,Post-Panamax,7984,343.8,12.7,B-05,3,2024-10-31T07:23:44.890771+00:00,2024-10-31T08:53:44.890771+00:00,2024-11-02T11:53:44.890771+00:00,17.0,13.0,0,43.2,51.0,469,WEATHER,SHIFT_A (06:00-14:00),1.5
IMO9302294,OOCL Post-Panamax 2294,OOCL,Post-Panamax,9397,342.1,13.9,B-04,3,2026-06-16T08:06:32.821931+00:00,2026-06-16T09:01:44.821931+00:00,2026-06-18T08:13:44.821931+00:00,9.8,12.1,0,46.5,47.2,0,NONE,SHIFT_A (06:00-14:00),0.92
IMO9302295,CMA CGM Post-Panamax 2295,CMA CGM,Post-Panamax,8719,332.4,13.4,B-03,4,2025-10-21T12:34:28.757896+00:00,2025-10-21T13:47:40.757896+00:00,2025-10-23T13:59:40.757896+00:00,13.2,20.9,0,43.7,48.2,269,CRANE_OUTAGE,SHIFT_A (06:00-14:00),1.22
IMO9302296,Yang Ming Post-Panamax 2296,Yang Ming,Post-Panamax,10713,341.2,13.3,B-05,3,2025-10-03T04:59:57.137478+00:00,2025-10-03T06:16:09.137478+00:00,2025-10-05T02:10:09.137478+00:00,17.9,6.2,0,44.1,43.9,0,NONE,SHIFT_A (06:00-14:00),1.27
IMO9302297,COSCO Panamax 2297,COSCO,Panamax,4162,228.8,11.4,B-06,3,2025-10-30T12:10:38.360091+00:00,2025-10-30T16:37:02.360091+00:00,2025-11-01T11:19:02.360091+00:00,13.6,10.0,0,36.4,42.7,379,WEATHER,SHIFT_B (14:00-22:00),4.44
IMO9302298,ZIM Handymax 2298,ZIM,Handymax,2590,183.6,10.8,B-07,3,2025-06-25T03:01:15.299767+00:00,2025-06-25T03:01:15.299767+00:00,2025-06-25T22:37:15.299767+00:00,16.4,25.8,0,20.0,19.6,0,NONE,SHIFT_C (22:00-06:00),0.0
IMO9302299,ONE Feeder 2299,ONE,Feeder,2181,168.4,8.2,B-10,2,2025-02-12T14:52:04.138437+00:00,2025-02-12T15:47:16.138437+00:00,2025-02-13T09:05:16.138437+00:00,11.0,18.6,0,15.9,17.3,84,CRANE_OUTAGE,SHIFT_B (14:00-22:00),0.92
IMO9302300,KMTC Neo-Panamax 2300,KMTC,Neo-Panamax,13738,363.0,14.3,B-03,4,2025-10-13T07:47:29.679818+00:00,2025-10-13T08:37:17.679818+00:00,2025-10-15T19:31:17.679818+00:00,13.2,23.3,0,57.6,58.9,78,YARD_CONGESTION,SHIFT_A (06:00-14:00),0.83
IMO9302301,SITC Neo-Panamax 2301,SITC,Neo-Panamax,14274,365.0,14.9,B-03,4,2026-03-02T10:52:13.810053+00:00,2026-03-02T13:50:25.810053+00:00,2026-03-04T22:38:25.810053+00:00,12.8,15.0,0,56.1,56.8,0,NONE,SHIFT_A (06:00-14:00),2.97
IMO9302302,X-Press Feeders Handymax 2302,X-Press Feeders,Handymax,2211,208.5,8.7,B-07,3,2026-08-05T18:15:00.309900+00:00,2026-08-05T19:58:12.309900+00:00,2026-08-07T01:22:12.309900+00:00,13.5,16.8,0,25.8,29.4,214,CRANE_OUTAGE,SHIFT_B (14:00-22:00),1.72
IMO9302303,OOCL Neo-Panamax 2303,OOCL,Neo-Panamax,14228,345.5,15.0,B-03,4,2025-01-08T20:48:33.388734+00:00,2025-01-08T22:22:09.388734+00:00,2025-01-11T01:28:09.388734+00:00,9.8,8.7,0,50.9,51.1,0,NONE,SHIFT_C (22:00-06:00),1.56
IMO9302304,OOCL ULCV 2304,OOCL,ULCV,23180,381.6,14.6,B-03,4,2024-12-18T17:31:11.068720+00:00,2024-12-18T17:41:23.068720+00:00,2024-12-21T22:53:23.068720+00:00,16.4,18.0,0,76.8,77.2,0,NONE,SHIFT_B (14:00-22:00),0.17
IMO9302305,Maersk Post-Panamax 2305,Maersk,Post-Panamax,7859,327.5,12.8,B-04,3,2025-10-05T14:43:03.162501+00:00,2025-10-05T16:20:51.162501+00:00,2025-10-07T08:38:51.162501+00:00,14.4,13.4,0,40.5,40.3,0,NONE,SHIFT_B (14:00-22:00),1.63
IMO9302306,ONE Neo-Panamax 2306,ONE,Neo-Panamax,14678,354.3,13.9,B-03,4,2024-09-30T12:15:34.659544+00:00,2024-09-30T14:44:22.659544+00:00,2024-10-03T03:38:22.659544+00:00,13.0,14.4,0,54.9,60.9,361,WEATHER,SHIFT_B (14:00-22:00),2.48
IMO9302307,COSCO Feeder 2307,COSCO,Feeder,828,176.1,7.0,B-08,2,2025-05-14T20:39:42.483095+00:00,2025-05-14T22:45:06.483095+00:00,2025-05-15T12:21:06.483095+00:00,14.2,21.1,0,13.1,13.6,0,NONE,SHIFT_C (22:00-06:00),2.09
IMO9302308,MSC Panamax 2308,MSC,Panamax,4707,256.9,11.0,B-07,3,2025-03-26T12:10:17.316466+00:00,2025-03-26T12:10:17.316466+00:00,2025-03-28T05:22:17.316466+00:00,14.6,28.7,1,32.9,41.2,496,WEATHER,SHIFT_A (06:00-14:00),0.0
IMO9302309,MSC Post-Panamax 2309,MSC,Post-Panamax,10717,328.5,14.3,B-02,4,2026-03-05T18:52:11.209564+00:00,2026-03-05T21:08:23.209564+00:00,2026-03-07T13:38:23.209564+00:00,15.5,19.5,0,39.9,40.5,0,NONE,SHIFT_B (14:00-22:00),2.27
IMO9302310,Evergreen ULCV 2310,Evergreen,ULCV,21778,386.9,15.2,B-02,4,2025-05-21T19:36:29.979477+00:00,2025-05-21T21:58:05.979477+00:00,2025-05-24T16:40:05.979477+00:00,14.1,10.6,0,67.1,66.7,0,NONE,SHIFT_B (14:00-22:00),2.36
IMO9302311,Evergreen Handymax 2311,Evergreen,Handymax,3200,200.1,9.6,B-08,2,2025-09-24T13:48:30.770476+00:00,2025-09-24T15:19:06.770476+00:00,2025-09-25T19:55:06.770476+00:00,14.4,27.4,0,26.3,28.6,136,CRANE_OUTAGE,SHIFT_B (14:00-22:00),1.51
IMO9302312,KMTC Feeder 2312,KMTC,Feeder,1262,188.5,8.0,B-08,2,2026-04-15T06:17:40.707898+00:00,2026-04-15T07:54:16.707898+00:00,2026-04-16T05:18:16.707898+00:00,11.1,23.9,0,22.1,21.4,0,NONE,SHIFT_A (06:00-14:00),1.61
IMO9302313,SITC Neo-Panamax 2313,SITC,Neo-Panamax,10270,345.8,13.5,B-02,4,2025-03-25T01:11:34.658980+00:00,2025-03-25T02:58:22.658980+00:00,2025-03-27T03:04:22.658980+00:00,11.7,4.2,0,48.5,48.1,0,NONE,SHIFT_C (22:00-06:00),1.78
IMO9302314,HMM Panamax 2314,HMM,Panamax,4507,252.5,11.5,B-04,3,2026-06-20T03:23:30.415561+00:00,2026-06-20T05:22:54.415561+00:00,2026-06-21T19:46:54.415561+00:00,15.4,19.8,0,37.6,38.4,0,NONE,SHIFT_C (22:00-06:00),1.99
IMO9302315,PIL Feeder 2315,PIL,Feeder,1618,180.4,9.2,B-10,2,2024-11-22T06:10:12.041838+00:00,2024-11-22T06:10:12.041838+00:00,2024-11-23T04:16:12.041838+00:00,16.8,9.0,0,16.9,22.1,312,TIDAL_WINDOW_MISSED,SHIFT_A (06:00-14:00),0.0
IMO9302316,PIL Feeder 2316,PIL,Feeder,2378,171.8,7.4,B-10,2,2026-04-05T01:35:11.786510+00:00,2026-04-05T03:31:35.786510+00:00,2026-04-05T17:55:35.786510+00:00,15.3,7.6,0,14.2,14.4,0,NONE,SHIFT_C (22:00-06:00),1.94
IMO9302317,ONE Feeder 2317,ONE,Feeder,1269,136.1,7.6,B-10,2,2025-10-13T21:55:01.028027+00:00,2025-10-13T23:33:25.028027+00:00,2025-10-14T21:45:25.028027+00:00,11.7,25.6,0,22.0,22.2,0,NONE,SHIFT_C (22:00-06:00),1.64
IMO9302318,MSC Handymax 2318,MSC,Handymax,2547,188.2,9.6,B-07,3,2026-05-03T16:41:16.428761+00:00,2026-05-03T19:11:52.428761+00:00,2026-05-04T21:05:52.428761+00:00,14.8,25.6,0,25.3,25.9,0,NONE,SHIFT_B (14:00-22:00),2.51
IMO9302319,HMM Panamax 2319,HMM,Panamax,3337,245.7,11.3,B-05,3,2026-01-02T03:05:13.168768+00:00,2026-01-02T03:07:01.168768+00:00,2026-01-03T10:43:01.168768+00:00,14.7,27.5,0,31.7,31.6,0,NONE,SHIFT_C (22:00-06:00),0.03
IMO9302320,PIL Post-Panamax 2320,PIL,Post-Panamax,7431,337.6,13.9,B-04,3,2024-11-04T00:48:23.358813+00:00,2024-11-04T03:34:35.358813+00:00,2024-11-06T04:58:35.358813+00:00,14.3,16.7,0,47.0,49.4,143,PILOT_UNAVAILABLE,SHIFT_C (22:00-06:00),2.77
IMO9302321,PIL Handymax 2321,PIL,Handymax,3415,192.3,10.3,B-07,3,2026-07-11T05:05:25.022331+00:00,2026-07-11T05:05:25.022331+00:00,2026-07-12T00:11:25.022331+00:00,14.7,22.1,0,20.0,19.1,0,NONE,SHIFT_C (22:00-06:00),0.0
IMO9302322,Hapag-Lloyd Feeder 2322,Hapag-Lloyd,Feeder,2126,167.8,8.1,B-10,2,2025-11-13T17:59:57.503577+00:00,2025-11-13T19:14:21.503577+00:00,2025-11-14T15:32:21.503577+00:00,13.5,15.8,0,17.3,20.3,179,PILOT_UNAVAILABLE,SHIFT_B (14:00-22:00),1.24
IMO9302323,ONE ULCV 2323,ONE,ULCV,17620,387.6,15.6,B-03,4,2025-10-24T12:07:02.118532+00:00,2025-10-24T14:39:26.118532+00:00,2025-10-27T12:27:26.118532+00:00,13.4,27.2,0,70.1,69.8,0,NONE,SHIFT_B (14:00-22:00),2.54
IMO9302324,COSCO Feeder 2324,COSCO,Feeder,1991,165.6,7.9,B-10,2,2025-11-19T13:21:43.794921+00:00,2025-11-19T13:44:31.794921+00:00,2025-11-20T10:08:31.794921+00:00,14.0,12.2,0,19.2,20.4,75,CRANE_OUTAGE,SHIFT_A (06:00-14:00),0.38
IMO9302325,Maersk Feeder 2325,Maersk,Feeder,2308,153.8,8.1,B-10,2,2025-09-06T03:48:46.672236+00:00,2025-09-06T03:50:34.672236+00:00,2025-09-06T15:32:34.672236+00:00,12.2,13.3,0,11.9,11.7,0,NONE,SHIFT_C (22:00-06:00),0.03
IMO9302326,KMTC Neo-Panamax 2326,KMTC,Neo-Panamax,12935,346.4,14.6,B-03,4,2025-07-02T05:33:04.450847+00:00,2025-07-02T07:45:04.450847+00:00,2025-07-04T10:57:04.450847+00:00,13.4,25.8,1,51.4,51.2,0,NONE,SHIFT_A (06:00-14:00),2.2
IMO9302327,COSCO Feeder 2327,COSCO,Feeder,1620,149.5,8.4,B-08,2,2024-12-04T04:54:34.625323+00:00,2024-12-04T06:03:34.625323+00:00,2024-12-04T21:33:34.625323+00:00,14.9,19.0,0,15.9,15.5,0,NONE,SHIFT_A (06:00-14:00),1.15
IMO9302328,Maersk Panamax 2328,Maersk,Panamax,4312,234.1,11.1,B-06,3,2025-11-23T18:20:28.876141+00:00,2025-11-23T20:21:04.876141+00:00,2025-11-25T00:33:04.876141+00:00,13.6,14.0,0,29.1,28.2,0,NONE,SHIFT_B (14:00-22:00),2.01
IMO9302329,MSC Panamax 2329,MSC,Panamax,3372,223.8,11.5,B-04,3,2025-05-29T17:44:49.053531+00:00,2025-05-29T19:48:25.053531+00:00,2025-05-31T03:42:25.053531+00:00,10.2,28.8,1,29.5,31.9,145,CRANE_OUTAGE,SHIFT_B (14:00-22:00),2.06
IMO9302330,X-Press Feeders Handymax 2330,X-Press Feeders,Handymax,3474,206.3,9.7,B-07,3,2026-05-18T20:37:12.783042+00:00,2026-05-18T22:19:12.783042+00:00,2026-05-20T00:55:12.783042+00:00,14.0,20.3,0,27.2,26.6,0,NONE,SHIFT_C (22:00-06:00),1.7
IMO9302331,KMTC ULCV 2331,KMTC,ULCV,15573,388.7,14.5,B-03,4,2026-06-21T01:52:29.368362+00:00,2026-06-21T02:35:41.368362+00:00,2026-06-23T05:11:41.368362+00:00,13.6,15.6,0,50.8,50.6,0,NONE,SHIFT_C (22:00-06:00),0.72
IMO9302332,Hapag-Lloyd ULCV 2332,Hapag-Lloyd,ULCV,21328,380.1,15.1,B-03,4,2024-12-19T07:07:32.753528+00:00,2024-12-19T09:26:44.753528+00:00,2024-12-22T03:14:44.753528+00:00,12.8,17.9,1,65.1,65.8,0,NONE,SHIFT_A (06:00-14:00),2.32
IMO9302333,KMTC Feeder 2333,KMTC,Feeder,2062,177.7,9.0,B-10,2,2026-09-01T11:36:49.705380+00:00,2026-09-01T13:09:49.705380+00:00,2026-09-02T15:03:49.705380+00:00,15.3,13.6,0,21.8,25.9,247,CRANE_OUTAGE,SHIFT_A (06:00-14:00),1.55
IMO9302334,COSCO Panamax 2334,COSCO,Panamax,5010,221.0,10.7,B-05,3,2025-04-21T04:25:35.829024+00:00,2025-04-21T05:12:59.829024+00:00,2025-04-22T11:30:59.829024+00:00,17.8,13.6,0,30.4,30.3,0,NONE,SHIFT_C (22:00-06:00),0.79
IMO9302335,Yang Ming Feeder 2335,Yang Ming,Feeder,916,162.4,8.9,B-10,2,2025-03-12T10:52:46.127697+00:00,2025-03-12T14:13:10.127697+00:00,2025-03-13T09:01:10.127697+00:00,12.7,7.4,0,19.0,18.8,0,NONE,SHIFT_B (14:00-22:00),3.34
IMO9302336,CMA CGM Neo-Panamax 2336,CMA CGM,Neo-Panamax,12481,354.4,14.4,B-03,4,2025-10-29T20:50:14.853399+00:00,2025-10-29T22:31:02.853399+00:00,2025-11-01T01:43:02.853399+00:00,11.5,6.2,0,50.4,51.2,0,NONE,SHIFT_C (22:00-06:00),1.68
IMO9302337,HMM Handymax 2337,HMM,Handymax,2825,194.2,10.0,B-08,2,2025-06-29T20:01:01.686366+00:00,2025-06-29T20:19:01.686366+00:00,2025-06-30T22:13:01.686366+00:00,14.5,20.8,0,25.9,25.9,0,NONE,SHIFT_B (14:00-22:00),0.3
IMO9302338,X-Press Feeders Panamax 2338,X-Press Feeders,Panamax,3677,239.6,11.6,B-06,3,2024-11-17T19:17:34.207943+00:00,2024-11-17T20:37:58.207943+00:00,2024-11-19T02:25:58.207943+00:00,15.7,11.2,0,29.7,29.8,0,NONE,SHIFT_B (14:00-22:00),1.34
IMO9302339,COSCO Feeder 2339,COSCO,Feeder,1528,141.2,7.3,B-09,2,2026-08-26T00:27:57.069952+00:00,2026-08-26T02:42:57.069952+00:00,2026-08-27T00:48:57.069952+00:00,16.5,1.6,0,17.0,22.1,304,WEATHER,SHIFT_C (22:00-06:00),2.25
IMO9302340,X-Press Feeders Panamax 2340,X-Press Feeders,Panamax,3240,249.9,11.8,B-05,3,2025-10-10T00:35:42.544038+00:00,2025-10-10T01:30:54.544038+00:00,2025-10-11T15:00:54.544038+00:00,14.2,10.4,0,35.7,37.5,107,YARD_CONGESTION,SHIFT_C (22:00-06:00),0.92
IMO9302341,CMA CGM Post-Panamax 2341,CMA CGM,Post-Panamax,7448,321.3,12.9,B-03,4,2026-08-17T07:45:45.098290+00:00,2026-08-17T09:37:21.098290+00:00,2026-08-19T05:19:21.098290+00:00,11.6,22.9,0,43.3,43.7,0,NONE,SHIFT_A (06:00-14:00),1.86
IMO9302342,CMA CGM Post-Panamax 2342,CMA CGM,Post-Panamax,6863,331.9,14.3,B-01,4,2025-02-28T08:09:19.845041+00:00,2025-02-28T10:36:55.845041+00:00,2025-03-02T14:24:55.845041+00:00,13.5,11.3,0,52.1,51.8,0,NONE,SHIFT_A (06:00-14:00),2.46
IMO9302343,KMTC Neo-Panamax 2343,KMTC,Neo-Panamax,10010,358.6,14.8,B-01,4,2025-02-08T20:18:13.491158+00:00,2025-02-08T20:50:01.491158+00:00,2025-02-11T06:20:01.491158+00:00,14.3,0.5,0,54.4,57.5,188,WEATHER,SHIFT_B (14:00-22:00),0.53
IMO9302344,Maersk Post-Panamax 2344,Maersk,Post-Panamax,6755,305.3,14.3,B-01,4,2026-05-08T12:51:57.267968+00:00,2026-05-08T14:59:09.267968+00:00,2026-05-10T18:35:09.267968+00:00,13.3,11.1,0,50.5,51.6,68,PILOT_UNAVAILABLE,SHIFT_B (14:00-22:00),2.12
IMO9302345,MSC Neo-Panamax 2345,MSC,Neo-Panamax,10742,350.0,15.3,B-03,4,2026-02-17T18:48:32.029040+00:00,2026-02-17T19:14:20.029040+00:00,2026-02-20T03:56:20.029040+00:00,13.5,8.9,0,53.1,56.7,217,YARD_CONGESTION,SHIFT_B (14:00-22:00),0.43
IMO9302346,COSCO Feeder 2346,COSCO,Feeder,2014,170.3,8.8,B-08,2,2025-01-26T14:42:55.509949+00:00,2025-01-26T15:23:43.509949+00:00,2025-01-27T09:53:43.509949+00:00,13.8,16.8,0,18.3,18.5,0,NONE,SHIFT_B (14:00-22:00),0.68
IMO9302347,Maersk Feeder 2347,Maersk,Feeder,2049,162.2,8.6,B-08,2,2025-07-15T07:41:36.835156+00:00,2025-07-15T09:08:00.835156+00:00,2025-07-16T10:32:00.835156+00:00,15.5,23.5,0,21.3,25.4,247,CRANE_OUTAGE,SHIFT_A (06:00-14:00),1.44
IMO9302348,COSCO Feeder 2348,COSCO,Feeder,2010,166.0,7.2,B-08,2,2026-04-21T20:39:29.701952+00:00,2026-04-21T22:15:29.701952+00:00,2026-04-22T15:39:29.701952+00:00,14.6,7.6,0,16.7,17.4,0,NONE,SHIFT_C (22:00-06:00),1.6
IMO9302349,HMM Feeder 2349,HMM,Feeder,2493,132.5,7.1,B-08,2,2025-10-09T06:16:21.309239+00:00,2025-10-09T06:31:21.309239+00:00,2025-10-09T23:25:21.309239+00:00,10.7,14.7,0,16.6,16.9,0,NONE,SHIFT_A (06:00-14:00),0.25
IMO9302350,Maersk Handymax 2350,Maersk,Handymax,3414,195.5,8.8,B-07,3,2024-12-05T22:51:07.089205+00:00,2024-12-06T01:09:43.089205+00:00,2024-12-06T21:27:43.089205+00:00,14.3,22.0,0,19.6,20.3,0,NONE,SHIFT_C (22:00-06:00),2.31
IMO9302351,PIL ULCV 2351,PIL,ULCV,22034,398.1,15.4,B-03,4,2026-07-13T01:14:20.717171+00:00,2026-07-13T04:21:32.717171+00:00,2026-07-15T09:33:32.717171+00:00,16.0,4.6,0,51.1,53.2,127,CRANE_OUTAGE,SHIFT_C (22:00-06:00),3.12
IMO9302352,Yang Ming Neo-Panamax 2352,Yang Ming,Neo-Panamax,14986,362.7,14.7,B-01,4,2026-04-30T09:36:22.194495+00:00,2026-04-30T10:37:34.194495+00:00,2026-05-02T10:31:34.194495+00:00,16.0,8.7,0,47.6,47.9,0,NONE,SHIFT_A (06:00-14:00),1.02
IMO9302353,KMTC Feeder 2353,KMTC,Feeder,2419,177.3,7.6,B-09,2,2025-02-08T01:47:54.578091+00:00,2025-02-08T02:37:42.578091+00:00,2025-02-08T20:25:42.578091+00:00,16.1,18.6,0,15.4,17.8,143,WEATHER,SHIFT_C (22:00-06:00),0.83
IMO9302354,X-Press Feeders Neo-Panamax 2354,X-Press Feeders,Neo-Panamax,13314,356.5,14.6,B-03,4,2026-08-14T08:34:27.746878+00:00,2026-08-14T09:38:03.746878+00:00,2026-08-16T18:08:03.746878+00:00,14.8,11.0,1,53.6,56.5,171,CRANE_OUTAGE,SHIFT_A (06:00-14:00),1.06
IMO9302355,Maersk Post-Panamax 2355,Maersk,Post-Panamax,8745,325.9,13.3,B-01,4,2024-11-09T19:51:45.084722+00:00,2024-11-09T22:33:45.084722+00:00,2024-11-12T05:57:45.084722+00:00,12.5,10.3,0,46.4,55.4,538,WEATHER,SHIFT_C (22:00-06:00),2.7
IMO9302356,CMA CGM Panamax 2356,CMA CGM,Panamax,3418,268.4,11.0,B-06,3,2026-08-21T17:45:54.680270+00:00,2026-08-21T17:45:54.680270+00:00,2026-08-22T22:51:54.680270+00:00,15.3,21.6,0,29.6,29.1,0,NONE,SHIFT_B (14:00-22:00),0.0
IMO9302357,PIL Panamax 2357,PIL,Panamax,4361,222.1,10.8,B-04,3,2025-11-24T07:56:07.016423+00:00,2025-11-24T11:52:31.016423+00:00,2025-11-25T16:10:31.016423+00:00,17.7,10.5,0,28.2,28.3,0,NONE,SHIFT_A (06:00-14:00),3.94
IMO9302358,PIL Panamax 2358,PIL,Panamax,4056,260.0,10.1,B-05,3,2025-07-07T10:43:49.960128+00:00,2025-07-07T13:37:49.960128+00:00,2025-07-09T06:01:49.960128+00:00,13.6,10.7,0,36.9,40.4,208,CRANE_OUTAGE,SHIFT_A (06:00-14:00),2.9
IMO9302359,SITC Panamax 2359,SITC,Panamax,4814,285.1,12.0,B-07,3,2026-05-12T06:58:04.595577+00:00,2026-05-12T08:51:28.595577+00:00,2026-05-13T15:15:28.595577+00:00,12.3,17.9,0,31.2,30.4,0,NONE,SHIFT_A (06:00-14:00),1.89
IMO9302360,PIL Panamax 2360,PIL,Panamax,4170,233.7,10.2,B-07,3,2026-06-10T04:24:36.527507+00:00,2026-06-10T10:19:48.527507+00:00,2026-06-12T00:07:48.527507+00:00,10.2,33.5,1,34.3,37.8,208,YARD_CONGESTION,SHIFT_A (06:00-14:00),5.92
IMO9302361,Maersk Panamax 2361,Maersk,Panamax,4586,229.4,11.6,B-05,3,2025-07-07T04:29:04.363000+00:00,2025-07-07T04:42:16.363000+00:00,2025-07-08T15:36:16.363000+00:00,15.1,7.1,0,30.5,34.9,264,CRANE_OUTAGE,SHIFT_C (22:00-06:00),0.22
IMO9302362,ONE Panamax 2362,ONE,Panamax,4106,241.6,11.0,B-07,3,2024-12-26T19:23:05.616885+00:00,2024-12-26T21:14:05.616885+00:00,2024-12-28T00:56:05.616885+00:00,12.4,17.2,0,27.5,27.7,0,NONE,SHIFT_B (14:00-22:00),1.85
IMO9302363,PIL Feeder 2363,PIL,Feeder,2327,152.7,9.1,B-09,2,2025-02-04T02:22:36.128397+00:00,2025-02-04T04:04:00.128397+00:00,2025-02-04T22:58:00.128397+00:00,15.5,26.1,0,19.7,18.9,0,NONE,SHIFT_C (22:00-06:00),1.69
IMO9302364,Wan Hai ULCV 2364,Wan Hai,ULCV,17327,371.0,14.9,B-02,4,2026-06-01T06:30:03.253656+00:00,2026-06-01T06:53:27.253656+00:00,2026-06-04T05:53:27.253656+00:00,16.6,23.3,0,65.6,71.0,327,CRANE_OUTAGE,SHIFT_A (06:00-14:00),0.39
IMO9302365,ZIM Neo-Panamax 2365,ZIM,Neo-Panamax,13707,355.6,15.3,B-01,4,2026-07-02T11:25:56.915928+00:00,2026-07-02T13:56:32.915928+00:00,2026-07-04T11:56:32.915928+00:00,14.3,21.5,1,46.6,46.0,0,NONE,SHIFT_A (06:00-14:00),2.51
IMO9302366,COSCO Feeder 2366,COSCO,Feeder,1647,160.9,7.9,B-08,2,2026-01-24T04:31:40.522988+00:00,2026-01-24T09:52:40.522988+00:00,2026-01-25T05:04:40.522988+00:00,11.0,30.7,1,17.2,19.2,123,CRANE_OUTAGE,SHIFT_A (06:00-14:00),5.35
IMO9302367,CMA CGM Feeder 2367,CMA CGM,Feeder,1985,183.0,9.3,B-09,2,2024-11-27T19:41:34.839810+00:00,2024-11-27T22:13:58.839810+00:00,2024-11-28T17:43:58.839810+00:00,13.7,6.7,0,20.4,19.5,0,NONE,SHIFT_C (22:00-06:00),2.54
IMO9302368,OOCL Neo-Panamax 2368,OOCL,Neo-Panamax,11612,353.3,14.0,B-03,4,2025-01-19T18:23:27.951999+00:00,2025-01-19T18:23:27.951999+00:00,2025-01-21T16:29:27.951999+00:00,15.7,14.6,0,45.9,46.1,0,NONE,SHIFT_B (14:00-22:00),0.0
IMO9302369,Hapag-Lloyd Handymax 2369,Hapag-Lloyd,Handymax,3087,183.9,8.8,B-07,3,2026-04-07T01:47:44.086338+00:00,2026-04-07T02:59:08.086338+00:00,2026-04-08T00:17:08.086338+00:00,17.0,16.6,0,22.1,21.3,0,NONE,SHIFT_C (22:00-06:00),1.19
IMO9302370,MSC Feeder 2370,MSC,Feeder,1108,178.2,8.4,B-09,2,2026-05-24T04:10:43.983210+00:00,2026-05-24T04:10:43.983210+00:00,2026-05-24T22:58:43.983210+00:00,16.7,13.4,0,18.4,18.8,0,NONE,SHIFT_C (22:00-06:00),0.0
IMO9302371,Wan Hai Post-Panamax 2371,Wan Hai,Post-Panamax,8812,318.1,13.4,B-03,4,2025-01-02T11:45:39.933418+00:00,2025-01-02T11:45:39.933418+00:00,2025-01-04T05:09:39.933418+00:00,16.0,11.3,0,41.0,41.4,0,NONE,SHIFT_A (06:00-14:00),0.0
IMO9302372,Hapag-Lloyd Panamax 2372,Hapag-Lloyd,Panamax,3760,242.0,10.6,B-05,3,2025-06-15T03:19:09.808724+00:00,2025-06-15T04:07:09.808724+00:00,2025-06-16T18:37:09.808724+00:00,17.4,9.2,0,37.0,38.5,92,PILOT_UNAVAILABLE,SHIFT_C (22:00-06:00),0.8
IMO9302373,Wan Hai Panamax 2373,Wan Hai,Panamax,4377,223.2,10.5,B-06,3,2026-04-05T09:48:55.705462+00:00,2026-04-05T14:46:31.705462+00:00,2026-04-06T18:46:31.705462+00:00,10.9,30.9,1,28.3,28.0,0,NONE,SHIFT_B (14:00-22:00),4.96
IMO9302374,Hapag-Lloyd Feeder 2374,Hapag-Lloyd,Feeder,1412,162.4,9.4,B-09,2,2025-04-27T15:53:36.810921+00:00,2025-04-27T17:11:36.810921+00:00,2025-04-28T12:59:36.810921+00:00,11.8,23.3,0,19.7,19.8,0,NONE,SHIFT_B (14:00-22:00),1.3
IMO9302375,CMA CGM Handymax 2375,CMA CGM,Handymax,3467,207.4,10.6,B-09,2,2025-08-14T12:57:17.848568+00:00,2025-08-14T14:15:17.848568+00:00,2025-08-15T13:45:17.848568+00:00,14.0,21.7,0,23.3,23.5,0,NONE,SHIFT_B (14:00-22:00),1.3
IMO9302376,ZIM Panamax 2376,ZIM,Panamax,4052,269.8,11.9,B-06,3,2026-04-12T23:42:32.383603+00:00,2026-04-13T00:23:56.383603+00:00,2026-04-14T13:29:56.383603+00:00,16.8,18.1,0,36.4,37.1,0,NONE,SHIFT_C (22:00-06:00),0.69
IMO9302377,X-Press Feeders Handymax 2377,X-Press Feeders,Handymax,2944,217.3,9.4,B-08,2,2026-03-07T00:56:30.467573+00:00,2026-03-07T02:08:30.467573+00:00,2026-03-08T03:20:30.467573+00:00,15.2,22.2,0,24.7,25.2,0,NONE,SHIFT_C (22:00-06:00),1.2
IMO9302378,Yang Ming Feeder 2378,Yang Ming,Feeder,1723,183.2,9.0,B-08,2,2025-06-27T11:52:06.227399+00:00,2025-06-27T13:08:54.227399+00:00,2025-06-28T10:32:54.227399+00:00,13.7,23.8,0,18.7,21.4,165,CRANE_OUTAGE,SHIFT_A (06:00-14:00),1.28
IMO9302379,ZIM Post-Panamax 2379,ZIM,Post-Panamax,10565,311.3,13.1,B-03,4,2025-04-04T13:10:53.894722+00:00,2025-04-04T13:57:41.894722+00:00,2025-04-06T10:51:41.894722+00:00,14.1,16.3,0,45.0,44.9,0,NONE,SHIFT_A (06:00-14:00),0.78
IMO9302380,OOCL Neo-Panamax 2380,OOCL,Neo-Panamax,11071,353.3,13.6,B-01,4,2025-12-28T14:08:56.157762+00:00,2025-12-28T15:38:56.157762+00:00,2025-12-30T20:26:56.157762+00:00,13.1,17.1,0,52.0,52.8,0,NONE,SHIFT_B (14:00-22:00),1.5
IMO9302381,Hapag-Lloyd Feeder 2381,Hapag-Lloyd,Feeder,892,159.5,7.7,B-08,2,2026-04-16T22:21:43.830007+00:00,2026-04-16T23:36:07.830007+00:00,2026-04-17T21:24:07.830007+00:00,15.5,24.9,0,17.3,21.8,269,YARD_CONGESTION,SHIFT_C (22:00-06:00),1.24
IMO9302382,SITC Feeder 2382,SITC,Feeder,1439,142.4,7.3,B-10,2,2024-11-09T13:22:02.169922+00:00,2024-11-09T15:29:50.169922+00:00,2024-11-10T08:53:50.169922+00:00,15.5,20.6,0,17.6,17.4,0,NONE,SHIFT_B (14:00-22:00),2.13
IMO9302383,OOCL Panamax 2383,OOCL,Panamax,3905,237.9,10.9,B-07,3,2025-12-15T04:16:30.590106+00:00,2025-12-15T07:22:30.590106+00:00,2025-12-16T21:16:30.590106+00:00,10.6,12.3,0,37.2,37.9,0,NONE,SHIFT_A (06:00-14:00),3.1
IMO9302384,Hapag-Lloyd Feeder 2384,Hapag-Lloyd,Feeder,2412,137.2,9.4,B-10,2,2025-06-11T02:11:58.894992+00:00,2025-06-11T03:14:58.894992+00:00,2025-06-12T01:02:58.894992+00:00,10.9,7.3,0,16.0,21.8,347,WEATHER,SHIFT_C (22:00-06:00),1.05
IMO9302385,Evergreen Panamax 2385,Evergreen,Panamax,4803,253.7,11.6,B-05,3,2025-11-15T04:47:27.782984+00:00,2025-11-15T06:10:15.782984+00:00,2025-11-16T22:46:15.782984+00:00,13.3,9.2,0,36.5,40.6,244,CRANE_OUTAGE,SHIFT_A (06:00-14:00),1.38
IMO9302386,KMTC Panamax 2386,KMTC,Panamax,3150,259.9,11.3,B-07,3,2025-12-03T17:52:25.346479+00:00,2025-12-03T19:27:13.346479+00:00,2025-12-05T03:33:13.346479+00:00,13.0,31.4,1,32.6,32.1,0,NONE,SHIFT_B (14:00-22:00),1.58
IMO9302387,ONE Neo-Panamax 2387,ONE,Neo-Panamax,12270,366.0,14.5,B-03,4,2024-12-25T06:13:14.971055+00:00,2024-12-25T07:09:02.971055+00:00,2024-12-27T06:33:02.971055+00:00,14.2,15.7,0,48.2,47.4,0,NONE,SHIFT_A (06:00-14:00),0.93
IMO9302388,Evergreen ULCV 2388,Evergreen,ULCV,17850,370.0,16.2,B-02,4,2025-08-13T04:24:20.949869+00:00,2025-08-13T08:13:32.949869+00:00,2025-08-16T04:07:32.949869+00:00,16.8,6.1,0,65.0,67.9,175,CRANE_OUTAGE,SHIFT_A (06:00-14:00),3.82
IMO9302389,HMM Post-Panamax 2389,HMM,Post-Panamax,7181,331.3,13.6,B-04,3,2025-04-13T09:15:33.362439+00:00,2025-04-13T09:15:33.362439+00:00,2025-04-15T17:09:33.362439+00:00,12.5,20.6,0,50.0,55.9,353,CRANE_OUTAGE,SHIFT_A (06:00-14:00),0.0
IMO9302390,Evergreen ULCV 2390,Evergreen,ULCV,23401,368.5,15.0,B-01,4,2024-11-24T05:43:02.887473+00:00,2024-11-24T05:43:02.887473+00:00,2024-11-27T06:37:02.887473+00:00,15.5,9.3,0,73.0,72.9,0,NONE,SHIFT_C (22:00-06:00),0.0
IMO9302391,SITC Panamax 2391,SITC,Panamax,4999,249.9,11.0,B-06,3,2025-08-05T12:55:12.629627+00:00,2025-08-05T13:22:12.629627+00:00,2025-08-06T23:40:12.629627+00:00,16.3,5.5,0,33.5,34.3,0,NONE,SHIFT_A (06:00-14:00),0.45
IMO9302392,PIL Feeder 2392,PIL,Feeder,1937,143.2,9.0,B-08,2,2024-10-27T12:15:36.202344+00:00,2024-10-27T13:13:48.202344+00:00,2024-10-28T15:13:48.202344+00:00,14.8,18.5,0,17.2,26.0,527,WEATHER,SHIFT_A (06:00-14:00),0.97
IMO9302393,ONE Feeder 2393,ONE,Feeder,2461,166.5,7.0,B-09,2,2025-01-14T22:47:21.904730+00:00,2025-01-15T01:58:09.904730+00:00,2025-01-15T21:28:09.904730+00:00,16.9,3.9,0,19.9,19.5,0,NONE,SHIFT_C (22:00-06:00),3.18
IMO9302394,ZIM ULCV 2394,ZIM,ULCV,20761,375.6,16.0,B-02,4,2025-09-23T20:53:41.795212+00:00,2025-09-23T23:23:41.795212+00:00,2025-09-26T15:35:41.795212+00:00,16.9,8.0,1,63.6,64.2,0,NONE,SHIFT_C (22:00-06:00),2.5
IMO9302395,X-Press Feeders Panamax 2395,X-Press Feeders,Panamax,4024,226.8,11.9,B-07,3,2025-04-29T15:05:45.186187+00:00,2025-04-29T20:20:09.186187+00:00,2025-05-01T12:38:09.186187+00:00,11.3,33.6,1,40.3,40.3,0,NONE,SHIFT_B (14:00-22:00),5.24
IMO9302396,X-Press Feeders Neo-Panamax 2396,X-Press Feeders,Neo-Panamax,13120,351.8,15.4,B-02,4,2025-05-26T18:36:01.719584+00:00,2025-05-26T21:03:01.719584+00:00,2025-05-29T03:15:01.719584+00:00,17.1,13.0,1,53.8,54.2,0,NONE,SHIFT_B (14:00-22:00),2.45
IMO9302397,SITC Post-Panamax 2397,SITC,Post-Panamax,7920,309.1,13.1,B-01,4,2025-12-30T09:42:33.741378+00:00,2025-12-30T11:11:21.741378+00:00,2026-01-01T12:23:21.741378+00:00,12.3,14.0,0,48.4,49.2,0,NONE,SHIFT_A (06:00-14:00),1.48
IMO9302398,PIL Feeder 2398,PIL,Feeder,2065,151.7,8.7,B-08,2,2026-05-28T06:04:19.895799+00:00,2026-05-28T08:48:07.895799+00:00,2026-05-29T07:06:07.895799+00:00,13.6,25.2,0,18.7,22.3,217,CRANE_OUTAGE,SHIFT_A (06:00-14:00),2.73
IMO9302399,COSCO Post-Panamax 2399,COSCO,Post-Panamax,10588,341.7,13.4,B-02,4,2025-06-25T05:50:03.719303+00:00,2025-06-25T09:06:15.719303+00:00,2025-06-27T09:42:15.719303+00:00,17.6,13.5,0,48.9,48.6,0,NONE,SHIFT_A (06:00-14:00),3.27
IMO9302400,KMTC Panamax 2400,KMTC,Panamax,5145,272.8,10.1,B-06,3,2025-05-21T13:31:08.090908+00:00,2025-05-21T13:42:32.090908+00:00,2025-05-23T07:24:32.090908+00:00,16.5,14.7,0,30.5,41.7,670,TIDAL_WINDOW_MISSED,SHIFT_A (06:00-14:00),0.19
IMO9302401,ZIM Neo-Panamax 2401,ZIM,Neo-Panamax,11593,361.6,15.4,B-02,4,2026-03-05T04:17:29.758199+00:00,2026-03-05T06:40:53.758199+00:00,2026-03-07T06:16:53.758199+00:00,14.1,12.9,1,47.2,47.6,0,NONE,SHIFT_A (06:00-14:00),2.39
IMO9302402,X-Press Feeders Neo-Panamax 2402,X-Press Feeders,Neo-Panamax,12742,361.0,15.1,B-03,4,2025-11-02T09:37:30.849471+00:00,2025-11-02T11:21:54.849471+00:00,2025-11-04T22:03:54.849471+00:00,14.4,20.6,0,58.9,58.7,0,NONE,SHIFT_A (06:00-14:00),1.74
IMO9302403,PIL Feeder 2403,PIL,Feeder,1288,180.5,9.0,B-09,2,2025-01-11T23:13:57.563204+00:00,2025-01-12T03:12:45.563204+00:00,2025-01-12T21:12:45.563204+00:00,12.5,18.4,0,18.3,18.0,0,NONE,SHIFT_C (22:00-06:00),3.98
IMO9302404,Evergreen Panamax 2404,Evergreen,Panamax,4117,262.0,10.0,B-07,3,2026-02-03T16:03:47.879767+00:00,2026-02-03T17:02:35.879767+00:00,2026-02-04T22:38:35.879767+00:00,13.3,9.7,0,29.8,29.6,0,NONE,SHIFT_B (14:00-22:00),0.98
IMO9302405,HMM Post-Panamax 2405,HMM,Post-Panamax,10448,327.7,14.4,B-05,3,2026-09-12T22:28:38.622390+00:00,2026-09-12T23:55:02.622390+00:00,2026-09-14T19:31:02.622390+00:00,15.7,20.3,0,43.3,43.6,0,NONE,SHIFT_C (22:00-06:00),1.44
IMO9302406,KMTC Feeder 2406,KMTC,Feeder,2316,166.1,7.8,B-10,2,2026-08-18T07:35:54.672521+00:00,2026-08-18T09:43:42.672521+00:00,2026-08-19T03:07:42.672521+00:00,14.7,27.4,0,18.0,17.4,0,NONE,SHIFT_A (06:00-14:00),2.13
IMO9302407,HMM ULCV 2407,HMM,ULCV,20329,369.0,14.5,B-01,4,2026-05-14T01:30:38.757665+00:00,2026-05-14T03:40:14.757665+00:00,2026-05-17T08:52:14.757665+00:00,14.4,3.6,0,73.0,77.2,253,YARD_CONGESTION,SHIFT_C (22:00-06:00),2.16
IMO9302408,Yang Ming Handymax 2408,Yang Ming,Handymax,3190,214.8,9.6,B-09,2,2026-04-22T23:36:02.979849+00:00,2026-04-23T02:46:14.979849+00:00,2026-04-24T00:52:14.979849+00:00,16.3,25.8,0,22.6,22.1,0,NONE,SHIFT_C (22:00-06:00),3.17
IMO9302409,X-Press Feeders ULCV 2409,X-Press Feeders,ULCV,18057,395.4,16.0,B-01,4,2025-01-14T01:22:57.251853+00:00,2025-01-14T04:20:33.251853+00:00,2025-01-16T16:02:33.251853+00:00,13.3,9.0,0,60.4,59.7,0,NONE,SHIFT_C (22:00-06:00),2.96
IMO9302410,ZIM Feeder 2410,ZIM,Feeder,981,179.1,7.2,B-08,2,2026-05-12T08:44:05.543381+00:00,2026-05-12T10:02:05.543381+00:00,2026-05-13T06:14:05.543381+00:00,17.6,15.0,0,19.6,20.2,0,NONE,SHIFT_A (06:00-14:00),1.3
IMO9302411,X-Press Feeders Handymax 2411,X-Press Feeders,Handymax,3212,192.0,9.8,B-09,2,2025-10-10T20:40:30.303493+00:00,2025-10-10T21:22:30.303493+00:00,2025-10-11T21:22:30.303493+00:00,13.6,9.0,0,24.5,24.0,0,NONE,SHIFT_B (14:00-22:00),0.7
IMO9302412,Wan Hai Feeder 2412,Wan Hai,Feeder,1352,156.8,8.6,B-10,2,2024-11-06T04:33:43.036692+00:00,2024-11-06T08:11:31.036692+00:00,2024-11-07T08:23:31.036692+00:00,14.9,15.8,0,20.5,24.2,221,YARD_CONGESTION,SHIFT_A (06:00-14:00),3.63
IMO9302413,Evergreen Post-Panamax 2413,Evergreen,Post-Panamax,10328,320.5,12.9,B-01,4,2025-04-13T16:22:39.724936+00:00,2025-04-13T18:50:51.724936+00:00,2025-04-15T12:50:51.724936+00:00,12.9,13.9,0,41.4,42.0,0,NONE,SHIFT_B (14:00-22:00),2.47
IMO9302414,COSCO Panamax 2414,COSCO,Panamax,3979,285.9,11.2,B-07,3,2024-11-23T11:40:55.193534+00:00,2024-11-23T14:06:07.193534+00:00,2024-11-24T20:48:07.193534+00:00,13.6,24.6,0,31.2,30.7,0,NONE,SHIFT_B (14:00-22:00),2.42
IMO9302415,ZIM Panamax 2415,ZIM,Panamax,3848,287.2,10.2,B-05,3,2025-09-24T16:57:35.073013+00:00,2025-09-24T20:24:35.073013+00:00,2025-09-26T02:18:35.073013+00:00,13.7,12.0,0,29.9,29.9,0,NONE,SHIFT_B (14:00-22:00),3.45
IMO9302416,X-Press Feeders Post-Panamax 2416,X-Press Feeders,Post-Panamax,6745,342.3,13.2,B-04,3,2026-03-09T20:09:46.119380+00:00,2026-03-09T20:09:46.119380+00:00,2026-03-12T00:15:46.119380+00:00,16.7,15.2,0,45.3,52.1,408,CRANE_OUTAGE,SHIFT_B (14:00-22:00),0.0
IMO9302417,SITC Panamax 2417,SITC,Panamax,3803,257.2,10.5,B-04,3,2026-04-07T03:18:53.976602+00:00,2026-04-07T03:18:53.976602+00:00,2026-04-08T11:48:53.976602+00:00,14.2,14.5,0,25.6,32.5,413,CRANE_OUTAGE,SHIFT_C (22:00-06:00),0.0
IMO9302418,ZIM Post-Panamax 2418,ZIM,Post-Panamax,10425,343.9,13.7,B-02,4,2025-09-13T07:22:36.756860+00:00,2025-09-13T10:34:36.756860+00:00,2025-09-15T17:58:36.756860+00:00,15.8,17.6,0,54.9,55.4,0,NONE,SHIFT_A (06:00-14:00),3.2
IMO9302419,X-Press Feeders Feeder 2419,X-Press Feeders,Feeder,2314,178.2,7.6,B-08,2,2025-11-14T05:17:23.850832+00:00,2025-11-14T06:21:35.850832+00:00,2025-11-15T07:09:35.850832+00:00,12.9,17.8,0,21.1,24.8,222,TIDAL_WINDOW_MISSED,SHIFT_A (06:00-14:00),1.07
IMO9302420,Wan Hai Panamax 2420,Wan Hai,Panamax,3098,289.8,11.2,B-05,3,2024-10-01T16:04:43.270889+00:00,2024-10-01T17:05:19.270889+00:00,2024-10-03T05:59:19.270889+00:00,14.1,32.1,1,33.0,36.9,235,CRANE_OUTAGE,SHIFT_B (14:00-22:00),1.01
IMO9302421,MSC Feeder 2421,MSC,Feeder,1223,137.5,7.9,B-10,2,2026-08-22T00:16:24.706322+00:00,2026-08-22T05:24:48.706322+00:00,2026-08-22T22:48:48.706322+00:00,17.7,18.6,0,17.3,17.4,0,NONE,SHIFT_C (22:00-06:00),5.14
IMO9302422,Yang Ming Neo-Panamax 2422,Yang Ming,Neo-Panamax,12888,349.3,15.4,B-02,4,2024-10-20T22:46:31.940540+00:00,2024-10-21T04:01:31.940540+00:00,2024-10-23T09:43:31.940540+00:00,13.4,33.2,1,53.3,53.7,0,NONE,SHIFT_C (22:00-06:00),5.25
IMO9302423,Evergreen Feeder 2423,Evergreen,Feeder,1134,171.0,7.5,B-08,2,2026-06-25T15:49:35.629022+00:00,2026-06-25T18:33:23.629022+00:00,2026-06-26T17:09:23.629022+00:00,12.6,12.4,0,23.6,22.6,0,NONE,SHIFT_B (14:00-22:00),2.73
IMO9302424,CMA CGM Feeder 2424,CMA CGM,Feeder,2233,169.9,8.3,B-08,2,2025-03-21T18:08:38.811540+00:00,2025-03-21T21:59:38.811540+00:00,2025-03-22T20:17:38.811540+00:00,12.9,19.4,0,20.3,22.3,118,WEATHER,SHIFT_B (14:00-22:00),3.85
IMO9302425,COSCO Handymax 2425,COSCO,Handymax,2486,211.3,8.6,B-06,3,2024-12-02T18:23:20.221610+00:00,2024-12-02T19:26:20.221610+00:00,2024-12-03T20:38:20.221610+00:00,16.3,19.8,0,24.7,25.2,0,NONE,SHIFT_B (14:00-22:00),1.05
IMO9302426,ONE Panamax 2426,ONE,Panamax,3615,261.1,11.1,B-06,3,2025-01-28T06:11:55.036570+00:00,2025-01-28T09:00:31.036570+00:00,2025-01-29T19:24:31.036570+00:00,13.9,11.9,0,29.7,34.4,281,WEATHER,SHIFT_A (06:00-14:00),2.81
IMO9302427,Evergreen Neo-Panamax 2427,Evergreen,Neo-Panamax,11538,352.6,15.2,B-03,4,2024-12-30T23:21:27.278659+00:00,2024-12-31T00:04:03.278659+00:00,2025-01-02T09:46:03.278659+00:00,15.1,7.4,0,58.0,57.7,0,NONE,SHIFT_C (22:00-06:00),0.71
IMO9302428,KMTC Panamax 2428,KMTC,Panamax,3324,274.2,11.6,B-06,3,2024-12-05T20:17:28.774276+00:00,2024-12-05T21:22:16.774276+00:00,2024-12-07T13:22:16.774276+00:00,14.7,17.1,0,40.2,40.0,0,NONE,SHIFT_B (14:00-22:00),1.08
IMO9302429,Wan Hai Post-Panamax 2429,Wan Hai,Post-Panamax,10610,342.2,13.0,B-04,3,2025-12-13T05:54:57.975307+00:00,2025-12-13T07:00:57.975307+00:00,2025-12-15T06:12:57.975307+00:00,13.0,23.2,0,46.9,47.2,0,NONE,SHIFT_A (06:00-14:00),1.1
IMO9302430,Wan Hai Neo-Panamax 2430,Wan Hai,Neo-Panamax,11115,359.2,14.5,B-03,4,2026-03-18T11:43:56.038228+00:00,2026-03-18T11:58:20.038228+00:00,2026-03-20T19:28:20.038228+00:00,14.2,13.4,0,55.7,55.5,0,NONE,SHIFT_A (06:00-14:00),0.24
IMO9302431,PIL Neo-Panamax 2431,PIL,Neo-Panamax,11723,349.0,14.2,B-02,4,2025-01-06T17:37:34.450409+00:00,2025-01-06T19:01:34.450409+00:00,2025-01-08T22:55:34.450409+00:00,14.5,5.2,0,52.1,51.9,0,NONE,SHIFT_B (14:00-22:00),1.4
IMO9302432,SITC Handymax 2432,SITC,Handymax,3017,210.7,9.6,B-09,2,2026-03-06T19:57:38.411815+00:00,2026-03-06T20:39:02.411815+00:00,2026-03-08T00:45:02.411815+00:00,15.1,16.8,0,26.0,28.1,124,CRANE_OUTAGE,SHIFT_B (14:00-22:00),0.69
IMO9302433,SITC Feeder 2433,SITC,Feeder,2001,138.9,7.7,B-08,2,2025-10-06T00:06:00.301493+00:00,2025-10-06T01:01:12.301493+00:00,2025-10-06T21:37:12.301493+00:00,14.6,15.1,0,17.4,20.6,190,YARD_CONGESTION,SHIFT_C (22:00-06:00),0.92
IMO9302434,ZIM Panamax 2434,ZIM,Panamax,4891,259.8,11.5,B-06,3,2024-11-23T18:53:30.606465+00:00,2024-11-23T18:53:30.606465+00:00,2024-11-25T05:11:30.606465+00:00,16.0,23.9,0,34.3,34.3,0,NONE,SHIFT_B (14:00-22:00),0.0
IMO9302435,OOCL Post-Panamax 2435,OOCL,Post-Panamax,8310,305.9,13.2,B-03,4,2024-12-08T10:54:07.142945+00:00,2024-12-08T13:46:19.142945+00:00,2024-12-10T11:10:19.142945+00:00,13.2,13.9,0,45.9,45.4,0,NONE,SHIFT_A (06:00-14:00),2.87
IMO9302436,Hapag-Lloyd Post-Panamax 2436,Hapag-Lloyd,Post-Panamax,9754,324.5,13.9,B-03,4,2026-04-29T04:38:30.233991+00:00,2026-04-29T06:58:18.233991+00:00,2026-05-01T09:46:18.233991+00:00,14.1,5.2,0,50.7,50.8,0,NONE,SHIFT_A (06:00-14:00),2.33
IMO9302437,OOCL Handymax 2437,OOCL,Handymax,2101,216.3,10.1,B-06,3,2026-01-17T06:47:41.800770+00:00,2026-01-17T08:58:29.800770+00:00,2026-01-18T10:40:29.800770+00:00,14.1,10.0,0,23.4,25.7,138,PILOT_UNAVAILABLE,SHIFT_A (06:00-14:00),2.18
IMO9302438,Evergreen Neo-Panamax 2438,Evergreen,Neo-Panamax,14573,364.9,14.3,B-03,4,2026-04-16T17:07:28.389727+00:00,2026-04-16T19:48:52.389727+00:00,2026-04-19T02:54:52.389727+00:00,17.1,12.7,0,50.6,55.1,272,CRANE_OUTAGE,SHIFT_B (14:00-22:00),2.69
IMO9302439,MSC Panamax 2439,MSC,Panamax,4458,259.2,11.6,B-04,3,2026-02-13T05:41:57.873547+00:00,2026-02-13T08:49:09.873547+00:00,2026-02-14T11:07:09.873547+00:00,12.3,3.7,0,27.2,26.3,0,NONE,SHIFT_A (06:00-14:00),3.12
IMO9302440,Wan Hai Feeder 2440,Wan Hai,Feeder,2368,170.8,8.4,B-08,2,2026-07-12T22:00:16.102747+00:00,2026-07-13T00:25:28.102747+00:00,2026-07-13T19:01:28.102747+00:00,13.2,20.0,0,18.9,18.6,0,NONE,SHIFT_C (22:00-06:00),2.42
IMO9302441,Yang Ming Feeder 2441,Yang Ming,Feeder,1660,182.2,8.7,B-08,2,2025-09-06T12:22:36.631741+00:00,2025-09-06T19:20:12.631741+00:00,2025-09-07T15:14:12.631741+00:00,10.1,34.2,1,19.5,19.9,0,NONE,SHIFT_B (14:00-22:00),6.96
IMO9302442,CMA CGM Panamax 2442,CMA CGM,Panamax,3838,226.5,10.7,B-05,3,2026-08-17T17:35:33.050591+00:00,2026-08-17T19:28:57.050591+00:00,2026-08-19T05:04:57.050591+00:00,16.9,13.4,0,33.4,33.6,0,NONE,SHIFT_B (14:00-22:00),1.89
IMO9302443,ONE Feeder 2443,ONE,Feeder,1823,186.4,8.1,B-10,2,2026-08-18T13:22:26.798026+00:00,2026-08-18T16:15:50.798026+00:00,2026-08-19T08:21:50.798026+00:00,13.1,25.8,0,15.4,16.1,0,NONE,SHIFT_B (14:00-22:00),2.89
IMO9302444,CMA CGM ULCV 2444,CMA CGM,ULCV,22654,385.0,15.7,B-02,4,2026-02-26T07:54:05.998460+00:00,2026-02-26T09:10:53.998460+00:00,2026-02-28T23:40:53.998460+00:00,11.5,28.7,1,62.7,62.5,0,NONE,SHIFT_A (06:00-14:00),1.28
IMO9302445,HMM Panamax 2445,HMM,Panamax,3032,281.6,11.6,B-05,3,2026-02-15T01:38:20.128808+00:00,2026-02-15T02:46:44.128808+00:00,2026-02-16T10:28:44.128808+00:00,13.4,8.8,0,32.4,31.7,0,NONE,SHIFT_C (22:00-06:00),1.14
IMO9302446,ZIM Post-Panamax 2446,ZIM,Post-Panamax,10293,313.7,12.6,B-05,3,2026-05-01T12:14:41.795297+00:00,2026-05-01T12:48:17.795297+00:00,2026-05-03T20:54:17.795297+00:00,15.6,19.2,0,51.1,56.1,298,WEATHER,SHIFT_A (06:00-14:00),0.56
IMO9302447,Wan Hai Feeder 2447,Wan Hai,Feeder,1925,161.1,8.7,B-09,2,2025-11-02T23:50:13.703036+00:00,2025-11-03T01:55:37.703036+00:00,2025-11-03T23:01:37.703036+00:00,13.4,16.6,0,17.5,21.1,216,CRANE_OUTAGE,SHIFT_C (22:00-06:00),2.09
IMO9302448,HMM ULCV 2448,HMM,ULCV,23323,379.1,15.7,B-03,4,2025-04-30T06:35:42.197708+00:00,2025-04-30T09:08:06.197708+00:00,2025-05-03T06:20:06.197708+00:00,13.6,10.2,0,69.9,69.2,0,NONE,SHIFT_A (06:00-14:00),2.54
IMO9302449,Maersk Panamax 2449,Maersk,Panamax,3045,285.9,11.3,B-07,3,2026-03-09T03:54:58.841832+00:00,2026-03-09T06:12:58.841832+00:00,2026-03-10T19:42:58.841832+00:00,14.0,13.6,0,36.2,37.5,76,PILOT_UNAVAILABLE,SHIFT_A (06:00-14:00),2.3
IMO9302450,Evergreen Post-Panamax 2450,Evergreen,Post-Panamax,7695,342.0,13.7,B-02,4,2025-05-27T17:21:14.775370+00:00,2025-05-27T18:54:50.775370+00:00,2025-05-29T16:24:50.775370+00:00,17.1,18.4,0,45.5,45.5,0,NONE,SHIFT_B (14:00-22:00),1.56
IMO9302451,MSC Feeder 2451,MSC,Feeder,1795,143.6,7.5,B-10,2,2025-08-12T16:53:24.500606+00:00,2025-08-12T18:42:36.500606+00:00,2025-08-13T15:12:36.500606+00:00,19.5,19.0,0,21.0,20.5,0,NONE,SHIFT_B (14:00-22:00),1.82
IMO9302452,Wan Hai Neo-Panamax 2452,Wan Hai,Neo-Panamax,12174,352.9,14.0,B-02,4,2026-01-25T06:55:58.895822+00:00,2026-01-25T09:00:10.895822+00:00,2026-01-27T07:18:10.895822+00:00,15.7,13.0,0,41.5,46.3,290,CRANE_OUTAGE,SHIFT_A (06:00-14:00),2.07
IMO9302453,PIL Post-Panamax 2453,PIL,Post-Panamax,9656,341.3,13.4,B-05,3,2025-05-19T01:55:30.873546+00:00,2025-05-19T04:55:30.873546+00:00,2025-05-21T02:19:30.873546+00:00,15.1,5.4,0,45.5,45.4,0,NONE,SHIFT_C (22:00-06:00),3.0
IMO9302454,HMM Panamax 2454,HMM,Panamax,4696,285.8,10.5,B-05,3,2026-05-22T00:39:06.631650+00:00,2026-05-22T00:39:06.631650+00:00,2026-05-23T09:21:06.631650+00:00,13.3,4.0,0,33.4,32.7,0,NONE,SHIFT_C (22:00-06:00),0.0
IMO9302455,HMM Handymax 2455,HMM,Handymax,2309,187.1,8.7,B-06,3,2024-10-12T13:54:30.575455+00:00,2024-10-12T14:07:42.575455+00:00,2024-10-13T15:49:42.575455+00:00,14.4,14.4,0,26.1,25.7,0,NONE,SHIFT_B (14:00-22:00),0.22
IMO9302456,CMA CGM Panamax 2456,CMA CGM,Panamax,3088,260.0,11.1,B-06,3,2025-11-28T00:23:56.838983+00:00,2025-11-28T02:57:32.838983+00:00,2025-11-29T18:09:32.838983+00:00,14.6,17.9,0,35.0,39.2,253,WEATHER,SHIFT_C (22:00-06:00),2.56
IMO9302457,CMA CGM Feeder 2457,CMA CGM,Feeder,1180,167.6,9.5,B-08,2,2025-04-25T15:29:16.568047+00:00,2025-04-25T15:29:16.568047+00:00,2025-04-26T03:41:16.568047+00:00,14.5,26.2,0,12.3,12.2,0,NONE,SHIFT_B (14:00-22:00),0.0
IMO9302458,MSC Panamax 2458,MSC,Panamax,3837,274.6,10.3,B-04,3,2026-09-17T01:22:50.263390+00:00,2026-09-17T06:38:26.263390+00:00,2026-09-18T13:02:26.263390+00:00,17.7,4.2,0,31.3,30.4,0,NONE,SHIFT_A (06:00-14:00),5.26
IMO9302459,MSC Post-Panamax 2459,MSC,Post-Panamax,7167,301.9,12.8,B-05,3,2026-03-09T21:08:41.306069+00:00,2026-03-09T21:08:41.306069+00:00,2026-03-12T04:56:41.306069+00:00,15.4,21.7,0,51.7,55.8,245,CRANE_OUTAGE,SHIFT_B (14:00-22:00),0.0
IMO9302460,Maersk Panamax 2460,Maersk,Panamax,3077,243.4,10.3,B-05,3,2026-01-08T09:19:18.876380+00:00,2026-01-08T09:51:42.876380+00:00,2026-01-09T18:27:42.876380+00:00,15.2,17.7,0,33.0,32.6,0,NONE,SHIFT_A (06:00-14:00),0.54
IMO9302461,ONE ULCV 2461,ONE,ULCV,14102,367.5,16.4,B-03,4,2025-10-04T23:01:05.636273+00:00,2025-10-05T00:14:53.636273+00:00,2025-10-07T17:38:53.636273+00:00,11.6,12.6,1,63.2,65.4,131,CRANE_OUTAGE,SHIFT_C (22:00-06:00),1.23
IMO9302462,SITC Feeder 2462,SITC,Feeder,1211,147.3,9.0,B-09,2,2026-06-30T20:54:52.179524+00:00,2026-06-30T23:43:28.179524+00:00,2026-07-01T22:19:28.179524+00:00,12.6,41.9,1,22.8,22.6,0,NONE,SHIFT_C (22:00-06:00),2.81
IMO9302463,CMA CGM Feeder 2463,CMA CGM,Feeder,1519,140.8,8.1,B-09,2,2025-01-10T08:48:41.737703+00:00,2025-01-10T11:01:17.737703+00:00,2025-01-11T03:31:17.737703+00:00,15.6,6.0,0,16.7,16.5,0,NONE,SHIFT_A (06:00-14:00),2.21
IMO9302464,SITC Feeder 2464,SITC,Feeder,1662,149.6,7.8,B-09,2,2024-11-10T17:24:58.716628+00:00,2024-11-10T18:58:34.716628+00:00,2024-11-11T12:40:34.716628+00:00,13.7,26.0,0,16.5,17.7,74,YARD_CONGESTION,SHIFT_B (14:00-22:00),1.56
IMO9302465,Wan Hai Feeder 2465,Wan Hai,Feeder,1529,136.8,7.0,B-10,2,2025-01-17T21:00:13.375426+00:00,2025-01-18T00:43:25.375426+00:00,2025-01-18T22:49:25.375426+00:00,12.5,16.2,0,21.4,22.1,0,NONE,SHIFT_C (22:00-06:00),3.72
IMO9302466,Evergreen Post-Panamax 2466,Evergreen,Post-Panamax,9638,304.2,13.5,B-04,3,2024-12-31T13:51:03.358218+00:00,2024-12-31T15:51:39.358218+00:00,2025-01-02T03:33:39.358218+00:00,16.3,17.3,0,35.3,35.7,0,NONE,SHIFT_B (14:00-22:00),2.01
IMO9302467,Yang Ming Panamax 2467,Yang Ming,Panamax,3068,273.2,11.8,B-06,3,2026-03-06T00:22:46.653086+00:00,2026-03-06T01:47:22.653086+00:00,2026-03-07T16:29:22.653086+00:00,16.8,11.7,0,38.2,38.7,0,NONE,SHIFT_C (22:00-06:00),1.41
IMO9302468,ZIM Neo-Panamax 2468,ZIM,Neo-Panamax,14325,344.9,15.2,B-01,4,2026-08-26T02:38:54.030854+00:00,2026-08-26T06:05:18.030854+00:00,2026-08-29T01:35:18.030854+00:00,14.2,10.7,0,60.7,67.5,411,WEATHER,SHIFT_A (06:00-14:00),3.44
IMO9302469,Wan Hai Neo-Panamax 2469,Wan Hai,Neo-Panamax,11168,359.2,14.6,B-03,4,2026-08-24T08:16:17.511649+00:00,2026-08-24T11:32:29.511649+00:00,2026-08-26T15:44:29.511649+00:00,15.8,26.6,0,49.9,52.2,140,WEATHER,SHIFT_A (06:00-14:00),3.27
IMO9302470,Yang Ming Feeder 2470,Yang Ming,Feeder,1547,141.4,8.0,B-10,2,2026-03-23T21:08:59.997839+00:00,2026-03-24T03:07:11.997839+00:00,2026-03-24T22:43:11.997839+00:00,12.1,33.6,1,20.1,19.6,0,NONE,SHIFT_C (22:00-06:00),5.970000000000001
IMO9302471,MSC Panamax 2471,MSC,Panamax,4154,220.2,11.6,B-04,3,2025-11-30T08:07:52.751798+00:00,2025-11-30T11:43:52.751798+00:00,2025-12-02T00:25:52.751798+00:00,14.4,28.0,0,36.9,36.7,0,NONE,SHIFT_A (06:00-14:00),3.6
IMO9302472,HMM Post-Panamax 2472,HMM,Post-Panamax,8006,322.0,12.7,B-03,4,2025-04-29T19:47:37.570513+00:00,2025-04-29T21:27:13.570513+00:00,2025-05-02T07:45:13.570513+00:00,16.4,25.1,0,54.9,58.3,204,WEATHER,SHIFT_B (14:00-22:00),1.66
IMO9302473,OOCL Neo-Panamax 2473,OOCL,Neo-Panamax,14416,342.4,14.8,B-02,4,2025-12-18T06:45:50.363875+00:00,2025-12-18T08:49:26.363875+00:00,2025-12-20T14:49:26.363875+00:00,15.6,14.1,1,47.1,54.0,412,CRANE_OUTAGE,SHIFT_A (06:00-14:00),2.06
IMO9302474,Yang Ming Post-Panamax 2474,Yang Ming,Post-Panamax,6968,301.5,13.9,B-03,4,2025-04-17T08:16:37.456284+00:00,2025-04-17T09:06:25.456284+00:00,2025-04-19T03:30:25.456284+00:00,11.9,25.9,0,42.4,42.4,0,NONE,SHIFT_A (06:00-14:00),0.83
IMO9302475,CMA CGM Feeder 2475,CMA CGM,Feeder,1569,159.3,7.5,B-09,2,2025-06-12T02:59:27.808578+00:00,2025-06-12T06:35:27.808578+00:00,2025-06-13T01:17:27.808578+00:00,14.9,22.9,0,18.4,18.7,0,NONE,SHIFT_A (06:00-14:00),3.6
IMO9302476,PIL Panamax 2476,PIL,Panamax,4368,278.0,12.0,B-05,3,2024-11-17T01:02:37.371051+00:00,2024-11-17T02:34:25.371051+00:00,2024-11-18T15:10:25.371051+00:00,16.6,12.6,0,32.6,36.6,240,YARD_CONGESTION,SHIFT_C (22:00-06:00),1.53
IMO9302477,Maersk Neo-Panamax 2477,Maersk,Neo-Panamax,10101,355.0,14.3,B-02,4,2025-08-27T02:27:56.454201+00:00,2025-08-27T03:01:32.454201+00:00,2025-08-29T06:31:32.454201+00:00,13.0,18.5,0,51.0,51.5,0,NONE,SHIFT_C (22:00-06:00),0.56
IMO9302478,Hapag-Lloyd Panamax 2478,Hapag-Lloyd,Panamax,4568,288.5,11.7,B-04,3,2026-06-22T22:06:13.277397+00:00,2026-06-22T22:08:37.277397+00:00,2026-06-24T06:26:37.277397+00:00,14.7,14.0,0,31.5,32.3,0,NONE,SHIFT_C (22:00-06:00),0.04
IMO9302479,Yang Ming Neo-Panamax 2479,Yang Ming,Neo-Panamax,10557,351.3,13.5,B-03,4,2026-03-01T22:02:30.921884+00:00,2026-03-01T22:02:30.921884+00:00,2026-03-03T23:38:30.921884+00:00,13.1,5.4,0,50.4,49.6,0,NONE,SHIFT_C (22:00-06:00),0.0
IMO9302480,Evergreen Post-Panamax 2480,Evergreen,Post-Panamax,10791,326.4,13.2,B-04,3,2025-10-18T15:48:58.134749+00:00,2025-10-18T17:29:46.134749+00:00,2025-10-20T16:05:46.134749+00:00,13.9,15.1,0,46.5,46.6,0,NONE,SHIFT_B (14:00-22:00),1.68
IMO9302481,X-Press Feeders Feeder 2481,X-Press Feeders,Feeder,1005,160.4,9.2,B-08,2,2025-08-08T23:35:49.999841+00:00,2025-08-08T23:35:49.999841+00:00,2025-08-09T19:35:49.999841+00:00,15.7,20.5,0,20.1,20.0,0,NONE,SHIFT_C (22:00-06:00),0.0
IMO9302482,Wan Hai Feeder 2482,Wan Hai,Feeder,2224,187.7,7.9,B-10,2,2025-05-12T17:11:03.623039+00:00,2025-05-12T21:15:51.623039+00:00,2025-05-13T17:45:51.623039+00:00,12.0,36.2,1,17.3,20.5,194,WEATHER,SHIFT_B (14:00-22:00),4.08
IMO9302483,Yang Ming Handymax 2483,Yang Ming,Handymax,3165,214.2,10.3,B-09,2,2025-02-21T16:23:51.015598+00:00,2025-02-21T17:52:03.015598+00:00,2025-02-22T17:10:03.015598+00:00,11.4,17.5,0,23.5,23.3,0,NONE,SHIFT_B (14:00-22:00),1.47
IMO9302484,KMTC Post-Panamax 2484,KMTC,Post-Panamax,10934,331.9,12.9,B-01,4,2025-08-17T17:46:24.291050+00:00,2025-08-17T19:25:24.291050+00:00,2025-08-19T18:55:24.291050+00:00,12.4,20.4,0,46.8,47.5,0,NONE,SHIFT_B (14:00-22:00),1.65
IMO9302485,SITC Handymax 2485,SITC,Handymax,3257,204.3,9.4,B-08,2,2025-06-04T04:39:34.760613+00:00,2025-06-04T05:26:22.760613+00:00,2025-06-05T05:02:22.760613+00:00,16.6,12.7,0,21.1,23.6,150,CRANE_OUTAGE,SHIFT_C (22:00-06:00),0.78
IMO9302486,MSC Handymax 2486,MSC,Handymax,2126,213.7,10.0,B-09,2,2024-12-15T08:18:50.320169+00:00,2024-12-15T09:22:26.320169+00:00,2024-12-16T11:10:26.320169+00:00,13.6,13.8,0,23.3,25.8,147,WEATHER,SHIFT_A (06:00-14:00),1.06
IMO9302487,KMTC Panamax 2487,KMTC,Panamax,3863,287.4,11.2,B-06,3,2026-03-30T05:45:22.054609+00:00,2026-03-30T08:31:34.054609+00:00,2026-03-31T12:31:34.054609+00:00,15.1,10.1,0,27.8,28.0,0,NONE,SHIFT_A (06:00-14:00),2.77
IMO9302488,OOCL Panamax 2488,OOCL,Panamax,4357,246.2,10.5,B-05,3,2025-11-17T10:56:36.029277+00:00,2025-11-17T11:48:48.029277+00:00,2025-11-19T05:30:48.029277+00:00,16.3,8.4,0,36.0,41.7,341,WEATHER,SHIFT_A (06:00-14:00),0.87
IMO9302489,COSCO Handymax 2489,COSCO,Handymax,2825,184.5,9.9,B-07,3,2026-02-21T06:03:15.188353+00:00,2026-02-21T07:02:39.188353+00:00,2026-02-22T06:50:39.188353+00:00,16.0,16.7,0,24.7,23.8,0,NONE,SHIFT_A (06:00-14:00),0.99
IMO9302490,KMTC Panamax 2490,KMTC,Panamax,4000,243.5,11.9,B-06,3,2025-05-12T20:24:23.279592+00:00,2025-05-12T22:15:23.279592+00:00,2025-05-14T07:51:23.279592+00:00,11.3,22.7,0,34.5,33.6,0,NONE,SHIFT_C (22:00-06:00),1.85
IMO9302491,OOCL Handymax 2491,OOCL,Handymax,2988,207.7,9.7,B-06,3,2025-10-23T03:53:46.581885+00:00,2025-10-23T05:49:34.581885+00:00,2025-10-24T06:07:34.581885+00:00,18.3,18.8,0,24.9,24.3,0,NONE,SHIFT_C (22:00-06:00),1.93
IMO9302492,CMA CGM Neo-Panamax 2492,CMA CGM,Neo-Panamax,12881,341.8,14.2,B-01,4,2025-01-09T12:52:01.361960+00:00,2025-01-09T16:32:49.361960+00:00,2025-01-11T19:50:49.361960+00:00,15.5,7.6,0,51.4,51.3,0,NONE,SHIFT_B (14:00-22:00),3.68
IMO9302493,ONE Post-Panamax 2493,ONE,Post-Panamax,9556,319.0,13.9,B-04,3,2025-06-12T01:48:03.611132+00:00,2025-06-12T03:59:27.611132+00:00,2025-06-14T04:05:27.611132+00:00,14.4,17.6,0,48.4,48.1,0,NONE,SHIFT_C (22:00-06:00),2.19
IMO9302494,SITC Post-Panamax 2494,SITC,Post-Panamax,10899,348.8,14.1,B-03,4,2026-01-27T16:41:34.717701+00:00,2026-01-27T18:53:34.717701+00:00,2026-01-29T17:17:34.717701+00:00,14.6,13.3,0,43.3,46.4,184,YARD_CONGESTION,SHIFT_B (14:00-22:00),2.2
IMO9302495,COSCO Handymax 2495,COSCO,Handymax,2032,182.4,10.3,B-08,2,2026-06-05T04:51:51.931663+00:00,2026-06-05T04:51:51.931663+00:00,2026-06-06T05:51:51.931663+00:00,14.7,14.7,0,22.2,25.0,166,WEATHER,SHIFT_C (22:00-06:00),0.0
IMO9302496,Maersk Feeder 2496,Maersk,Feeder,945,136.4,8.3,B-10,2,2025-08-21T13:16:49.235491+00:00,2025-08-21T13:49:13.235491+00:00,2025-08-22T09:55:13.235491+00:00,11.2,18.2,0,20.9,20.1,0,NONE,SHIFT_A (06:00-14:00),0.54
IMO9302497,Yang Ming ULCV 2497,Yang Ming,ULCV,19258,378.6,16.4,B-01,4,2025-09-02T19:19:19.832332+00:00,2025-09-02T21:51:07.832332+00:00,2025-09-05T13:15:07.832332+00:00,10.9,5.7,1,63.6,63.4,0,NONE,SHIFT_B (14:00-22:00),2.53
IMO9302498,CMA CGM Handymax 2498,CMA CGM,Handymax,2586,214.8,10.6,B-07,3,2025-12-15T15:27:32.601127+00:00,2025-12-15T16:53:20.601127+00:00,2025-12-16T15:29:20.601127+00:00,18.2,11.3,0,21.8,22.6,0,NONE,SHIFT_B (14:00-22:00),1.43
IMO9302499,Evergreen Feeder 2499,Evergreen,Feeder,1499,187.7,9.1,B-10,2,2026-03-21T19:58:49.162672+00:00,2026-03-21T20:07:49.162672+00:00,2026-03-22T13:37:49.162672+00:00,16.3,8.4,0,17.0,17.5,0,NONE,SHIFT_B (14:00-22:00),0.15
IMO9302500,SITC Feeder 2500,SITC,Feeder,1365,144.8,7.7,B-09,2,2025-12-16T14:18:39.891691+00:00,2025-12-16T14:30:39.891691+00:00,2025-12-17T08:48:39.891691+00:00,16.9,5.2,0,17.6,18.3,0,NONE,SHIFT_B (14:00-22:00),0.2
IMO9302501,MSC Panamax 2501,MSC,Panamax,3207,270.5,10.1,B-05,3,2024-11-20T16:23:00.909262+00:00,2024-11-20T16:23:00.909262+00:00,2024-11-21T18:23:00.909262+00:00,13.7,4.7,0,26.7,26.0,0,NONE,SHIFT_B (14:00-22:00),0.0
IMO9302502,HMM Feeder 2502,HMM,Feeder,2315,167.9,8.8,B-08,2,2026-09-17T20:31:36.682049+00:00,2026-09-17T21:01:36.682049+00:00,2026-09-18T15:37:36.682049+00:00,14.3,8.4,0,19.5,18.6,0,NONE,SHIFT_B (14:00-22:00),0.5
IMO9302503,Wan Hai Panamax 2503,Wan Hai,Panamax,3351,250.5,11.3,B-06,3,2026-03-08T01:15:40.389865+00:00,2026-03-08T03:24:04.389865+00:00,2026-03-09T07:00:04.389865+00:00,17.0,13.9,0,28.0,27.6,0,NONE,SHIFT_C (22:00-06:00),2.14
IMO9302504,CMA CGM ULCV 2504,CMA CGM,ULCV,19234,377.2,15.4,B-03,4,2026-06-26T07:24:19.077782+00:00,2026-06-26T11:05:07.077782+00:00,2026-06-29T07:17:07.077782+00:00,13.1,18.3,1,69.1,68.2,0,NONE,SHIFT_A (06:00-14:00),3.68
IMO9302505,ZIM Handymax 2505,ZIM,Handymax,3197,203.7,8.9,B-06,3,2025-06-12T10:54:07.204565+00:00,2025-06-12T13:51:43.204565+00:00,2025-06-13T14:51:43.204565+00:00,15.4,16.7,0,25.8,25.0,0,NONE,SHIFT_A (06:00-14:00),2.96
IMO9302506,CMA CGM Feeder 2506,CMA CGM,Feeder,1541,143.0,8.3,B-10,2,2025-04-30T04:16:40.124928+00:00,2025-04-30T05:30:28.124928+00:00,2025-04-30T21:54:28.124928+00:00,12.4,26.4,0,17.1,16.4,0,NONE,SHIFT_C (22:00-06:00),1.23
IMO9302507,Maersk Handymax 2507,Maersk,Handymax,3455,216.2,10.6,B-06,3,2026-07-02T10:11:12.059464+00:00,2026-07-02T11:20:12.059464+00:00,2026-07-03T19:14:12.059464+00:00,15.0,4.7,0,27.2,31.9,283,CRANE_OUTAGE,SHIFT_A (06:00-14:00),1.15
IMO9302508,X-Press Feeders Panamax 2508,X-Press Feeders,Panamax,3303,248.2,11.2,B-05,3,2025-10-19T19:14:16.246863+00:00,2025-10-19T19:35:16.246863+00:00,2025-10-21T02:41:16.246863+00:00,13.4,28.8,1,30.5,31.1,0,NONE,SHIFT_B (14:00-22:00),0.35
IMO9302509,COSCO Handymax 2509,COSCO,Handymax,2559,216.5,9.3,B-06,3,2024-10-01T10:58:09.773257+00:00,2024-10-01T14:01:45.773257+00:00,2024-10-02T18:37:45.773257+00:00,14.3,7.9,0,27.0,28.6,95,YARD_CONGESTION,SHIFT_B (14:00-22:00),3.06
IMO9302510,Wan Hai Feeder 2510,Wan Hai,Feeder,1535,183.0,7.5,B-09,2,2025-01-29T20:17:53.063129+00:00,2025-01-29T22:53:53.063129+00:00,2025-01-30T22:29:53.063129+00:00,16.7,15.9,0,23.6,23.6,0,NONE,SHIFT_C (22:00-06:00),2.6
IMO9302511,Maersk ULCV 2511,Maersk,ULCV,18125,390.7,14.8,B-02,4,2026-05-15T21:04:12.082192+00:00,2026-05-15T21:04:12.082192+00:00,2026-05-19T00:52:12.082192+00:00,16.6,17.9,0,75.1,75.8,0,NONE,SHIFT_B (14:00-22:00),0.0
IMO9302512,HMM ULCV 2512,HMM,ULCV,21225,371.4,15.6,B-01,4,2025-02-09T20:07:55.037885+00:00,2025-02-10T00:20:31.037885+00:00,2025-02-12T14:14:31.037885+00:00,14.9,14.7,1,55.4,61.9,393,CRANE_OUTAGE,SHIFT_C (22:00-06:00),4.21
IMO9302513,OOCL ULCV 2513,OOCL,ULCV,20989,387.8,16.3,B-03,4,2025-12-07T21:07:26.037472+00:00,2025-12-07T22:06:14.037472+00:00,2025-12-10T18:00:14.037472+00:00,14.6,16.0,0,68.8,67.9,0,NONE,SHIFT_C (22:00-06:00),0.98
IMO9302514,Evergreen Post-Panamax 2514,Evergreen,Post-Panamax,6924,339.7,14.2,B-01,4,2026-03-28T17:02:09.461611+00:00,2026-03-28T17:35:45.461611+00:00,2026-03-30T19:29:45.461611+00:00,17.6,9.5,0,48.3,49.9,99,WEATHER,SHIFT_B (14:00-22:00),0.56
IMO9302515,OOCL Post-Panamax 2515,OOCL,Post-Panamax,10284,348.3,12.8,B-02,4,2026-01-13T04:42:15.492841+00:00,2026-01-13T06:23:03.492841+00:00,2026-01-15T03:47:03.492841+00:00,16.0,25.6,0,38.9,45.4,392,TIDAL_WINDOW_MISSED,SHIFT_A (06:00-14:00),1.68
IMO9302516,OOCL Panamax 2516,OOCL,Panamax,3958,289.9,10.9,B-06,3,2025-05-03T00:35:43.933973+00:00,2025-05-03T02:36:19.933973+00:00,2025-05-04T06:00:19.933973+00:00,12.7,9.5,0,26.7,27.4,0,NONE,SHIFT_C (22:00-06:00),2.01
IMO9302517,X-Press Feeders Panamax 2517,X-Press Feeders,Panamax,3681,265.4,11.9,B-07,3,2025-08-18T23:24:24.117142+00:00,2025-08-19T00:20:12.117142+00:00,2025-08-20T08:50:12.117142+00:00,14.7,25.5,0,31.9,32.5,0,NONE,SHIFT_C (22:00-06:00),0.93
IMO9302518,SITC Handymax 2518,SITC,Handymax,3067,210.9,9.1,B-08,2,2025-07-28T17:26:15.430355+00:00,2025-07-28T18:20:51.430355+00:00,2025-07-29T19:02:51.430355+00:00,16.2,5.5,0,25.4,24.7,0,NONE,SHIFT_B (14:00-22:00),0.91
IMO9302519,ONE Feeder 2519,ONE,Feeder,1757,149.1,7.8,B-10,2,2026-08-08T03:37:08.041653+00:00,2026-08-08T06:21:32.041653+00:00,2026-08-08T23:39:32.041653+00:00,14.6,24.3,0,17.0,17.3,0,NONE,SHIFT_A (06:00-14:00),2.74
IMO9302520,ZIM Panamax 2520,ZIM,Panamax,4636,259.6,11.3,B-05,3,2025-03-04T08:41:48.960090+00:00,2025-03-04T09:23:12.960090+00:00,2025-03-05T17:35:12.960090+00:00,11.7,14.4,0,31.8,32.2,0,NONE,SHIFT_A (06:00-14:00),0.69
IMO9302521,Maersk Feeder 2521,Maersk,Feeder,1534,178.7,9.3,B-08,2,2025-07-05T15:34:50.918467+00:00,2025-07-05T17:27:02.918467+00:00,2025-07-06T15:21:02.918467+00:00,12.5,20.6,0,18.3,21.9,215,YARD_CONGESTION,SHIFT_B (14:00-22:00),1.87
IMO9302522,ONE Handymax 2522,ONE,Handymax,3449,212.7,10.6,B-06,3,2025-04-01T22:57:49.422922+00:00,2025-04-02T01:06:13.422922+00:00,2025-04-03T02:18:13.422922+00:00,14.0,17.6,0,25.0,25.2,0,NONE,SHIFT_C (22:00-06:00),2.14
IMO9302523,COSCO Handymax 2523,COSCO,Handymax,2632,181.0,9.5,B-08,2,2026-07-03T00:18:41.789562+00:00,2026-07-03T02:46:53.789562+00:00,2026-07-04T04:28:53.789562+00:00,18.0,28.2,1,24.6,25.7,65,CRANE_OUTAGE,SHIFT_C (22:00-06:00),2.47
IMO9302524,Wan Hai ULCV 2524,Wan Hai,ULCV,22048,391.0,15.0,B-01,4,2025-09-25T20:37:13.230222+00:00,2025-09-26T00:00:01.230222+00:00,2025-09-29T01:00:01.230222+00:00,14.6,27.5,1,67.3,73.0,339,WEATHER,SHIFT_C (22:00-06:00),3.38
IMO9302525,SITC Neo-Panamax 2525,SITC,Neo-Panamax,11627,362.6,15.4,B-03,4,2026-05-17T01:50:32.066734+00:00,2026-05-17T02:16:56.066734+00:00,2026-05-19T14:58:56.066734+00:00,12.8,7.6,1,60.6,60.7,0,NONE,SHIFT_C (22:00-06:00),0.44
IMO9302526,Yang Ming Post-Panamax 2526,Yang Ming,Post-Panamax,10130,317.7,14.2,B-03,4,2024-12-25T22:43:14.281123+00:00,2024-12-26T01:21:38.281123+00:00,2024-12-28T06:09:38.281123+00:00,17.3,30.0,1,53.2,52.8,0,NONE,SHIFT_C (22:00-06:00),2.64
IMO9302527,Yang Ming Panamax 2527,Yang Ming,Panamax,3890,273.0,11.0,B-04,3,2026-07-17T02:20:05.318174+00:00,2026-07-17T02:20:05.318174+00:00,2026-07-19T05:26:05.318174+00:00,11.7,10.0,0,39.5,51.1,695,TIDAL_WINDOW_MISSED,SHIFT_C (22:00-06:00),0.0
IMO9302528,Yang Ming Panamax 2528,Yang Ming,Panamax,4369,223.8,10.9,B-06,3,2025-05-21T17:17:08.960873+00:00,2025-05-21T18:49:32.960873+00:00,2025-05-23T11:13:32.960873+00:00,14.9,3.5,0,40.0,40.4,0,NONE,SHIFT_B (14:00-22:00),1.54
IMO9302529,KMTC Feeder 2529,KMTC,Feeder,2264,147.9,9.4,B-08,2,2025-05-18T17:08:17.229219+00:00,2025-05-18T18:59:53.229219+00:00,2025-05-19T11:29:53.229219+00:00,14.0,15.3,0,17.3,16.5,0,NONE,SHIFT_B (14:00-22:00),1.86
IMO9302530,HMM Feeder 2530,HMM,Feeder,2099,188.4,7.2,B-10,2,2025-10-14T14:22:24.914644+00:00,2025-10-14T17:16:24.914644+00:00,2025-10-15T13:46:24.914644+00:00,14.8,14.2,0,17.1,20.5,204,CRANE_OUTAGE,SHIFT_B (14:00-22:00),2.9
IMO9302531,OOCL Panamax 2531,OOCL,Panamax,3858,280.3,11.7,B-05,3,2024-10-25T13:25:36.467160+00:00,2024-10-25T14:27:24.467160+00:00,2024-10-26T21:27:24.467160+00:00,17.0,18.7,0,31.8,31.0,0,NONE,SHIFT_B (14:00-22:00),1.03
IMO9302532,PIL Feeder 2532,PIL,Feeder,842,134.0,7.1,B-09,2,2025-01-19T07:35:44.910643+00:00,2025-01-19T11:30:20.910643+00:00,2025-01-20T05:30:20.910643+00:00,16.0,1.1,0,18.6,18.0,0,NONE,SHIFT_A (06:00-14:00),3.91
IMO9302533,SITC Handymax 2533,SITC,Handymax,3476,202.8,8.8,B-09,2,2025-03-20T11:28:51.590734+00:00,2025-03-20T13:55:15.590734+00:00,2025-03-21T15:13:15.590734+00:00,14.5,7.3,0,24.8,25.3,0,NONE,SHIFT_A (06:00-14:00),2.44
IMO9302534,Hapag-Lloyd Post-Panamax 2534,Hapag-Lloyd,Post-Panamax,7128,332.8,13.5,B-05,3,2025-02-19T01:14:59.783864+00:00,2025-02-19T04:20:23.783864+00:00,2025-02-20T16:26:23.783864+00:00,14.7,17.3,0,35.8,36.1,0,NONE,SHIFT_C (22:00-06:00),3.09
IMO9302535,SITC Neo-Panamax 2535,SITC,Neo-Panamax,13587,352.8,14.5,B-02,4,2025-01-03T23:34:03.094870+00:00,2025-01-04T00:55:03.094870+00:00,2025-01-06T07:25:03.094870+00:00,16.5,18.5,0,54.5,54.5,0,NONE,SHIFT_C (22:00-06:00),1.35
IMO9302536,SITC Panamax 2536,SITC,Panamax,3170,265.0,11.6,B-06,3,2025-09-18T15:03:15.275498+00:00,2025-09-18T16:38:03.275498+00:00,2025-09-20T01:56:03.275498+00:00,14.4,9.7,0,33.7,33.3,0,NONE,SHIFT_B (14:00-22:00),1.58
IMO9302537,CMA CGM Panamax 2537,CMA CGM,Panamax,3914,265.2,11.6,B-06,3,2026-06-28T12:59:54.566264+00:00,2026-06-28T12:59:54.566264+00:00,2026-06-30T09:47:54.566264+00:00,13.6,15.2,0,37.1,44.8,462,WEATHER,SHIFT_A (06:00-14:00),0.0
IMO9302538,Yang Ming Post-Panamax 2538,Yang Ming,Post-Panamax,9349,331.3,14.1,B-04,3,2025-02-16T02:06:00.189956+00:00,2025-02-16T03:33:00.189956+00:00,2025-02-17T20:09:00.189956+00:00,11.6,15.4,0,39.8,40.6,0,NONE,SHIFT_C (22:00-06:00),1.45
IMO9302539,Yang Ming Panamax 2539,Yang Ming,Panamax,3135,266.3,11.4,B-06,3,2024-12-09T06:04:30.483903+00:00,2024-12-09T08:38:42.483903+00:00,2024-12-10T17:02:42.483903+00:00,12.3,21.4,0,28.7,32.4,221,CRANE_OUTAGE,SHIFT_A (06:00-14:00),2.57
IMO9302540,KMTC Handymax 2540,KMTC,Handymax,2861,189.1,9.3,B-09,2,2026-09-12T02:45:39.796823+00:00,2026-09-12T05:30:03.796823+00:00,2026-09-12T22:36:03.796823+00:00,12.0,32.9,1,16.9,17.1,0,NONE,SHIFT_C (22:00-06:00),2.7399999999999998
IMO9302541,PIL Feeder 2541,PIL,Feeder,2272,151.5,8.6,B-09,2,2025-03-23T09:53:35.496670+00:00,2025-03-23T11:20:35.496670+00:00,2025-03-24T11:32:35.496670+00:00,13.2,28.6,1,19.9,24.2,256,YARD_CONGESTION,SHIFT_A (06:00-14:00),1.45
IMO9302542,Evergreen Panamax 2542,Evergreen,Panamax,3554,265.1,11.8,B-04,3,2025-03-18T17:13:48.605031+00:00,2025-03-18T17:46:12.605031+00:00,2025-03-20T04:22:12.605031+00:00,17.5,3.8,0,33.5,34.6,64,CRANE_OUTAGE,SHIFT_B (14:00-22:00),0.54
IMO9302543,Maersk Neo-Panamax 2543,Maersk,Neo-Panamax,14050,360.0,14.7,B-01,4,2024-10-07T21:59:24.136300+00:00,2024-10-07T23:25:48.136300+00:00,2024-10-10T00:55:48.136300+00:00,13.0,6.6,0,48.8,49.5,0,NONE,SHIFT_C (22:00-06:00),1.44
IMO9302544,Maersk Feeder 2544,Maersk,Feeder,1930,187.2,9.5,B-09,2,2025-11-28T00:16:46.045926+00:00,2025-11-28T00:20:22.045926+00:00,2025-11-28T21:20:22.045926+00:00,10.6,5.9,0,21.2,21.0,0,NONE,SHIFT_C (22:00-06:00),0.06
IMO9302545,ZIM Post-Panamax 2545,ZIM,Post-Panamax,6985,341.2,14.4,B-03,4,2025-08-09T03:20:52.053931+00:00,2025-08-09T04:53:52.053931+00:00,2025-08-11T07:41:52.053931+00:00,14.9,22.5,0,51.8,50.8,0,NONE,SHIFT_C (22:00-06:00),1.55
IMO9302546,Wan Hai Feeder 2546,Wan Hai,Feeder,1384,157.8,7.1,B-10,2,2026-02-18T19:46:38.878699+00:00,2026-02-18T21:09:26.878699+00:00,2026-02-19T15:39:26.878699+00:00,15.8,21.9,0,18.8,18.5,0,NONE,SHIFT_B (14:00-22:00),1.38
IMO9302547,OOCL Panamax 2547,OOCL,Panamax,3245,266.0,10.5,B-05,3,2025-06-15T08:37:36.033759+00:00,2025-06-15T11:36:24.033759+00:00,2025-06-17T02:00:24.033759+00:00,15.6,9.7,0,38.3,38.4,0,NONE,SHIFT_A (06:00-14:00),2.98
IMO9302548,Hapag-Lloyd Post-Panamax 2548,Hapag-Lloyd,Post-Panamax,7817,313.1,14.2,B-03,4,2025-10-17T02:13:30.828076+00:00,2025-10-17T03:00:18.828076+00:00,2025-10-19T03:30:18.828076+00:00,13.7,10.9,0,46.1,48.5,143,YARD_CONGESTION,SHIFT_C (22:00-06:00),0.78
IMO9302549,KMTC Feeder 2549,KMTC,Feeder,1078,176.1,7.7,B-08,2,2026-07-19T22:23:59.603214+00:00,2026-07-19T23:43:11.603214+00:00,2026-07-20T16:07:11.603214+00:00,16.2,12.8,0,16.6,16.4,0,NONE,SHIFT_C (22:00-06:00),1.32
IMO9302550,OOCL Panamax 2550,OOCL,Panamax,3991,224.0,10.5,B-07,3,2026-03-07T08:00:22.671413+00:00,2026-03-07T10:09:58.671413+00:00,2026-03-09T05:39:58.671413+00:00,16.6,20.3,0,38.0,43.5,330,WEATHER,SHIFT_A (06:00-14:00),2.16
IMO9302551,Wan Hai Handymax 2551,Wan Hai,Handymax,2187,188.4,8.8,B-07,3,2026-04-23T07:43:38.297854+00:00,2026-04-23T10:10:02.297854+00:00,2026-04-24T14:34:02.297854+00:00,15.2,6.8,0,27.4,28.4,58,YARD_CONGESTION,SHIFT_A (06:00-14:00),2.44
IMO9302552,Maersk Panamax 2552,Maersk,Panamax,4015,246.5,11.0,B-07,3,2025-06-07T18:49:44.756803+00:00,2025-06-07T20:40:44.756803+00:00,2025-06-09T00:34:44.756803+00:00,14.9,9.2,0,28.8,27.9,0,NONE,SHIFT_B (14:00-22:00),1.85
IMO9302553,HMM Post-Panamax 2553,HMM,Post-Panamax,10085,308.2,14.2,B-02,4,2025-03-28T19:22:59.476972+00:00,2025-03-28T20:15:47.476972+00:00,2025-03-31T00:21:47.476972+00:00,15.4,10.5,0,51.6,52.1,0,NONE,SHIFT_B (14:00-22:00),0.88
IMO9302554,Wan Hai Feeder 2554,Wan Hai,Feeder,2265,170.1,8.6,B-10,2,2026-02-06T08:36:11.992421+00:00,2026-02-06T11:34:59.992421+00:00,2026-02-07T08:22:59.992421+00:00,12.1,20.5,0,20.3,20.8,0,NONE,SHIFT_A (06:00-14:00),2.98
IMO9302555,ONE Handymax 2555,ONE,Handymax,2648,197.5,10.4,B-07,3,2025-12-03T07:41:45.440708+00:00,2025-12-03T10:17:45.440708+00:00,2025-12-04T08:41:45.440708+00:00,16.3,12.6,0,21.9,22.4,0,NONE,SHIFT_A (06:00-14:00),2.6
IMO9302556,MSC Post-Panamax 2556,MSC,Post-Panamax,8096,309.1,12.9,B-03,4,2025-08-14T17:52:26.450435+00:00,2025-08-14T19:59:38.450435+00:00,2025-08-16T20:23:38.450435+00:00,15.5,17.2,0,41.7,48.4,402,CRANE_OUTAGE,SHIFT_B (14:00-22:00),2.12
IMO9302557,Wan Hai Post-Panamax 2557,Wan Hai,Post-Panamax,10742,343.8,12.8,B-01,4,2026-01-19T09:14:40.970894+00:00,2026-01-19T11:56:40.970894+00:00,2026-01-21T03:56:40.970894+00:00,13.6,4.5,0,39.8,40.0,0,NONE,SHIFT_A (06:00-14:00),2.7
IMO9302558,SITC Neo-Panamax 2558,SITC,Neo-Panamax,12414,361.0,14.2,B-01,4,2026-01-03T12:13:17.065849+00:00,2026-01-03T13:23:29.065849+00:00,2026-01-05T11:05:29.065849+00:00,13.9,10.9,0,46.2,45.7,0,NONE,SHIFT_A (06:00-14:00),1.17
IMO9302559,X-Press Feeders Neo-Panamax 2559,X-Press Feeders,Neo-Panamax,10277,346.9,14.7,B-02,4,2025-11-14T20:33:57.245045+00:00,2025-11-14T21:45:57.245045+00:00,2025-11-17T10:09:57.245045+00:00,14.0,2.1,0,60.4,60.4,0,NONE,SHIFT_B (14:00-22:00),1.2
IMO9302560,SITC Feeder 2560,SITC,Feeder,1225,151.8,7.9,B-09,2,2025-10-20T07:34:07.534618+00:00,2025-10-20T07:34:07.534618+00:00,2025-10-20T21:10:07.534618+00:00,19.2,9.7,0,13.4,13.6,0,NONE,SHIFT_A (06:00-14:00),0.0
IMO9302561,X-Press Feeders Handymax 2561,X-Press Feeders,Handymax,2248,180.8,8.8,B-06,3,2024-12-19T17:44:56.528442+00:00,2024-12-19T18:49:08.528442+00:00,2024-12-21T00:43:08.528442+00:00,16.5,24.5,0,23.8,29.9,368,CRANE_OUTAGE,SHIFT_B (14:00-22:00),1.07
IMO9302562,CMA CGM Panamax 2562,CMA CGM,Panamax,3911,272.9,10.1,B-05,3,2025-01-20T01:41:46.396918+00:00,2025-01-20T07:12:58.396918+00:00,2025-01-21T16:36:58.396918+00:00,12.6,20.7,0,32.7,33.4,0,NONE,SHIFT_A (06:00-14:00),5.52
IMO9302563,COSCO Handymax 2563,COSCO,Handymax,2254,208.3,9.2,B-09,2,2025-03-10T09:31:03.463935+00:00,2025-03-10T11:54:27.463935+00:00,2025-03-11T18:24:27.463935+00:00,16.2,18.4,0,24.5,30.5,359,CRANE_OUTAGE,SHIFT_A (06:00-14:00),2.39
IMO9302564,HMM Handymax 2564,HMM,Handymax,2941,217.9,10.8,B-08,2,2026-05-29T10:45:58.904932+00:00,2026-05-29T13:41:10.904932+00:00,2026-05-30T16:23:10.904932+00:00,11.7,27.7,0,26.1,26.7,0,NONE,SHIFT_A (06:00-14:00),2.92
IMO9302565,HMM Panamax 2565,HMM,Panamax,4451,243.5,11.6,B-06,3,2025-01-19T20:14:13.046587+00:00,2025-01-19T21:21:25.046587+00:00,2025-01-21T05:03:25.046587+00:00,10.8,8.5,0,31.1,31.7,0,NONE,SHIFT_B (14:00-22:00),1.12
IMO9302566,Hapag-Lloyd Post-Panamax 2566,Hapag-Lloyd,Post-Panamax,8372,322.0,12.7,B-02,4,2025-01-14T14:28:22.651003+00:00,2025-01-14T14:28:22.651003+00:00,2025-01-16T14:40:22.651003+00:00,14.4,28.2,1,47.5,48.2,0,NONE,SHIFT_B (14:00-22:00),0.0
IMO9302567,Hapag-Lloyd Handymax 2567,Hapag-Lloyd,Handymax,2836,199.0,8.8,B-08,2,2025-04-24T23:36:27.110739+00:00,2025-04-25T00:37:39.110739+00:00,2025-04-26T02:01:39.110739+00:00,13.1,4.2,0,23.6,25.4,110,CRANE_OUTAGE,SHIFT_C (22:00-06:00),1.02
IMO9302568,X-Press Feeders Feeder 2568,X-Press Feeders,Feeder,1051,143.9,7.2,B-08,2,2026-01-09T04:52:19.222086+00:00,2026-01-09T05:04:55.222086+00:00,2026-01-09T19:46:55.222086+00:00,13.6,28.6,1,14.6,14.7,0,NONE,SHIFT_C (22:00-06:00),0.21
IMO9302569,ZIM Feeder 2569,ZIM,Feeder,1530,170.8,7.8,B-08,2,2025-02-24T12:24:57.563189+00:00,2025-02-24T17:58:33.563189+00:00,2025-02-25T07:28:33.563189+00:00,12.4,29.4,1,13.6,13.5,0,NONE,SHIFT_B (14:00-22:00),5.56
IMO9302570,ONE Handymax 2570,ONE,Handymax,2542,205.0,9.3,B-07,3,2024-12-01T23:13:02.883104+00:00,2024-12-02T01:36:26.883104+00:00,2024-12-02T21:42:26.883104+00:00,12.1,9.8,0,19.7,20.1,0,NONE,SHIFT_C (22:00-06:00),2.39
IMO9302571,ONE Post-Panamax 2571,ONE,Post-Panamax,8032,330.4,14.0,B-01,4,2025-02-01T16:29:54.794574+00:00,2025-02-01T17:45:30.794574+00:00,2025-02-03T20:39:30.794574+00:00,14.9,7.6,0,51.4,50.9,0,NONE,SHIFT_B (14:00-22:00),1.26
IMO9302572,HMM Neo-Panamax 2572,HMM,Neo-Panamax,13156,364.8,14.9,B-03,4,2025-05-26T15:33:26.710561+00:00,2025-05-26T16:55:02.710561+00:00,2025-05-28T17:25:02.710561+00:00,15.1,12.9,0,48.8,48.5,0,NONE,SHIFT_B (14:00-22:00),1.36
IMO9302573,Yang Ming Handymax 2573,Yang Ming,Handymax,2371,184.5,8.6,B-06,3,2025-08-11T00:51:53.858163+00:00,2025-08-11T02:09:53.858163+00:00,2025-08-12T10:57:53.858163+00:00,14.3,14.3,0,28.9,32.8,232,TIDAL_WINDOW_MISSED,SHIFT_C (22:00-06:00),1.3
IMO9302574,ONE Panamax 2574,ONE,Panamax,3932,278.9,10.9,B-04,3,2024-10-11T08:12:28.067542+00:00,2024-10-11T10:03:28.067542+00:00,2024-10-12T16:45:28.067542+00:00,18.3,17.6,0,31.5,30.7,0,NONE,SHIFT_A (06:00-14:00),1.85
IMO9302575,Wan Hai Handymax 2575,Wan Hai,Handymax,2327,182.1,10.9,B-09,2,2025-05-24T05:33:33.777293+00:00,2025-05-24T08:36:33.777293+00:00,2025-05-25T07:48:33.777293+00:00,14.5,23.3,0,22.9,23.2,0,NONE,SHIFT_A (06:00-14:00),3.05
IMO9302576,MSC Feeder 2576,MSC,Feeder,1948,158.3,7.4,B-10,2,2025-06-23T03:39:59.149284+00:00,2025-06-23T04:09:59.149284+00:00,2025-06-24T02:15:59.149284+00:00,16.2,6.0,0,21.6,22.1,0,NONE,SHIFT_C (22:00-06:00),0.5
IMO9302577,PIL ULCV 2577,PIL,ULCV,19297,372.1,15.7,B-03,4,2025-11-24T15:36:17.628773+00:00,2025-11-24T18:23:41.628773+00:00,2025-11-27T02:47:41.628773+00:00,14.8,5.7,0,56.1,56.4,0,NONE,SHIFT_B (14:00-22:00),2.79
IMO9302578,COSCO ULCV 2578,COSCO,ULCV,14484,381.6,15.4,B-01,4,2026-05-20T18:35:10.922426+00:00,2026-05-20T18:53:46.922426+00:00,2026-05-23T09:35:46.922426+00:00,13.9,2.6,0,63.7,62.7,0,NONE,SHIFT_B (14:00-22:00),0.31
IMO9302579,CMA CGM Panamax 2579,CMA CGM,Panamax,4145,252.5,10.0,B-04,3,2024-11-05T22:45:03.894849+00:00,2024-11-06T00:55:51.894849+00:00,2024-11-07T05:19:51.894849+00:00,14.3,15.5,0,28.1,28.4,0,NONE,SHIFT_C (22:00-06:00),2.18
IMO9302580,Wan Hai Panamax 2580,Wan Hai,Panamax,3020,267.8,10.7,B-06,3,2025-07-31T10:35:16.270733+00:00,2025-07-31T11:46:04.270733+00:00,2025-08-02T03:28:04.270733+00:00,13.7,6.4,0,34.5,39.7,314,WEATHER,SHIFT_A (06:00-14:00),1.18
IMO9302581,Yang Ming Feeder 2581,Yang Ming,Feeder,2186,153.4,8.6,B-09,2,2026-06-18T03:11:06.114530+00:00,2026-06-18T05:32:06.114530+00:00,2026-06-19T01:02:06.114530+00:00,16.2,12.1,0,17.4,19.5,128,CRANE_OUTAGE,SHIFT_C (22:00-06:00),2.35
IMO9302582,Yang Ming Feeder 2582,Yang Ming,Feeder,2156,169.1,7.7,B-09,2,2024-11-30T01:26:31.827140+00:00,2024-11-30T03:01:19.827140+00:00,2024-11-30T16:55:19.827140+00:00,13.0,19.1,0,14.0,13.9,0,NONE,SHIFT_C (22:00-06:00),1.58
IMO9302583,ONE Handymax 2583,ONE,Handymax,2412,217.2,10.0,B-08,2,2026-07-03T11:17:05.612021+00:00,2026-07-03T13:17:05.612021+00:00,2026-07-04T18:11:05.612021+00:00,10.5,20.0,0,26.3,28.9,158,PILOT_UNAVAILABLE,SHIFT_A (06:00-14:00),2.0
IMO9302584,KMTC Panamax 2584,KMTC,Panamax,4474,259.5,11.5,B-06,3,2025-10-31T21:54:03.857690+00:00,2025-10-31T22:35:27.857690+00:00,2025-11-02T06:41:27.857690+00:00,15.2,17.7,0,31.6,32.1,0,NONE,SHIFT_C (22:00-06:00),0.69
IMO9302585,Hapag-Lloyd Panamax 2585,Hapag-Lloyd,Panamax,3375,288.5,10.6,B-07,3,2025-06-25T15:05:33.255176+00:00,2025-06-25T15:30:45.255176+00:00,2025-06-26T22:36:45.255176+00:00,12.9,17.5,0,30.4,31.1,0,NONE,SHIFT_B (14:00-22:00),0.42
IMO9302586,ONE Handymax 2586,ONE,Handymax,2544,215.2,8.8,B-08,2,2025-05-19T22:52:02.060337+00:00,2025-05-20T01:28:38.060337+00:00,2025-05-21T00:46:38.060337+00:00,18.6,17.2,0,23.9,23.3,0,NONE,SHIFT_C (22:00-06:00),2.61
IMO9302587,Maersk ULCV 2587,Maersk,ULCV,14643,375.2,14.5,B-02,4,2025-06-23T03:29:04.647075+00:00,2025-06-23T05:02:40.647075+00:00,2025-06-26T03:14:40.647075+00:00,16.1,22.4,0,67.2,70.2,181,WEATHER,SHIFT_C (22:00-06:00),1.56
IMO9302588,Hapag-Lloyd ULCV 2588,Hapag-Lloyd,ULCV,17613,391.7,16.2,B-03,4,2024-10-20T23:12:44.407140+00:00,2024-10-20T23:27:44.407140+00:00,2024-10-23T20:15:44.407140+00:00,14.9,20.2,0,69.5,68.8,0,NONE,SHIFT_C (22:00-06:00),0.25
IMO9302589,OOCL Handymax 2589,OOCL,Handymax,2316,219.6,11.0,B-07,3,2026-09-14T16:28:05.738525+00:00,2026-09-14T16:54:29.738525+00:00,2026-09-15T18:18:29.738525+00:00,14.0,18.6,0,25.7,25.4,0,NONE,SHIFT_B (14:00-22:00),0.44
IMO9302590,ZIM Feeder 2590,ZIM,Feeder,1579,140.9,8.9,B-08,2,2026-09-13T05:06:40.181673+00:00,2026-09-13T06:10:16.181673+00:00,2026-09-14T05:28:16.181673+00:00,14.5,16.0,0,18.4,23.3,296,YARD_CONGESTION,SHIFT_A (06:00-14:00),1.06
IMO9302591,ONE Post-Panamax 2591,ONE,Post-Panamax,8183,320.4,13.7,B-01,4,2026-04-25T17:03:38.571329+00:00,2026-04-25T18:53:26.571329+00:00,2026-04-27T16:53:26.571329+00:00,14.1,26.9,0,46.7,46.0,0,NONE,SHIFT_B (14:00-22:00),1.83
IMO9302592,Wan Hai Panamax 2592,Wan Hai,Panamax,4093,250.4,11.9,B-07,3,2025-01-03T06:44:14.011385+00:00,2025-01-03T09:51:26.011385+00:00,2025-01-04T16:09:26.011385+00:00,14.7,22.4,0,31.2,30.3,0,NONE,SHIFT_A (06:00-14:00),3.12
IMO9302593,OOCL Feeder 2593,OOCL,Feeder,1369,146.3,7.9,B-08,2,2026-03-24T02:11:59.805436+00:00,2026-03-24T02:11:59.805436+00:00,2026-03-25T02:11:59.805436+00:00,16.4,21.9,0,18.4,24.0,339,WEATHER,SHIFT_C (22:00-06:00),0.0
IMO9302594,ZIM ULCV 2594,ZIM,ULCV,15350,372.7,15.6,B-03,4,2025-04-12T05:40:32.283483+00:00,2025-04-12T07:09:20.283483+00:00,2025-04-15T12:09:20.283483+00:00,14.8,23.2,0,77.7,77.0,0,NONE,SHIFT_A (06:00-14:00),1.48
IMO9302595,PIL Feeder 2595,PIL,Feeder,2438,183.5,8.8,B-09,2,2025-01-27T05:39:12.965822+00:00,2025-01-27T07:29:00.965822+00:00,2025-01-27T23:05:00.965822+00:00,13.1,12.8,0,16.1,15.6,0,NONE,SHIFT_A (06:00-14:00),1.83
IMO9302596,OOCL Panamax 2596,OOCL,Panamax,5003,241.5,10.5,B-06,3,2024-12-22T07:28:11.333545+00:00,2024-12-22T08:45:35.333545+00:00,2024-12-23T22:15:35.333545+00:00,14.5,17.9,0,37.6,37.5,0,NONE,SHIFT_A (06:00-14:00),1.29
IMO9302597,ONE Feeder 2597,ONE,Feeder,1152,172.5,8.7,B-08,2,2025-06-19T17:51:49.065591+00:00,2025-06-19T20:30:13.065591+00:00,2025-06-20T13:36:13.065591+00:00,16.7,16.8,0,15.0,17.1,126,YARD_CONGESTION,SHIFT_B (14:00-22:00),2.64
IMO9302598,Maersk Feeder 2598,Maersk,Feeder,1051,130.9,8.7,B-08,2,2025-01-06T13:46:32.587499+00:00,2025-01-06T14:00:56.587499+00:00,2025-01-07T06:36:56.587499+00:00,14.0,7.6,0,16.7,16.6,0,NONE,SHIFT_B (14:00-22:00),0.24
IMO9302599,PIL Neo-Panamax 2599,PIL,Neo-Panamax,13956,350.9,15.3,B-01,4,2025-12-30T17:33:50.209013+00:00,2025-12-30T19:55:26.209013+00:00,2026-01-01T22:01:26.209013+00:00,13.2,20.5,0,50.3,50.1,0,NONE,SHIFT_B (14:00-22:00),2.36
IMO9302600,Yang Ming Panamax 2600,Yang Ming,Panamax,4646,260.4,11.8,B-06,3,2025-12-25T13:09:20.670478+00:00,2025-12-25T13:41:08.670478+00:00,2025-12-27T02:47:08.670478+00:00,11.3,18.5,0,32.3,37.1,290,CRANE_OUTAGE,SHIFT_A (06:00-14:00),0.53
IMO9302601,X-Press Feeders Post-Panamax 2601,X-Press Feeders,Post-Panamax,10047,346.6,14.1,B-04,3,2025-12-03T18:08:58.276593+00:00,2025-12-03T19:13:10.276593+00:00,2025-12-05T21:13:10.276593+00:00,19.3,4.5,0,46.1,50.0,235,CRANE_OUTAGE,SHIFT_B (14:00-22:00),1.07
IMO9302602,Hapag-Lloyd Neo-Panamax 2602,Hapag-Lloyd,Neo-Panamax,12626,355.2,14.1,B-01,4,2026-07-29T09:05:51.598349+00:00,2026-07-29T10:08:15.598349+00:00,2026-07-31T21:14:15.598349+00:00,13.9,12.5,0,59.1,59.1,0,NONE,SHIFT_A (06:00-14:00),1.04
IMO9302603,OOCL Panamax 2603,OOCL,Panamax,4225,289.7,10.9,B-06,3,2026-06-08T04:45:48.592033+00:00,2026-06-08T06:27:48.592033+00:00,2026-06-09T15:57:48.592033+00:00,14.5,19.6,0,31.3,33.5,132,YARD_CONGESTION,SHIFT_A (06:00-14:00),1.7
IMO9302604,SITC Panamax 2604,SITC,Panamax,5155,274.9,10.5,B-07,3,2025-03-02T06:53:48.728438+00:00,2025-03-02T08:14:12.728438+00:00,2025-03-03T18:20:12.728438+00:00,17.5,10.8,0,34.4,34.1,0,NONE,SHIFT_A (06:00-14:00),1.34
IMO9302605,ONE ULCV 2605,ONE,ULCV,15437,385.9,15.0,B-02,4,2026-03-24T08:13:25.978249+00:00,2026-03-24T10:10:25.978249+00:00,2026-03-27T04:58:25.978249+00:00,16.6,8.9,0,67.7,66.8,0,NONE,SHIFT_A (06:00-14:00),1.95
IMO9302606,HMM Neo-Panamax 2606,HMM,Neo-Panamax,12061,357.4,14.3,B-03,4,2025-08-31T13:39:30.476330+00:00,2025-08-31T14:32:18.476330+00:00,2025-09-02T22:38:18.476330+00:00,12.8,12.1,0,52.1,56.1,242,CRANE_OUTAGE,SHIFT_B (14:00-22:00),0.88
IMO9302607,X-Press Feeders Feeder 2607,X-Press Feeders,Feeder,1194,136.3,7.2,B-09,2,2025-07-07T06:51:33.603120+00:00,2025-07-07T08:43:09.603120+00:00,2025-07-08T03:49:09.603120+00:00,13.9,19.8,0,16.6,19.1,147,YARD_CONGESTION,SHIFT_A (06:00-14:00),1.86
IMO9302608,SITC Post-Panamax 2608,SITC,Post-Panamax,8478,335.6,12.7,B-03,4,2026-01-10T00:10:09.185799+00:00,2026-01-10T01:12:33.185799+00:00,2026-01-12T04:24:33.185799+00:00,12.3,13.2,0,49.4,51.2,108,PILOT_UNAVAILABLE,SHIFT_C (22:00-06:00),1.04
IMO9302609,ONE Post-Panamax 2609,ONE,Post-Panamax,9411,340.4,13.6,B-05,3,2025-11-07T11:59:56.091493+00:00,2025-11-07T13:26:56.091493+00:00,2025-11-09T17:56:56.091493+00:00,16.5,15.9,0,53.4,52.5,0,NONE,SHIFT_A (06:00-14:00),1.45
IMO9302610,COSCO Feeder 2610,COSCO,Feeder,1685,176.5,9.3,B-08,2,2026-03-12T10:10:28.863982+00:00,2026-03-12T15:03:52.863982+00:00,2026-03-13T08:21:52.863982+00:00,12.5,13.7,0,16.6,17.3,0,NONE,SHIFT_B (14:00-22:00),4.89
IMO9302611,X-Press Feeders Panamax 2611,X-Press Feeders,Panamax,5198,276.1,11.4,B-06,3,2026-06-11T07:57:57.467632+00:00,2026-06-11T08:13:33.467632+00:00,2026-06-12T20:01:33.467632+00:00,14.2,7.0,0,35.8,35.8,0,NONE,SHIFT_A (06:00-14:00),0.26
IMO9302612,MSC Neo-Panamax 2612,MSC,Neo-Panamax,11074,342.4,15.3,B-03,4,2024-10-07T06:45:03.394245+00:00,2024-10-07T08:45:39.394245+00:00,2024-10-09T23:09:39.394245+00:00,17.2,22.9,0,56.1,62.4,377,CRANE_OUTAGE,SHIFT_A (06:00-14:00),2.01
IMO9302613,Hapag-Lloyd Handymax 2613,Hapag-Lloyd,Handymax,3352,213.5,9.0,B-09,2,2026-05-26T21:26:30.735922+00:00,2026-05-26T22:46:18.735922+00:00,2026-05-27T21:34:18.735922+00:00,14.0,24.5,0,23.3,22.8,0,NONE,SHIFT_C (22:00-06:00),1.33
IMO9302614,X-Press Feeders Handymax 2614,X-Press Feeders,Handymax,3480,186.9,9.3,B-08,2,2025-11-22T02:22:41.695400+00:00,2025-11-22T03:44:53.695400+00:00,2025-11-23T03:44:53.695400+00:00,16.2,8.7,0,24.6,24.0,0,NONE,SHIFT_C (22:00-06:00),1.37
IMO9302615,ONE Post-Panamax 2615,ONE,Post-Panamax,10775,349.3,13.2,B-02,4,2026-02-23T00:05:02.740245+00:00,2026-02-23T01:24:14.740245+00:00,2026-02-24T22:24:14.740245+00:00,12.7,11.7,0,45.6,45.0,0,NONE,SHIFT_C (22:00-06:00),1.32
IMO9302616,Wan Hai Panamax 2616,Wan Hai,Panamax,5158,241.9,11.7,B-06,3,2026-08-02T00:32:26.384709+00:00,2026-08-02T01:39:38.384709+00:00,2026-08-03T10:45:38.384709+00:00,15.0,10.7,0,33.6,33.1,0,NONE,SHIFT_C (22:00-06:00),1.12
IMO9302617,PIL Post-Panamax 2617,PIL,Post-Panamax,6618,302.5,13.1,B-05,3,2026-04-18T09:22:59.059379+00:00,2026-04-18T13:16:59.059379+00:00,2026-04-20T20:22:59.059379+00:00,11.3,15.5,0,50.4,55.1,283,YARD_CONGESTION,SHIFT_A (06:00-14:00),3.9
IMO9302618,HMM Feeder 2618,HMM,Feeder,2413,146.2,7.8,B-08,2,2026-07-18T06:39:49.034237+00:00,2026-07-18T06:49:25.034237+00:00,2026-07-19T04:01:25.034237+00:00,16.6,26.7,0,18.7,21.2,149,CRANE_OUTAGE,SHIFT_A (06:00-14:00),0.16
IMO9302619,Wan Hai Feeder 2619,Wan Hai,Feeder,1064,172.2,7.6,B-09,2,2025-10-11T15:00:15.375372+00:00,2025-10-11T15:45:51.375372+00:00,2025-10-12T09:57:51.375372+00:00,12.9,12.4,0,18.4,18.2,0,NONE,SHIFT_B (14:00-22:00),0.76
IMO9302620,Yang Ming Panamax 2620,Yang Ming,Panamax,3437,243.6,10.6,B-06,3,2025-10-16T08:19:25.322525+00:00,2025-10-16T11:23:01.322525+00:00,2025-10-17T18:05:01.322525+00:00,16.0,6.4,0,30.1,30.7,0,NONE,SHIFT_A (06:00-14:00),3.06
IMO9302621,ONE Feeder 2621,ONE,Feeder,1061,177.9,8.4,B-10,2,2026-03-10T14:40:36.723170+00:00,2026-03-10T15:46:00.723170+00:00,2026-03-11T10:22:00.723170+00:00,14.6,7.6,0,19.2,18.6,0,NONE,SHIFT_B (14:00-22:00),1.09
IMO9302622,Yang Ming Handymax 2622,Yang Ming,Handymax,2894,205.5,9.9,B-07,3,2025-10-13T04:23:45.154078+00:00,2025-10-13T06:20:09.154078+00:00,2025-10-14T07:44:09.154078+00:00,12.1,24.3,0,23.1,25.4,137,YARD_CONGESTION,SHIFT_A (06:00-14:00),1.94
IMO9302623,SITC Neo-Panamax 2623,SITC,Neo-Panamax,14628,352.3,13.9,B-01,4,2025-01-28T00:41:41.157946+00:00,2025-01-28T00:55:29.157946+00:00,2025-01-30T01:49:29.157946+00:00,13.0,4.4,0,49.6,48.9,0,NONE,SHIFT_C (22:00-06:00),0.23
IMO9302624,Yang Ming Panamax 2624,Yang Ming,Panamax,4290,259.7,11.6,B-07,3,2025-05-25T14:05:39.111989+00:00,2025-05-25T16:02:39.111989+00:00,2025-05-27T04:26:39.111989+00:00,14.2,6.1,0,34.1,36.4,135,WEATHER,SHIFT_B (14:00-22:00),1.95
IMO9302625,Evergreen Panamax 2625,Evergreen,Panamax,4603,288.8,10.1,B-06,3,2025-07-14T21:25:49.217995+00:00,2025-07-15T00:51:37.217995+00:00,2025-07-16T09:21:37.217995+00:00,15.3,23.5,0,33.0,32.5,0,NONE,SHIFT_C (22:00-06:00),3.43
IMO9302626,Evergreen Handymax 2626,Evergreen,Handymax,2856,209.9,9.9,B-06,3,2026-03-20T05:36:30.379505+00:00,2026-03-20T08:03:30.379505+00:00,2026-03-21T00:57:30.379505+00:00,14.8,8.0,0,17.8,16.9,0,NONE,SHIFT_A (06:00-14:00),2.45
IMO9302627,Evergreen Panamax 2627,Evergreen,Panamax,4630,284.4,11.9,B-05,3,2026-01-31T13:28:24.338603+00:00,2026-01-31T14:42:48.338603+00:00,2026-02-02T08:36:48.338603+00:00,14.6,17.9,0,38.4,41.9,208,YARD_CONGESTION,SHIFT_B (14:00-22:00),1.24
IMO9302628,COSCO Post-Panamax 2628,COSCO,Post-Panamax,8043,302.8,14.3,B-05,3,2025-03-27T02:51:14.703348+00:00,2025-03-27T03:00:50.703348+00:00,2025-03-29T06:24:50.703348+00:00,16.9,9.5,0,47.0,51.4,261,YARD_CONGESTION,SHIFT_C (22:00-06:00),0.16
IMO9302629,Hapag-Lloyd Feeder 2629,Hapag-Lloyd,Feeder,1668,150.5,8.8,B-10,2,2024-10-29T09:02:10.224961+00:00,2024-10-29T11:35:46.224961+00:00,2024-10-30T04:29:46.224961+00:00,12.9,10.9,0,16.9,16.9,0,NONE,SHIFT_A (06:00-14:00),2.56
IMO9302630,SITC Handymax 2630,SITC,Handymax,2561,206.2,9.1,B-09,2,2025-06-16T08:11:42.352607+00:00,2025-06-16T09:59:06.352607+00:00,2025-06-17T05:29:06.352607+00:00,13.7,9.6,0,19.1,19.5,0,NONE,SHIFT_A (06:00-14:00),1.79
IMO9302631,KMTC Post-Panamax 2631,KMTC,Post-Panamax,7032,342.8,13.6,B-03,4,2026-02-16T17:12:20.504402+00:00,2026-02-16T18:02:08.504402+00:00,2026-02-18T16:20:08.504402+00:00,15.1,7.1,0,45.3,46.3,62,PILOT_UNAVAILABLE,SHIFT_B (14:00-22:00),0.83
IMO9302632,PIL Post-Panamax 2632,PIL,Post-Panamax,10593,305.4,14.0,B-04,3,2025-08-04T20:56:27.463743+00:00,2025-08-04T23:37:15.463743+00:00,2025-08-06T20:43:15.463743+00:00,13.8,13.0,0,40.9,45.1,254,YARD_CONGESTION,SHIFT_C (22:00-06:00),2.68
IMO9302633,KMTC Handymax 2633,KMTC,Handymax,3311,180.5,10.5,B-07,3,2025-04-28T16:35:21.333545+00:00,2025-04-28T17:10:09.333545+00:00,2025-04-29T19:46:09.333545+00:00,15.0,8.7,0,26.5,26.6,0,NONE,SHIFT_B (14:00-22:00),0.58
IMO9302634,Evergreen Feeder 2634,Evergreen,Feeder,1467,141.0,9.2,B-08,2,2025-04-09T06:07:07.204913+00:00,2025-04-09T06:07:07.204913+00:00,2025-04-10T01:19:07.204913+00:00,12.1,12.0,0,18.9,19.2,0,NONE,SHIFT_A (06:00-14:00),0.0
IMO9302635,Hapag-Lloyd Panamax 2635,Hapag-Lloyd,Panamax,3184,236.1,10.8,B-06,3,2026-07-29T18:07:40.238379+00:00,2026-07-29T19:38:16.238379+00:00,2026-07-31T05:26:16.238379+00:00,16.0,9.4,0,34.7,33.8,0,NONE,SHIFT_B (14:00-22:00),1.51
IMO9302636,Hapag-Lloyd Post-Panamax 2636,Hapag-Lloyd,Post-Panamax,7498,308.9,13.6,B-01,4,2025-06-29T03:22:14.969672+00:00,2025-06-29T05:49:50.969672+00:00,2025-07-01T04:43:50.969672+00:00,13.8,9.1,0,44.5,46.9,142,YARD_CONGESTION,SHIFT_C (22:00-06:00),2.46
IMO9302637,Evergreen Panamax 2637,Evergreen,Panamax,3356,262.5,10.7,B-06,3,2025-08-05T16:12:17.580486+00:00,2025-08-05T19:02:05.580486+00:00,2025-08-07T08:38:05.580486+00:00,13.1,3.4,0,33.8,37.6,228,CRANE_OUTAGE,SHIFT_B (14:00-22:00),2.83
IMO9302638,MSC Feeder 2638,MSC,Feeder,1235,185.3,8.2,B-10,2,2024-09-29T14:27:51.787160+00:00,2024-09-29T14:32:03.787160+00:00,2024-09-30T08:08:03.787160+00:00,12.5,11.1,0,18.5,17.6,0,NONE,SHIFT_B (14:00-22:00),0.07
IMO9302639,Hapag-Lloyd ULCV 2639,Hapag-Lloyd,ULCV,20424,376.6,15.3,B-02,4,2025-07-08T00:55:53.372123+00:00,2025-07-08T01:39:05.372123+00:00,2025-07-10T14:09:05.372123+00:00,13.3,28.0,0,60.6,60.5,0,NONE,SHIFT_C (22:00-06:00),0.72
IMO9302640,PIL Panamax 2640,PIL,Panamax,4339,283.4,10.0,B-06,3,2025-07-28T09:21:13.944403+00:00,2025-07-28T09:47:37.944403+00:00,2025-07-29T15:29:37.944403+00:00,13.8,12.0,0,30.4,29.7,0,NONE,SHIFT_A (06:00-14:00),0.44
IMO9302641,Hapag-Lloyd Handymax 2641,Hapag-Lloyd,Handymax,2292,188.4,10.8,B-08,2,2025-10-30T21:36:01.717600+00:00,2025-10-30T22:56:25.717600+00:00,2025-10-31T21:14:25.717600+00:00,12.6,18.0,0,22.3,22.3,0,NONE,SHIFT_C (22:00-06:00),1.34
IMO9302642,Evergreen Post-Panamax 2642,Evergreen,Post-Panamax,8715,323.7,12.6,B-04,3,2026-05-13T22:47:07.844176+00:00,2026-05-14T02:30:19.844176+00:00,2026-05-15T22:30:19.844176+00:00,13.9,21.8,0,43.4,44.0,0,NONE,SHIFT_C (22:00-06:00),3.72
IMO9302643,X-Press Feeders Panamax 2643,X-Press Feeders,Panamax,4221,227.4,10.7,B-07,3,2026-07-17T15:12:22.897342+00:00,2026-07-17T17:08:46.897342+00:00,2026-07-19T04:32:46.897342+00:00,15.0,15.5,0,35.1,35.4,0,NONE,SHIFT_B (14:00-22:00),1.94
IMO9302644,OOCL Panamax 2644,OOCL,Panamax,3693,286.0,11.2,B-06,3,2024-10-18T22:14:56.147176+00:00,2024-10-19T01:08:56.147176+00:00,2024-10-20T15:14:56.147176+00:00,18.3,17.4,0,31.3,38.1,408,CRANE_OUTAGE,SHIFT_C (22:00-06:00),2.9
IMO9302645,PIL ULCV 2645,PIL,ULCV,19308,368.8,16.4,B-02,4,2025-02-19T13:56:57.148946+00:00,2025-02-19T15:59:21.148946+00:00,2025-02-21T21:53:21.148946+00:00,16.0,4.5,0,54.7,53.9,0,NONE,SHIFT_B (14:00-22:00),2.04
IMO9302646,Maersk Feeder 2646,Maersk,Feeder,1190,137.3,8.4,B-09,2,2025-10-15T19:08:37.667318+00:00,2025-10-15T19:58:25.667318+00:00,2025-10-16T14:34:25.667318+00:00,15.4,17.0,0,15.4,18.6,194,WEATHER,SHIFT_B (14:00-22:00),0.83
IMO9302647,OOCL Panamax 2647,OOCL,Panamax,3009,262.2,11.6,B-04,3,2025-03-08T22:13:09.543688+00:00,2025-03-08T23:56:21.543688+00:00,2025-03-10T09:50:21.543688+00:00,13.8,22.3,0,34.2,33.9,0,NONE,SHIFT_C (22:00-06:00),1.72
IMO9302648,Hapag-Lloyd Feeder 2648,Hapag-Lloyd,Feeder,1111,144.4,7.2,B-08,2,2026-07-27T12:26:00.822259+00:00,2026-07-27T13:39:12.822259+00:00,2026-07-28T08:51:12.822259+00:00,15.2,9.0,0,16.4,19.2,171,CRANE_OUTAGE,SHIFT_A (06:00-14:00),1.22
IMO9302649,ZIM Post-Panamax 2649,ZIM,Post-Panamax,7953,338.4,13.7,B-01,4,2026-05-20T08:01:30.131336+00:00,2026-05-20T11:05:06.131336+00:00,2026-05-22T13:17:06.131336+00:00,14.9,16.2,0,51.0,50.2,0,NONE,SHIFT_A (06:00-14:00),3.06
IMO9302650,Maersk Panamax 2650,Maersk,Panamax,3400,282.8,11.9,B-07,3,2025-10-03T12:51:53.161139+00:00,2025-10-03T13:28:29.161139+00:00,2025-10-04T18:40:29.161139+00:00,16.8,11.7,0,28.9,29.2,0,NONE,SHIFT_A (06:00-14:00),0.61
IMO9302651,CMA CGM Post-Panamax 2651,CMA CGM,Post-Panamax,9307,347.6,13.3,B-02,4,2025-02-04T14:18:52.141712+00:00,2025-02-04T16:38:04.141712+00:00,2025-02-06T22:02:04.141712+00:00,15.8,11.4,0,47.5,53.4,351,WEATHER,SHIFT_B (14:00-22:00),2.32
IMO9302652,OOCL Neo-Panamax 2652,OOCL,Neo-Panamax,12560,343.0,15.3,B-02,4,2025-04-19T00:26:44.561630+00:00,2025-04-19T04:48:56.561630+00:00,2025-04-21T18:30:56.561630+00:00,18.2,11.4,0,61.4,61.7,0,NONE,SHIFT_C (22:00-06:00),4.37
IMO9302653,Maersk Panamax 2653,Maersk,Panamax,3763,229.3,10.3,B-04,3,2025-01-19T02:13:55.211573+00:00,2025-01-19T04:55:55.211573+00:00,2025-01-20T18:31:55.211573+00:00,15.3,18.6,0,31.5,37.6,369,WEATHER,SHIFT_C (22:00-06:00),2.7
IMO9302654,ONE ULCV 2654,ONE,ULCV,15868,375.6,15.9,B-01,4,2025-01-23T16:35:02.913269+00:00,2025-01-23T16:39:14.913269+00:00,2025-01-26T16:15:14.913269+00:00,14.3,8.3,0,62.7,71.6,535,WEATHER,SHIFT_B (14:00-22:00),0.07
IMO9302655,Evergreen Post-Panamax 2655,Evergreen,Post-Panamax,8412,313.3,12.7,B-02,4,2025-05-14T14:10:40.533443+00:00,2025-05-14T15:47:52.533443+00:00,2025-05-16T18:35:52.533443+00:00,13.3,14.3,0,47.9,50.8,173,WEATHER,SHIFT_B (14:00-22:00),1.62
IMO9302656,COSCO Feeder 2656,COSCO,Feeder,1509,135.9,8.2,B-10,2,2026-02-21T10:21:40.793463+00:00,2026-02-21T13:10:52.793463+00:00,2026-02-22T11:46:52.793463+00:00,15.5,15.8,0,17.6,22.6,297,YARD_CONGESTION,SHIFT_A (06:00-14:00),2.82
IMO9302657,COSCO Post-Panamax 2657,COSCO,Post-Panamax,10153,337.5,12.7,B-05,3,2026-06-30T10:48:07.579244+00:00,2026-06-30T14:21:07.579244+00:00,2026-07-02T21:39:07.579244+00:00,9.5,14.6,0,49.2,55.3,366,CRANE_OUTAGE,SHIFT_B (14:00-22:00),3.55
IMO9302658,Wan Hai Feeder 2658,Wan Hai,Feeder,1613,135.8,7.5,B-09,2,2025-03-24T16:05:55.276397+00:00,2025-03-24T16:26:55.276397+00:00,2025-03-25T11:26:55.276397+00:00,14.5,13.9,0,18.9,19.0,0,NONE,SHIFT_B (14:00-22:00),0.35
IMO9302659,OOCL Handymax 2659,OOCL,Handymax,2692,207.4,10.8,B-07,3,2025-06-14T04:29:34.103766+00:00,2025-06-14T08:10:58.103766+00:00,2025-06-15T08:52:58.103766+00:00,15.1,2.4,0,24.3,24.7,0,NONE,SHIFT_A (06:00-14:00),3.69
IMO9302660,Wan Hai Feeder 2660,Wan Hai,Feeder,1454,131.6,7.8,B-08,2,2025-09-03T13:28:54.042523+00:00,2025-09-03T14:36:06.042523+00:00,2025-09-04T15:18:06.042523+00:00,15.3,15.3,0,20.1,24.7,273,YARD_CONGESTION,SHIFT_B (14:00-22:00),1.12
IMO9302661,OOCL Feeder 2661,OOCL,Feeder,2049,160.3,8.1,B-09,2,2026-08-13T13:25:41.662917+00:00,2026-08-13T16:11:17.662917+00:00,2026-08-14T12:35:17.662917+00:00,14.6,9.7,0,20.9,20.4,0,NONE,SHIFT_B (14:00-22:00),2.76
IMO9302662,Yang Ming Feeder 2662,Yang Ming,Feeder,815,149.3,8.8,B-08,2,2025-09-25T04:40:51.388147+00:00,2025-09-25T06:38:27.388147+00:00,2025-09-26T11:02:27.388147+00:00,15.8,8.2,0,21.3,28.4,428,TIDAL_WINDOW_MISSED,SHIFT_A (06:00-14:00),1.96
IMO9302663,Hapag-Lloyd Neo-Panamax 2663,Hapag-Lloyd,Neo-Panamax,10965,354.3,14.6,B-03,4,2025-08-20T12:18:39.770333+00:00,2025-08-20T13:16:15.770333+00:00,2025-08-22T21:04:15.770333+00:00,14.8,6.7,0,55.2,55.8,0,NONE,SHIFT_A (06:00-14:00),0.96
IMO9302664,Maersk Neo-Panamax 2664,Maersk,Neo-Panamax,10323,341.9,14.7,B-02,4,2026-08-27T23:29:36.261708+00:00,2026-08-28T01:01:24.261708+00:00,2026-08-30T08:37:24.261708+00:00,17.0,11.3,0,55.1,55.6,0,NONE,SHIFT_C (22:00-06:00),1.53
IMO9302665,OOCL Neo-Panamax 2665,OOCL,Neo-Panamax,13775,360.9,14.9,B-01,4,2025-05-25T08:17:42.245513+00:00,2025-05-25T09:27:54.245513+00:00,2025-05-27T07:03:54.245513+00:00,16.2,22.7,0,46.2,45.6,0,NONE,SHIFT_A (06:00-14:00),1.17
IMO9302666,Evergreen Post-Panamax 2666,Evergreen,Post-Panamax,8585,344.7,14.1,B-01,4,2025-10-30T23:14:21.496964+00:00,2025-10-31T01:23:57.496964+00:00,2025-11-01T23:59:57.496964+00:00,17.0,18.6,0,47.5,46.6,0,NONE,SHIFT_C (22:00-06:00),2.16
IMO9302667,COSCO Feeder 2667,COSCO,Feeder,1004,164.7,9.3,B-09,2,2025-02-04T12:17:16.314755+00:00,2025-02-04T13:36:28.314755+00:00,2025-02-05T09:42:28.314755+00:00,16.1,22.2,0,16.5,20.1,218,YARD_CONGESTION,SHIFT_A (06:00-14:00),1.32
IMO9302668,X-Press Feeders Feeder 2668,X-Press Feeders,Feeder,879,174.3,7.2,B-10,2,2026-05-30T21:34:15.794631+00:00,2026-05-30T23:13:51.794631+00:00,2026-05-31T23:31:51.794631+00:00,13.1,6.3,0,19.4,24.3,292,YARD_CONGESTION,SHIFT_C (22:00-06:00),1.66
IMO9302669,SITC Neo-Panamax 2669,SITC,Neo-Panamax,11249,359.7,13.6,B-03,4,2026-04-23T05:28:02.161694+00:00,2026-04-23T07:56:50.161694+00:00,2026-04-25T17:08:50.161694+00:00,14.6,12.3,0,52.7,57.2,270,YARD_CONGESTION,SHIFT_A (06:00-14:00),2.48
IMO9302670,Hapag-Lloyd Panamax 2670,Hapag-Lloyd,Panamax,3609,242.6,10.4,B-04,3,2025-07-01T01:23:23.057784+00:00,2025-07-01T03:16:11.057784+00:00,2025-07-02T08:22:11.057784+00:00,12.2,12.3,0,29.2,29.1,0,NONE,SHIFT_C (22:00-06:00),1.88
IMO9302671,Yang Ming Panamax 2671,Yang Ming,Panamax,3715,245.3,11.0,B-07,3,2024-10-29T09:26:20.531993+00:00,2024-10-29T09:26:20.531993+00:00,2024-10-30T15:26:20.531993+00:00,12.0,8.9,0,29.8,30.0,0,NONE,SHIFT_A (06:00-14:00),0.0
IMO9302672,HMM Feeder 2672,HMM,Feeder,1297,131.8,9.0,B-10,2,2025-09-21T06:04:37.976441+00:00,2025-09-21T06:44:13.976441+00:00,2025-09-22T04:32:13.976441+00:00,15.3,18.8,0,21.4,21.8,0,NONE,SHIFT_A (06:00-14:00),0.66
IMO9302673,ZIM Handymax 2673,ZIM,Handymax,2508,190.7,10.2,B-07,3,2026-01-31T14:15:01.123132+00:00,2026-01-31T16:26:25.123132+00:00,2026-02-01T15:32:25.123132+00:00,11.3,12.2,0,23.1,23.1,0,NONE,SHIFT_B (14:00-22:00),2.19
IMO9302674,X-Press Feeders Post-Panamax 2674,X-Press Feeders,Post-Panamax,10377,308.3,14.4,B-02,4,2026-01-21T05:40:27.222139+00:00,2026-01-21T06:41:03.222139+00:00,2026-01-23T07:47:03.222139+00:00,11.9,33.6,1,49.8,49.1,0,NONE,SHIFT_A (06:00-14:00),1.01
IMO9302675,KMTC Neo-Panamax 2675,KMTC,Neo-Panamax,10484,351.0,14.0,B-01,4,2026-03-13T19:34:00.804660+00:00,2026-03-13T21:17:12.804660+00:00,2026-03-16T10:53:12.804660+00:00,14.0,13.2,0,55.6,61.6,361,TIDAL_WINDOW_MISSED,SHIFT_B (14:00-22:00),1.72
IMO9302676,KMTC ULCV 2676,KMTC,ULCV,22653,373.2,14.8,B-03,4,2025-11-20T06:54:10.990466+00:00,2025-11-20T10:15:10.990466+00:00,2025-11-23T03:15:10.990466+00:00,13.1,25.6,1,65.3,65.0,0,NONE,SHIFT_A (06:00-14:00),3.35
IMO9302677,ZIM Post-Panamax 2677,ZIM,Post-Panamax,7706,310.2,14.2,B-01,4,2026-07-24T10:10:52.206959+00:00,2026-07-24T11:09:04.206959+00:00,2026-07-26T07:33:04.206959+00:00,14.8,16.8,0,44.9,44.4,0,NONE,SHIFT_A (06:00-14:00),0.97
IMO9302678,CMA CGM Post-Panamax 2678,CMA CGM,Post-Panamax,8951,331.6,13.6,B-02,4,2025-01-10T01:54:34.116832+00:00,2025-01-10T05:23:22.116832+00:00,2025-01-12T08:59:22.116832+00:00,13.0,21.4,0,50.2,51.6,83,YARD_CONGESTION,SHIFT_C (22:00-06:00),3.48
IMO9302679,COSCO Feeder 2679,COSCO,Feeder,1359,137.4,9.3,B-09,2,2025-06-13T11:49:52.646440+00:00,2025-06-13T14:27:40.646440+00:00,2025-06-14T10:03:40.646440+00:00,15.7,13.0,0,19.8,19.6,0,NONE,SHIFT_B (14:00-22:00),2.63
IMO9302680,ONE Handymax 2680,ONE,Handymax,3273,192.9,10.1,B-09,2,2025-12-22T14:48:16.504398+00:00,2025-12-22T17:38:40.504398+00:00,2025-12-23T17:14:40.504398+00:00,15.1,18.3,0,21.6,23.6,121,WEATHER,SHIFT_B (14:00-22:00),2.84
IMO9302681,COSCO Panamax 2681,COSCO,Panamax,3308,238.3,12.0,B-05,3,2025-01-09T20:03:40.238530+00:00,2025-01-09T20:13:52.238530+00:00,2025-01-11T06:37:52.238530+00:00,14.8,27.3,0,32.9,34.4,88,PILOT_UNAVAILABLE,SHIFT_B (14:00-22:00),0.17
IMO9302682,ONE Handymax 2682,ONE,Handymax,3030,219.9,8.6,B-06,3,2026-06-09T05:26:31.716845+00:00,2026-06-09T06:40:19.716845+00:00,2026-06-10T18:34:19.716845+00:00,13.1,13.4,0,30.4,35.9,333,CRANE_OUTAGE,SHIFT_A (06:00-14:00),1.23
IMO9302683,X-Press Feeders Panamax 2683,X-Press Feeders,Panamax,3194,285.8,10.6,B-04,3,2024-11-24T14:00:16.121478+00:00,2024-11-24T15:00:16.121478+00:00,2024-11-26T03:06:16.121478+00:00,14.3,13.7,0,31.9,36.1,253,CRANE_OUTAGE,SHIFT_B (14:00-22:00),1.0
IMO9302684,KMTC Post-Panamax 2684,KMTC,Post-Panamax,9035,312.1,13.4,B-05,3,2026-07-06T11:27:12.995878+00:00,2026-07-06T11:51:48.995878+00:00,2026-07-08T02:39:48.995878+00:00,15.5,22.7,0,38.9,38.8,0,NONE,SHIFT_A (06:00-14:00),0.41
IMO9302685,MSC ULCV 2685,MSC,ULCV,15270,379.1,14.5,B-02,4,2025-11-07T04:57:38.981923+00:00,2025-11-07T07:13:50.981923+00:00,2025-11-10T02:01:50.981923+00:00,14.7,6.7,0,64.2,66.8,157,CRANE_OUTAGE,SHIFT_A (06:00-14:00),2.27
IMO9302686,MSC Feeder 2686,MSC,Feeder,907,130.1,7.6,B-08,2,2024-12-02T04:12:40.017968+00:00,2024-12-02T06:42:04.017968+00:00,2024-12-03T00:06:04.017968+00:00,11.4,14.9,0,17.0,17.4,0,NONE,SHIFT_A (06:00-14:00),2.49
IMO9302687,Yang Ming ULCV 2687,Yang Ming,ULCV,16828,387.7,14.7,B-01,4,2025-08-15T10:43:56.653133+00:00,2025-08-15T13:15:44.653133+00:00,2025-08-18T06:03:44.653133+00:00,13.6,19.6,0,65.1,64.8,0,NONE,SHIFT_A (06:00-14:00),2.53
IMO9302688,SITC Handymax 2688,SITC,Handymax,2066,200.2,9.2,B-06,3,2025-06-09T10:16:04.632510+00:00,2025-06-09T11:35:52.632510+00:00,2025-06-10T12:41:52.632510+00:00,14.2,11.0,0,26.1,25.1,0,NONE,SHIFT_A (06:00-14:00),1.33
IMO9302689,OOCL Panamax 2689,OOCL,Panamax,5184,231.9,11.4,B-07,3,2026-07-31T10:49:41.922321+00:00,2026-07-31T13:25:41.922321+00:00,2026-08-02T01:37:41.922321+00:00,14.2,8.4,0,30.1,36.2,367,CRANE_OUTAGE,SHIFT_A (06:00-14:00),2.6
IMO9302690,Wan Hai Handymax 2690,Wan Hai,Handymax,2436,206.4,10.2,B-09,2,2025-04-30T20:35:28.667788+00:00,2025-04-30T20:35:28.667788+00:00,2025-05-01T22:11:28.667788+00:00,15.1,17.5,0,25.7,25.6,0,NONE,SHIFT_B (14:00-22:00),0.0
IMO9302691,ONE Panamax 2691,ONE,Panamax,4921,247.3,10.9,B-06,3,2025-04-18T05:18:37.677091+00:00,2025-04-18T07:39:01.677091+00:00,2025-04-19T13:57:01.677091+00:00,15.5,9.5,0,31.3,30.3,0,NONE,SHIFT_A (06:00-14:00),2.34
IMO9302692,Yang Ming Handymax 2692,Yang Ming,Handymax,2698,202.8,10.9,B-09,2,2025-04-02T06:14:26.110301+00:00,2025-04-02T09:54:38.110301+00:00,2025-04-03T09:06:38.110301+00:00,11.5,25.1,0,23.1,23.2,0,NONE,SHIFT_A (06:00-14:00),3.67
IMO9302693,KMTC ULCV 2693,KMTC,ULCV,20867,390.4,16.2,B-01,4,2026-01-04T03:48:01.055054+00:00,2026-01-04T04:13:49.055054+00:00,2026-01-06T18:07:49.055054+00:00,11.0,13.1,0,62.8,61.9,0,NONE,SHIFT_C (22:00-06:00),0.43
IMO9302694,Hapag-Lloyd Panamax 2694,Hapag-Lloyd,Panamax,4555,247.3,11.3,B-06,3,2025-01-22T21:51:06.510823+00:00,2025-01-22T23:06:42.510823+00:00,2025-01-24T16:24:42.510823+00:00,14.8,11.0,0,32.5,41.3,527,WEATHER,SHIFT_C (22:00-06:00),1.26
IMO9302695,ZIM Handymax 2695,ZIM,Handymax,3242,182.4,9.4,B-07,3,2026-01-29T18:07:37.837441+00:00,2026-01-29T19:17:13.837441+00:00,2026-01-30T17:35:13.837441+00:00,15.7,22.4,0,22.0,22.3,0,NONE,SHIFT_B (14:00-22:00),1.16
IMO9302696,MSC Panamax 2696,MSC,Panamax,4709,277.6,11.4,B-06,3,2025-03-10T16:36:15.123043+00:00,2025-03-10T17:33:51.123043+00:00,2025-03-12T05:21:51.123043+00:00,16.1,11.7,0,29.5,35.8,376,WEATHER,SHIFT_B (14:00-22:00),0.96
IMO9302697,PIL Post-Panamax 2697,PIL,Post-Panamax,9205,336.4,14.0,B-01,4,2026-05-18T12:49:24.023743+00:00,2026-05-18T17:29:00.023743+00:00,2026-05-21T02:53:00.023743+00:00,13.0,20.7,0,48.7,57.4,522,WEATHER,SHIFT_B (14:00-22:00),4.66
IMO9302698,CMA CGM Panamax 2698,CMA CGM,Panamax,3695,266.2,11.6,B-05,3,2025-01-13T05:27:57.809329+00:00,2025-01-13T06:01:33.809329+00:00,2025-01-14T12:37:33.809329+00:00,13.8,17.1,0,30.4,30.6,0,NONE,SHIFT_A (06:00-14:00),0.56
IMO9302699,KMTC Neo-Panamax 2699,KMTC,Neo-Panamax,13255,348.5,13.8,B-02,4,2026-03-18T20:34:49.488151+00:00,2026-03-18T23:41:25.488151+00:00,2026-03-21T05:17:25.488151+00:00,11.4,16.5,0,53.7,53.6,0,NONE,SHIFT_C (22:00-06:00),3.11
IMO9302700,SITC Handymax 2700,SITC,Handymax,2183,180.0,9.9,B-08,2,2025-08-03T19:34:50.902449+00:00,2025-08-03T20:49:50.902449+00:00,2025-08-04T21:31:50.902449+00:00,15.2,5.9,0,25.1,24.7,0,NONE,SHIFT_B (14:00-22:00),1.25
IMO9302701,Yang Ming Neo-Panamax 2701,Yang Ming,Neo-Panamax,10566,361.8,14.6,B-03,4,2024-10-03T13:58:17.052100+00:00,2024-10-03T14:55:17.052100+00:00,2024-10-05T14:55:17.052100+00:00,12.3,14.9,0,48.4,48.0,0,NONE,SHIFT_B (14:00-22:00),0.95
IMO9302702,Evergreen Post-Panamax 2702,Evergreen,Post-Panamax,9401,301.1,12.6,B-02,4,2026-09-02T01:12:05.922727+00:00,2026-09-02T04:13:53.922727+00:00,2026-09-04T11:37:53.922727+00:00,15.6,22.1,0,55.5,55.4,0,NONE,SHIFT_C (22:00-06:00),3.03
IMO9302703,OOCL Panamax 2703,OOCL,Panamax,3735,233.2,10.3,B-07,3,2024-12-08T05:47:14.842349+00:00,2024-12-08T09:11:50.842349+00:00,2024-12-09T18:17:50.842349+00:00,14.4,8.8,0,32.8,33.1,0,NONE,SHIFT_A (06:00-14:00),3.41
IMO9302704,OOCL Panamax 2704,OOCL,Panamax,4575,226.0,11.8,B-04,3,2024-10-04T03:54:55.193474+00:00,2024-10-04T06:23:07.193474+00:00,2024-10-05T08:41:07.193474+00:00,16.0,9.2,0,26.4,26.3,0,NONE,SHIFT_A (06:00-14:00),2.47
IMO9302705,ZIM Handymax 2705,ZIM,Handymax,2511,183.5,10.1,B-09,2,2025-06-05T13:42:27.541684+00:00,2025-06-05T16:04:03.541684+00:00,2025-06-06T19:10:03.541684+00:00,14.0,8.6,0,27.7,27.1,0,NONE,SHIFT_B (14:00-22:00),2.36
IMO9302706,MSC Neo-Panamax 2706,MSC,Neo-Panamax,10547,359.0,14.9,B-01,4,2025-07-27T14:52:07.923969+00:00,2025-07-27T17:29:19.923969+00:00,2025-07-30T03:47:19.923969+00:00,9.6,28.1,1,53.3,58.3,300,YARD_CONGESTION,SHIFT_B (14:00-22:00),2.62
IMO9302707,SITC ULCV 2707,SITC,ULCV,19604,381.5,16.2,B-02,4,2025-12-20T14:08:38.418924+00:00,2025-12-20T14:50:38.418924+00:00,2025-12-23T06:26:38.418924+00:00,15.7,17.7,1,64.0,63.6,0,NONE,SHIFT_B (14:00-22:00),0.7
IMO9302708,HMM Neo-Panamax 2708,HMM,Neo-Panamax,10909,345.3,15.0,B-01,4,2024-12-08T09:05:35.512776+00:00,2024-12-08T13:07:59.512776+00:00,2024-12-10T13:55:59.512776+00:00,13.0,7.6,0,49.7,48.8,0,NONE,SHIFT_A (06:00-14:00),4.04
IMO9302709,Hapag-Lloyd Panamax 2709,Hapag-Lloyd,Panamax,3336,233.4,10.5,B-05,3,2025-12-29T09:42:23.498557+00:00,2025-12-29T12:29:11.498557+00:00,2025-12-30T20:53:11.498557+00:00,10.5,32.4,1,32.9,32.4,0,NONE,SHIFT_A (06:00-14:00),2.7800000000000002
IMO9302710,KMTC Panamax 2710,KMTC,Panamax,3434,221.0,10.9,B-06,3,2025-06-20T06:49:47.256842+00:00,2025-06-20T07:08:23.256842+00:00,2025-06-21T12:14:23.256842+00:00,15.2,7.2,0,29.3,29.1,0,NONE,SHIFT_A (06:00-14:00),0.31
IMO9302711,KMTC Feeder 2711,KMTC,Feeder,1301,187.6,8.4,B-10,2,2024-10-06T18:43:25.297541+00:00,2024-10-06T19:32:37.297541+00:00,2024-10-07T15:56:37.297541+00:00,12.8,25.3,0,20.4,20.4,0,NONE,SHIFT_B (14:00-22:00),0.82
IMO9302712,Wan Hai Feeder 2712,Wan Hai,Feeder,1506,179.5,9.3,B-08,2,2025-05-26T11:52:24.825899+00:00,2025-05-26T12:39:48.825899+00:00,2025-05-27T03:21:48.825899+00:00,14.3,8.1,0,14.6,14.7,0,NONE,SHIFT_A (06:00-14:00),0.79
IMO9302713,COSCO Panamax 2713,COSCO,Panamax,5199,231.3,11.1,B-06,3,2025-09-01T07:52:53.623685+00:00,2025-09-01T10:11:29.623685+00:00,2025-09-02T15:41:29.623685+00:00,12.1,6.0,0,28.8,29.5,0,NONE,SHIFT_A (06:00-14:00),2.31
IMO9302714,PIL Neo-Panamax 2714,PIL,Neo-Panamax,12734,364.7,14.3,B-03,4,2025-07-26T03:53:32.279139+00:00,2025-07-26T03:53:32.279139+00:00,2025-07-28T08:47:32.279139+00:00,14.1,20.9,0,48.0,52.9,291,WEATHER,SHIFT_C (22:00-06:00),0.0
IMO9302715,ZIM Post-Panamax 2715,ZIM,Post-Panamax,9133,349.9,13.4,B-02,4,2026-03-30T18:10:14.519593+00:00,2026-03-30T19:55:14.519593+00:00,2026-04-01T16:25:14.519593+00:00,14.3,5.6,0,43.9,44.5,0,NONE,SHIFT_B (14:00-22:00),1.75
IMO9302716,X-Press Feeders Neo-Panamax 2716,X-Press Feeders,Neo-Panamax,12094,352.9,14.2,B-02,4,2024-12-16T09:51:35.321832+00:00,2024-12-16T11:31:11.321832+00:00,2024-12-18T15:37:11.321832+00:00,12.5,22.0,0,51.9,52.1,0,NONE,SHIFT_A (06:00-14:00),1.66
IMO9302717,COSCO Post-Panamax 2717,COSCO,Post-Panamax,10198,344.7,13.1,B-01,4,2025-03-28T13:22:57.895049+00:00,2025-03-28T13:36:45.895049+00:00,2025-03-30T15:12:45.895049+00:00,12.5,13.7,0,50.5,49.6,0,NONE,SHIFT_A (06:00-14:00),0.23
IMO9302718,Maersk Feeder 2718,Maersk,Feeder,2164,133.4,8.7,B-08,2,2025-10-21T04:28:37.732821+00:00,2025-10-21T06:57:25.732821+00:00,2025-10-22T02:21:25.732821+00:00,17.0,26.3,0,19.1,19.4,0,NONE,SHIFT_A (06:00-14:00),2.48
IMO9302719,Yang Ming Panamax 2719,Yang Ming,Panamax,4220,227.4,10.2,B-04,3,2025-03-30T01:21:12.693698+00:00,2025-03-30T02:31:24.693698+00:00,2025-03-31T16:19:24.693698+00:00,14.0,19.2,0,38.2,37.8,0,NONE,SHIFT_C (22:00-06:00),1.17
IMO9302720,PIL Feeder 2720,PIL,Feeder,1829,147.3,7.4,B-10,2,2024-11-24T02:22:48.619890+00:00,2024-11-24T05:38:24.619890+00:00,2024-11-25T02:32:24.619890+00:00,16.6,25.1,0,15.7,20.9,310,CRANE_OUTAGE,SHIFT_C (22:00-06:00),3.26
IMO9302721,Wan Hai Post-Panamax 2721,Wan Hai,Post-Panamax,6927,346.0,14.4,B-04,3,2024-12-04T09:39:09.064643+00:00,2024-12-04T09:39:09.064643+00:00,2024-12-06T09:03:09.064643+00:00,17.2,5.5,0,43.3,47.4,246,CRANE_OUTAGE,SHIFT_A (06:00-14:00),0.0
IMO9302722,KMTC Neo-Panamax 2722,KMTC,Neo-Panamax,14584,342.1,14.3,B-03,4,2024-12-15T18:11:44.061111+00:00,2024-12-15T22:26:08.061111+00:00,2024-12-17T23:14:08.061111+00:00,8.9,33.5,1,49.8,48.8,0,NONE,SHIFT_C (22:00-06:00),4.24
IMO9302723,PIL Panamax 2723,PIL,Panamax,3477,242.0,11.4,B-04,3,2026-04-13T13:15:01.211285+00:00,2026-04-13T14:02:25.211285+00:00,2026-04-15T05:14:25.211285+00:00,13.5,8.8,0,37.2,39.2,121,YARD_CONGESTION,SHIFT_B (14:00-22:00),0.79
IMO9302724,X-Press Feeders Handymax 2724,X-Press Feeders,Handymax,2297,182.7,8.8,B-09,2,2024-12-07T02:02:35.309118+00:00,2024-12-07T04:34:59.309118+00:00,2024-12-08T09:40:59.309118+00:00,14.4,14.3,0,21.6,29.1,448,WEATHER,SHIFT_C (22:00-06:00),2.54
IMO9302725,OOCL Neo-Panamax 2725,OOCL,Neo-Panamax,14678,354.4,14.6,B-03,4,2025-06-23T17:10:50.283819+00:00,2025-06-23T20:07:14.283819+00:00,2025-06-26T00:01:14.283819+00:00,14.3,6.0,0,52.8,51.9,0,NONE,SHIFT_B (14:00-22:00),2.94
IMO9302726,X-Press Feeders Post-Panamax 2726,X-Press Feeders,Post-Panamax,8000,328.5,14.2,B-02,4,2025-03-18T23:35:19.819574+00:00,2025-03-19T01:30:31.819574+00:00,2025-03-20T18:18:31.819574+00:00,14.3,22.8,0,41.8,40.8,0,NONE,SHIFT_C (22:00-06:00),1.92
IMO9302727,OOCL Feeder 2727,OOCL,Feeder,2271,146.9,8.5,B-08,2,2026-06-30T14:36:31.497669+00:00,2026-06-30T14:36:31.497669+00:00,2026-07-01T16:12:31.497669+00:00,17.6,21.0,0,22.0,25.6,214,WEATHER,SHIFT_B (14:00-22:00),0.0
IMO9302728,Maersk Panamax 2728,Maersk,Panamax,4416,278.6,10.7,B-05,3,2025-02-10T17:31:14.666639+00:00,2025-02-10T19:52:50.666639+00:00,2025-02-12T01:04:50.666639+00:00,14.8,1.5,0,29.9,29.2,0,NONE,SHIFT_B (14:00-22:00),2.36
IMO9302729,ONE Panamax 2729,ONE,Panamax,4862,264.9,10.7,B-06,3,2025-12-10T10:21:32.249446+00:00,2025-12-10T11:43:44.249446+00:00,2025-12-12T04:13:44.249446+00:00,13.4,17.5,0,31.5,40.5,540,WEATHER,SHIFT_A (06:00-14:00),1.37
IMO9302730,MSC Feeder 2730,MSC,Feeder,1760,143.0,8.9,B-08,2,2026-09-04T21:30:39.611477+00:00,2026-09-05T00:28:15.611477+00:00,2026-09-06T01:10:15.611477+00:00,13.7,20.9,0,21.1,24.7,215,CRANE_OUTAGE,SHIFT_C (22:00-06:00),2.96
IMO9302731,X-Press Feeders Neo-Panamax 2731,X-Press Feeders,Neo-Panamax,11043,345.4,15.1,B-03,4,2025-04-14T19:31:01.441371+00:00,2025-04-14T21:01:01.441371+00:00,2025-04-17T00:37:01.441371+00:00,11.2,5.8,0,50.9,51.6,45,PILOT_UNAVAILABLE,SHIFT_B (14:00-22:00),1.5
IMO9302732,KMTC Post-Panamax 2732,KMTC,Post-Panamax,9199,342.8,13.8,B-05,3,2025-05-26T20:30:12.026996+00:00,2025-05-26T21:22:24.026996+00:00,2025-05-28T21:52:24.026996+00:00,14.9,13.5,0,47.8,48.5,0,NONE,SHIFT_B (14:00-22:00),0.87
IMO9302733,CMA CGM ULCV 2733,CMA CGM,ULCV,16680,390.1,14.7,B-03,4,2025-03-18T20:17:39.244199+00:00,2025-03-18T20:17:39.244199+00:00,2025-03-21T07:41:39.244199+00:00,15.2,3.7,0,59.7,59.4,0,NONE,SHIFT_B (14:00-22:00),0.0
IMO9302734,ZIM Post-Panamax 2734,ZIM,Post-Panamax,8517,324.0,13.5,B-02,4,2025-11-24T04:54:55.113895+00:00,2025-11-24T05:50:43.113895+00:00,2025-11-26T01:56:43.113895+00:00,13.2,24.0,0,44.7,44.1,0,NONE,SHIFT_C (22:00-06:00),0.93
IMO9302735,MSC Post-Panamax 2735,MSC,Post-Panamax,8778,335.9,13.8,B-01,4,2025-01-27T02:59:48.530968+00:00,2025-01-27T04:14:12.530968+00:00,2025-01-29T07:26:12.530968+00:00,14.6,18.0,0,48.9,51.2,139,CRANE_OUTAGE,SHIFT_C (22:00-06:00),1.24
IMO9302736,Wan Hai Post-Panamax 2736,Wan Hai,Post-Panamax,9203,306.3,13.9,B-04,3,2025-10-28T05:40:25.281147+00:00,2025-10-28T08:56:37.281147+00:00,2025-10-30T14:38:37.281147+00:00,14.1,6.4,0,45.5,53.7,491,WEATHER,SHIFT_A (06:00-14:00),3.27
IMO9302737,MSC Post-Panamax 2737,MSC,Post-Panamax,7004,318.5,13.5,B-04,3,2025-02-27T00:04:50.207113+00:00,2025-02-27T04:46:14.207113+00:00,2025-03-01T08:46:14.207113+00:00,17.0,13.2,0,51.6,52.0,0,NONE,SHIFT_C (22:00-06:00),4.69
IMO9302738,PIL Panamax 2738,PIL,Panamax,5069,231.2,11.4,B-05,3,2025-09-17T21:47:36.274543+00:00,2025-09-18T01:40:24.274543+00:00,2025-09-19T04:46:24.274543+00:00,17.8,26.3,0,27.9,27.1,0,NONE,SHIFT_C (22:00-06:00),3.88
IMO9302739,SITC Panamax 2739,SITC,Panamax,3365,254.8,10.5,B-05,3,2025-12-04T09:53:51.447551+00:00,2025-12-04T12:29:15.447551+00:00,2025-12-05T23:41:15.447551+00:00,16.3,14.1,0,33.0,35.2,130,YARD_CONGESTION,SHIFT_A (06:00-14:00),2.59
IMO9302740,X-Press Feeders ULCV 2740,X-Press Feeders,ULCV,19370,369.7,15.6,B-03,4,2026-03-08T17:07:49.989916+00:00,2026-03-08T17:49:13.989916+00:00,2026-03-11T11:07:13.989916+00:00,18.0,28.0,0,65.8,65.3,0,NONE,SHIFT_B (14:00-22:00),0.69
IMO9302741,ZIM Neo-Panamax 2741,ZIM,Neo-Panamax,12097,344.9,15.2,B-03,4,2025-01-08T13:58:30.278508+00:00,2025-01-08T15:09:54.278508+00:00,2025-01-11T03:33:54.278508+00:00,11.2,35.0,1,60.6,60.4,0,NONE,SHIFT_B (14:00-22:00),1.19
IMO9302742,Maersk Panamax 2742,Maersk,Panamax,3139,274.4,11.9,B-04,3,2025-05-04T08:59:54.908021+00:00,2025-05-04T08:59:54.908021+00:00,2025-05-05T10:35:54.908021+00:00,13.9,17.2,0,26.3,25.6,0,NONE,SHIFT_A (06:00-14:00),0.0
IMO9302743,PIL Feeder 2743,PIL,Feeder,2349,187.6,8.9,B-08,2,2025-12-16T03:58:43.714942+00:00,2025-12-16T06:29:55.714942+00:00,2025-12-17T03:23:55.714942+00:00,14.6,21.7,0,21.2,20.9,0,NONE,SHIFT_A (06:00-14:00),2.52
IMO9302744,Wan Hai Panamax 2744,Wan Hai,Panamax,5175,267.0,10.8,B-07,3,2025-08-29T07:35:37.113687+00:00,2025-08-29T13:12:49.113687+00:00,2025-08-30T23:54:49.113687+00:00,12.1,38.6,1,32.1,34.7,154,YARD_CONGESTION,SHIFT_A (06:00-14:00),5.619999999999999
IMO9302745,COSCO Panamax 2745,COSCO,Panamax,4748,286.0,10.3,B-07,3,2025-01-12T20:40:21.487974+00:00,2025-01-12T21:49:21.487974+00:00,2025-01-14T11:13:21.487974+00:00,15.1,8.2,0,37.0,37.4,0,NONE,SHIFT_B (14:00-22:00),1.15
IMO9302746,X-Press Feeders Panamax 2746,X-Press Feeders,Panamax,4884,245.3,11.0,B-04,3,2025-07-28T08:56:33.001995+00:00,2025-07-28T10:10:57.001995+00:00,2025-07-29T22:46:57.001995+00:00,13.0,19.5,0,36.2,36.6,0,NONE,SHIFT_A (06:00-14:00),1.24
IMO9302747,ONE Neo-Panamax 2747,ONE,Neo-Panamax,10278,355.3,14.5,B-02,4,2026-03-14T15:39:23.052909+00:00,2026-03-14T17:25:35.052909+00:00,2026-03-16T15:31:35.052909+00:00,13.4,10.1,0,45.4,46.1,0,NONE,SHIFT_B (14:00-22:00),1.77
IMO9302748,HMM ULCV 2748,HMM,ULCV,22727,399.6,16.3,B-02,4,2025-03-30T05:54:06.240088+00:00,2025-03-30T08:18:42.240088+00:00,2025-04-01T16:48:42.240088+00:00,14.6,10.0,0,56.5,56.5,0,NONE,SHIFT_A (06:00-14:00),2.41
IMO9302749,Evergreen Feeder 2749,Evergreen,Feeder,1079,149.8,9.5,B-10,2,2025-02-19T00:05:57.055623+00:00,2025-02-19T00:05:57.055623+00:00,2025-02-19T17:17:57.055623+00:00,16.2,7.3,0,18.1,17.2,0,NONE,SHIFT_C (22:00-06:00),0.0
IMO9302750,Wan Hai Feeder 2750,Wan Hai,Feeder,985,160.9,7.8,B-09,2,2025-12-14T09:07:01.457810+00:00,2025-12-14T11:56:13.457810+00:00,2025-12-15T06:08:13.457810+00:00,12.9,23.4,0,16.9,18.2,80,CRANE_OUTAGE,SHIFT_A (06:00-14:00),2.82
IMO9302751,MSC Feeder 2751,MSC,Feeder,1723,188.0,9.3,B-08,2,2025-09-09T17:23:04.777352+00:00,2025-09-09T20:57:52.777352+00:00,2025-09-10T15:27:52.777352+00:00,14.0,14.1,0,18.6,18.5,0,NONE,SHIFT_B (14:00-22:00),3.58
IMO9302752,X-Press Feeders Feeder 2752,X-Press Feeders,Feeder,1975,175.2,7.6,B-10,2,2024-10-20T16:29:46.288850+00:00,2024-10-20T16:56:46.288850+00:00,2024-10-21T12:32:46.288850+00:00,14.3,16.3,0,20.0,19.6,0,NONE,SHIFT_B (14:00-22:00),0.45
IMO9302753,OOCL Panamax 2753,OOCL,Panamax,3447,224.7,10.4,B-05,3,2024-10-28T03:23:34.245401+00:00,2024-10-28T04:22:58.245401+00:00,2024-10-29T13:10:58.245401+00:00,15.3,18.6,0,28.7,32.8,243,CRANE_OUTAGE,SHIFT_C (22:00-06:00),0.99
IMO9302754,COSCO Panamax 2754,COSCO,Panamax,3171,226.1,11.8,B-05,3,2025-03-23T11:01:28.034212+00:00,2025-03-23T11:27:52.034212+00:00,2025-03-24T19:09:52.034212+00:00,14.7,17.3,0,31.5,31.7,0,NONE,SHIFT_A (06:00-14:00),0.44
IMO9302755,Evergreen Handymax 2755,Evergreen,Handymax,3279,192.5,9.6,B-06,3,2025-04-11T21:13:45.091940+00:00,2025-04-11T23:06:33.091940+00:00,2025-04-12T20:00:33.091940+00:00,17.6,10.2,0,21.1,20.9,0,NONE,SHIFT_C (22:00-06:00),1.88
IMO9302756,MSC Neo-Panamax 2756,MSC,Neo-Panamax,11354,365.8,14.3,B-03,4,2025-09-06T11:03:48.191281+00:00,2025-09-06T12:59:36.191281+00:00,2025-09-08T14:17:36.191281+00:00,17.2,28.6,1,45.9,49.3,203,YARD_CONGESTION,SHIFT_A (06:00-14:00),1.93
IMO9302757,ONE Feeder 2757,ONE,Feeder,1763,163.9,9.0,B-10,2,2026-04-14T10:14:57.737677+00:00,2026-04-14T10:46:45.737677+00:00,2026-04-15T05:52:45.737677+00:00,14.9,19.6,0,19.4,19.1,0,NONE,SHIFT_A (06:00-14:00),0.53
IMO9302758,ONE Feeder 2758,ONE,Feeder,2477,168.0,9.2,B-09,2,2025-04-28T11:19:29.692473+00:00,2025-04-28T14:05:41.692473+00:00,2025-04-29T05:53:41.692473+00:00,14.5,8.6,0,16.8,15.8,0,NONE,SHIFT_B (14:00-22:00),2.77
IMO9302759,ZIM Feeder 2759,ZIM,Feeder,1040,163.6,8.4,B-08,2,2026-04-10T13:04:48.698787+00:00,2026-04-10T15:30:36.698787+00:00,2026-04-11T13:06:36.698787+00:00,14.0,14.6,0,16.7,21.6,297,WEATHER,SHIFT_B (14:00-22:00),2.43
IMO9302760,OOCL Neo-Panamax 2760,OOCL,Neo-Panamax,14576,341.9,13.8,B-03,4,2025-07-08T14:35:29.874696+00:00,2025-07-08T16:21:41.874696+00:00,2025-07-10T19:45:41.874696+00:00,14.9,21.2,0,50.7,51.4,0,NONE,SHIFT_B (14:00-22:00),1.77
IMO9302761,Wan Hai ULCV 2761,Wan Hai,ULCV,19857,393.3,15.0,B-03,4,2025-06-26T00:54:33.344355+00:00,2025-06-26T03:08:21.344355+00:00,2025-06-29T01:02:21.344355+00:00,13.8,23.6,1,70.7,69.9,0,NONE,SHIFT_C (22:00-06:00),2.23
IMO9302762,Evergreen Neo-Panamax 2762,Evergreen,Neo-Panamax,11433,346.9,14.7,B-02,4,2026-01-28T07:57:22.010822+00:00,2026-01-28T09:39:22.010822+00:00,2026-01-30T18:21:22.010822+00:00,15.2,20.9,0,57.0,56.7,0,NONE,SHIFT_A (06:00-14:00),1.7
IMO9302763,PIL ULCV 2763,PIL,ULCV,19183,369.2,16.0,B-01,4,2025-10-27T12:45:28.254203+00:00,2025-10-27T14:46:04.254203+00:00,2025-10-30T09:28:04.254203+00:00,12.8,20.1,0,60.7,66.7,362,WEATHER,SHIFT_B (14:00-22:00),2.01
IMO9302764,Wan Hai Feeder 2764,Wan Hai,Feeder,2036,138.4,8.0,B-10,2,2024-10-22T07:47:23.469464+00:00,2024-10-22T11:15:35.469464+00:00,2024-10-23T04:27:35.469464+00:00,15.2,19.8,0,16.5,17.2,0,NONE,SHIFT_A (06:00-14:00),3.47
IMO9302765,Wan Hai Post-Panamax 2765,Wan Hai,Post-Panamax,8545,336.8,13.5,B-02,4,2025-08-23T04:09:27.168047+00:00,2025-08-23T05:10:03.168047+00:00,2025-08-25T02:52:03.168047+00:00,15.8,13.8,0,46.0,45.7,0,NONE,SHIFT_C (22:00-06:00),1.01
IMO9302766,Maersk Post-Panamax 2766,Maersk,Post-Panamax,10628,348.5,13.6,B-02,4,2024-10-04T02:04:38.516885+00:00,2024-10-04T02:04:38.516885+00:00,2024-10-06T07:46:38.516885+00:00,14.8,24.5,0,51.2,53.7,150,CRANE_OUTAGE,SHIFT_C (22:00-06:00),0.0
IMO9302767,Wan Hai Post-Panamax 2767,Wan Hai,Post-Panamax,8536,325.5,13.4,B-03,4,2025-03-30T00:53:18.699937+00:00,2025-03-30T03:18:30.699937+00:00,2025-04-01T05:54:30.699937+00:00,13.5,19.3,0,51.2,50.6,0,NONE,SHIFT_C (22:00-06:00),2.42
IMO9302768,PIL Panamax 2768,PIL,Panamax,4851,229.7,11.5,B-04,3,2026-01-17T06:30:07.735154+00:00,2026-01-17T06:40:55.735154+00:00,2026-01-18T12:28:55.735154+00:00,15.7,11.6,0,29.8,29.8,0,NONE,SHIFT_A (06:00-14:00),0.18
IMO9302769,Hapag-Lloyd ULCV 2769,Hapag-Lloyd,ULCV,14123,379.7,15.6,B-03,4,2026-04-25T11:06:03.940631+00:00,2026-04-25T12:23:27.940631+00:00,2026-04-28T05:53:27.940631+00:00,15.7,19.0,0,65.6,65.5,0,NONE,SHIFT_A (06:00-14:00),1.29
IMO9302770,Evergreen Post-Panamax 2770,Evergreen,Post-Panamax,9595,335.8,13.9,B-05,3,2024-11-14T01:44:24.728457+00:00,2024-11-14T07:07:48.728457+00:00,2024-11-16T21:19:48.728457+00:00,10.5,30.5,1,51.2,62.2,660,TIDAL_WINDOW_MISSED,SHIFT_A (06:00-14:00),5.39
IMO9302771,PIL Feeder 2771,PIL,Feeder,1947,169.1,7.7,B-09,2,2025-03-26T01:08:04.313169+00:00,2025-03-26T02:35:40.313169+00:00,2025-03-26T22:41:40.313169+00:00,12.8,6.3,0,20.0,20.1,0,NONE,SHIFT_C (22:00-06:00),1.46
IMO9302772,HMM Feeder 2772,HMM,Feeder,1159,135.4,9.0,B-10,2,2026-04-10T18:59:55.016630+00:00,2026-04-10T20:18:31.016630+00:00,2026-04-11T14:48:31.016630+00:00,13.3,15.4,0,14.2,18.5,260,CRANE_OUTAGE,SHIFT_B (14:00-22:00),1.31
IMO9302773,Yang Ming Feeder 2773,Yang Ming,Feeder,2299,171.1,7.6,B-08,2,2024-12-01T09:42:28.941804+00:00,2024-12-01T10:41:52.941804+00:00,2024-12-02T07:29:52.941804+00:00,15.8,10.8,0,20.2,20.8,0,NONE,SHIFT_A (06:00-14:00),0.99
IMO9302774,Yang Ming Neo-Panamax 2774,Yang Ming,Neo-Panamax,10419,342.2,15.0,B-01,4,2026-01-11T09:41:17.526742+00:00,2026-01-11T09:56:53.526742+00:00,2026-01-13T10:02:53.526742+00:00,16.3,9.7,1,48.8,48.1,0,NONE,SHIFT_A (06:00-14:00),0.26
IMO9302775,Maersk Post-Panamax 2775,Maersk,Post-Panamax,10978,315.4,13.4,B-04,3,2026-01-01T22:54:20.900575+00:00,2026-01-02T01:49:32.900575+00:00,2026-01-03T22:07:32.900575+00:00,16.5,15.3,0,45.0,44.3,0,NONE,SHIFT_C (22:00-06:00),2.92
IMO9302776,PIL Post-Panamax 2776,PIL,Post-Panamax,10922,303.0,13.3,B-04,3,2024-12-04T10:27:26.779009+00:00,2024-12-04T10:35:14.779009+00:00,2024-12-06T14:53:14.779009+00:00,13.8,11.5,0,52.6,52.3,0,NONE,SHIFT_A (06:00-14:00),0.13
IMO9302777,Evergreen Post-Panamax 2777,Evergreen,Post-Panamax,9461,310.5,13.7,B-05,3,2025-11-06T01:28:43.434340+00:00,2025-11-06T01:28:43.434340+00:00,2025-11-07T20:04:43.434340+00:00,14.1,18.2,0,38.2,42.6,261,CRANE_OUTAGE,SHIFT_C (22:00-06:00),0.0
IMO9302778,X-Press Feeders Feeder 2778,X-Press Feeders,Feeder,1934,142.1,7.0,B-09,2,2025-12-13T09:59:10.655405+00:00,2025-12-13T12:21:58.655405+00:00,2025-12-14T09:39:58.655405+00:00,15.5,6.6,0,20.4,21.3,52,YARD_CONGESTION,SHIFT_A (06:00-14:00),2.38
IMO9302779,ONE Feeder 2779,ONE,Feeder,2046,172.1,8.0,B-08,2,2025-09-12T05:34:46.490898+00:00,2025-09-12T07:46:10.490898+00:00,2025-09-13T02:34:10.490898+00:00,11.6,18.8,0,18.3,18.8,0,NONE,SHIFT_A (06:00-14:00),2.19
IMO9302780,Yang Ming Feeder 2780,Yang Ming,Feeder,1268,181.5,8.7,B-08,2,2026-08-05T05:56:51.213619+00:00,2026-08-05T08:13:03.213619+00:00,2026-08-06T08:43:03.213619+00:00,16.0,29.7,1,19.8,24.5,280,CRANE_OUTAGE,SHIFT_A (06:00-14:00),2.27
IMO9302781,Hapag-Lloyd Feeder 2781,Hapag-Lloyd,Feeder,1451,161.4,7.9,B-09,2,2026-07-28T02:41:26.156965+00:00,2026-07-28T03:38:26.156965+00:00,2026-07-28T19:44:26.156965+00:00,12.3,11.9,0,14.7,16.1,83,PILOT_UNAVAILABLE,SHIFT_C (22:00-06:00),0.95
IMO9302782,PIL Feeder 2782,PIL,Feeder,2098,134.6,9.1,B-08,2,2025-09-15T04:39:51.704650+00:00,2025-09-15T04:40:27.704650+00:00,2025-09-16T10:22:27.704650+00:00,16.1,15.8,0,19.6,29.7,604,TIDAL_WINDOW_MISSED,SHIFT_C (22:00-06:00),0.01
IMO9302783,MSC Post-Panamax 2783,MSC,Post-Panamax,6550,309.1,13.3,B-03,4,2025-11-20T19:52:22.348934+00:00,2025-11-20T23:02:34.348934+00:00,2025-11-23T02:44:34.348934+00:00,14.6,10.5,0,44.9,51.7,409,WEATHER,SHIFT_C (22:00-06:00),3.17
IMO9302784,X-Press Feeders Feeder 2784,X-Press Feeders,Feeder,1439,183.5,7.3,B-09,2,2026-07-27T22:52:36.741733+00:00,2026-07-27T23:28:00.741733+00:00,2026-07-28T19:16:00.741733+00:00,12.9,3.3,0,20.2,19.8,0,NONE,SHIFT_C (22:00-06:00),0.59
IMO9302785,Yang Ming Panamax 2785,Yang Ming,Panamax,3311,279.4,10.3,B-07,3,2026-01-09T23:20:04.601545+00:00,2026-01-10T03:06:16.601545+00:00,2026-01-11T15:30:16.601545+00:00,11.7,10.7,0,36.8,36.4,0,NONE,SHIFT_C (22:00-06:00),3.77
IMO9302786,Maersk Post-Panamax 2786,Maersk,Post-Panamax,6625,323.0,14.1,B-04,3,2025-03-23T06:38:58.694785+00:00,2025-03-23T06:44:58.694785+00:00,2025-03-25T08:20:58.694785+00:00,13.7,17.7,0,48.4,49.6,73,CRANE_OUTAGE,SHIFT_A (06:00-14:00),0.1
IMO9302787,Maersk ULCV 2787,Maersk,ULCV,15544,394.6,15.4,B-02,4,2025-08-25T00:19:34.340720+00:00,2025-08-25T01:39:22.340720+00:00,2025-08-27T17:39:22.340720+00:00,15.8,9.1,1,64.4,64.0,0,NONE,SHIFT_C (22:00-06:00),1.33
IMO9302788,CMA CGM Handymax 2788,CMA CGM,Handymax,3131,186.8,10.8,B-07,3,2026-02-19T13:55:26.505331+00:00,2026-02-19T14:41:38.505331+00:00,2026-02-20T20:47:38.505331+00:00,14.6,21.1,0,24.3,30.1,349,WEATHER,SHIFT_B (14:00-22:00),0.77
IMO9302789,CMA CGM ULCV 2789,CMA CGM,ULCV,14779,378.1,15.8,B-03,4,2025-07-23T04:31:56.691784+00:00,2025-07-23T07:35:32.691784+00:00,2025-07-26T00:35:32.691784+00:00,14.5,6.8,0,63.6,65.0,85,PILOT_UNAVAILABLE,SHIFT_A (06:00-14:00),3.06
IMO9302790,KMTC Panamax 2790,KMTC,Panamax,4341,231.6,11.9,B-04,3,2025-10-09T19:38:17.149118+00:00,2025-10-09T21:05:17.149118+00:00,2025-10-11T03:41:17.149118+00:00,14.2,9.7,0,29.3,30.6,77,YARD_CONGESTION,SHIFT_B (14:00-22:00),1.45
IMO9302791,ZIM Feeder 2791,ZIM,Feeder,2209,144.3,7.6,B-08,2,2025-12-29T07:05:37.860167+00:00,2025-12-29T09:06:13.860167+00:00,2025-12-30T04:18:13.860167+00:00,13.4,10.2,0,17.5,19.2,103,PILOT_UNAVAILABLE,SHIFT_A (06:00-14:00),2.01
IMO9302792,ZIM Panamax 2792,ZIM,Panamax,3950,240.7,11.5,B-07,3,2025-06-13T00:08:17.637247+00:00,2025-06-13T02:40:05.637247+00:00,2025-06-14T15:40:05.637247+00:00,15.1,12.4,0,36.5,37.0,0,NONE,SHIFT_C (22:00-06:00),2.53
IMO9302793,PIL Panamax 2793,PIL,Panamax,3920,271.6,10.0,B-04,3,2025-09-07T01:45:53.538612+00:00,2025-09-07T02:11:41.538612+00:00,2025-09-08T08:11:41.538612+00:00,11.9,11.0,0,29.8,30.0,0,NONE,SHIFT_C (22:00-06:00),0.43
IMO9302794,Maersk Panamax 2794,Maersk,Panamax,4115,243.3,10.1,B-07,3,2025-05-30T17:50:50.777907+00:00,2025-05-30T19:32:14.777907+00:00,2025-06-01T04:38:14.777907+00:00,16.0,12.0,0,32.5,33.1,0,NONE,SHIFT_B (14:00-22:00),1.69
IMO9302795,Evergreen Panamax 2795,Evergreen,Panamax,4979,227.3,11.2,B-06,3,2026-02-22T06:57:49.957784+00:00,2026-02-22T06:57:49.957784+00:00,2026-02-23T13:03:49.957784+00:00,15.0,16.6,0,30.6,30.1,0,NONE,SHIFT_A (06:00-14:00),0.0
IMO9302796,Maersk Post-Panamax 2796,Maersk,Post-Panamax,9731,310.0,13.0,B-05,3,2025-05-17T05:01:54.994042+00:00,2025-05-17T05:07:18.994042+00:00,2025-05-19T14:37:18.994042+00:00,13.8,15.3,0,57.3,57.5,0,NONE,SHIFT_C (22:00-06:00),0.09
IMO9302797,ONE Panamax 2797,ONE,Panamax,4549,253.5,11.6,B-07,3,2025-12-20T21:42:28.917448+00:00,2025-12-20T23:46:40.917448+00:00,2025-12-22T15:16:40.917448+00:00,14.5,13.1,0,31.2,39.5,497,WEATHER,SHIFT_C (22:00-06:00),2.07
IMO9302798,COSCO Panamax 2798,COSCO,Panamax,3006,230.4,11.1,B-05,3,2025-11-08T05:22:56.080619+00:00,2025-11-08T05:22:56.080619+00:00,2025-11-09T15:58:56.080619+00:00,13.5,17.2,0,32.0,34.6,157,WEATHER,SHIFT_C (22:00-06:00),0.0
IMO9302799,ZIM Post-Panamax 2799,ZIM,Post-Panamax,8523,300.2,12.9,B-03,4,2026-06-26T00:36:13.937888+00:00,2026-06-26T04:03:13.937888+00:00,2026-06-27T20:57:13.937888+00:00,14.7,21.6,0,40.7,40.9,0,NONE,SHIFT_C (22:00-06:00),3.45
IMO9302800,ZIM Panamax 2800,ZIM,Panamax,3888,286.3,11.9,B-04,3,2025-11-14T16:50:28.228184+00:00,2025-11-14T22:13:52.228184+00:00,2025-11-16T06:07:52.228184+00:00,12.5,13.3,0,31.4,31.9,0,NONE,SHIFT_C (22:00-06:00),5.39
IMO9302801,Yang Ming Panamax 2801,Yang Ming,Panamax,4096,243.7,11.0,B-05,3,2025-07-06T10:06:51.038326+00:00,2025-07-06T12:59:39.038326+00:00,2025-07-07T22:11:39.038326+00:00,13.0,21.0,0,32.4,33.2,0,NONE,SHIFT_A (06:00-14:00),2.88
IMO9302802,PIL Feeder 2802,PIL,Feeder,1613,138.1,8.7,B-08,2,2025-09-07T15:53:38.543726+00:00,2025-09-07T18:38:02.543726+00:00,2025-09-08T22:56:02.543726+00:00,13.9,16.0,0,19.7,28.3,518,WEATHER,SHIFT_B (14:00-22:00),2.74
IMO9302803,Yang Ming Panamax 2803,Yang Ming,Panamax,3380,240.3,11.7,B-04,3,2026-03-19T11:01:24.289693+00:00,2026-03-19T13:19:24.289693+00:00,2026-03-20T21:01:24.289693+00:00,12.6,20.1,0,29.0,31.7,163,CRANE_OUTAGE,SHIFT_A (06:00-14:00),2.3
IMO9302804,SITC Post-Panamax 2804,SITC,Post-Panamax,6826,342.8,12.6,B-05,3,2024-10-10T23:08:26.925337+00:00,2024-10-11T00:30:02.925337+00:00,2024-10-13T05:24:02.925337+00:00,15.9,14.4,0,48.1,52.9,289,WEATHER,SHIFT_C (22:00-06:00),1.36
IMO9302805,Wan Hai ULCV 2805,Wan Hai,ULCV,17817,385.5,16.4,B-03,4,2025-12-15T05:08:12.082104+00:00,2025-12-15T06:44:12.082104+00:00,2025-12-18T09:56:12.082104+00:00,14.1,9.1,0,71.0,75.2,250,YARD_CONGESTION,SHIFT_A (06:00-14:00),1.6
IMO9302806,COSCO Panamax 2806,COSCO,Panamax,3082,284.6,11.0,B-06,3,2025-02-12T03:07:23.004488+00:00,2025-02-12T05:26:35.004488+00:00,2025-02-13T13:44:35.004488+00:00,10.8,19.7,0,32.1,32.3,0,NONE,SHIFT_C (22:00-06:00),2.32
IMO9302807,MSC Neo-Panamax 2807,MSC,Neo-Panamax,11323,352.3,14.9,B-01,4,2024-12-11T04:26:16.948246+00:00,2024-12-11T04:26:16.948246+00:00,2024-12-13T17:14:16.948246+00:00,14.4,14.4,0,59.6,60.8,70,PILOT_UNAVAILABLE,SHIFT_C (22:00-06:00),0.0
IMO9302808,SITC Handymax 2808,SITC,Handymax,2631,187.2,9.5,B-06,3,2026-06-24T18:25:08.458844+00:00,2026-06-24T20:07:44.458844+00:00,2026-06-25T18:07:44.458844+00:00,15.7,10.5,0,21.7,22.0,0,NONE,SHIFT_B (14:00-22:00),1.71
IMO9302809,COSCO Panamax 2809,COSCO,Panamax,4954,285.9,10.8,B-05,3,2025-08-19T00:30:37.979163+00:00,2025-08-19T06:13:13.979163+00:00,2025-08-20T20:43:13.979163+00:00,16.4,23.7,0,30.5,38.5,478,WEATHER,SHIFT_A (06:00-14:00),5.71
IMO9302810,PIL Panamax 2810,PIL,Panamax,3262,283.8,10.3,B-07,3,2026-08-30T14:18:01.989043+00:00,2026-08-30T15:52:49.989043+00:00,2026-09-01T08:52:49.989043+00:00,16.7,15.8,0,35.2,41.0,346,CRANE_OUTAGE,SHIFT_B (14:00-22:00),1.58
IMO9302811,PIL Post-Panamax 2811,PIL,Post-Panamax,7005,309.7,13.9,B-03,4,2026-04-16T20:19:14.189347+00:00,2026-04-16T22:54:02.189347+00:00,2026-04-18T18:12:02.189347+00:00,13.8,15.8,0,43.4,43.3,0,NONE,SHIFT_C (22:00-06:00),2.58
IMO9302812,HMM Feeder 2812,HMM,Feeder,995,145.3,8.8,B-09,2,2025-03-27T17:58:18.802755+00:00,2025-03-27T20:06:42.802755+00:00,2025-03-28T15:42:42.802755+00:00,17.2,1.1,0,19.8,19.6,0,NONE,SHIFT_B (14:00-22:00),2.14
IMO9302813,Hapag-Lloyd Panamax 2813,Hapag-Lloyd,Panamax,3503,236.7,11.7,B-04,3,2025-04-13T09:43:00.797006+00:00,2025-04-13T10:06:24.797006+00:00,2025-04-14T22:00:24.797006+00:00,17.4,14.1,0,36.0,35.9,0,NONE,SHIFT_A (06:00-14:00),0.39
IMO9302814,Wan Hai Feeder 2814,Wan Hai,Feeder,1728,174.9,7.8,B-08,2,2025-04-01T20:27:55.271870+00:00,2025-04-01T21:57:19.271870+00:00,2025-04-02T21:39:19.271870+00:00,12.7,10.4,0,17.1,23.7,396,WEATHER,SHIFT_B (14:00-22:00),1.49
IMO9302815,PIL Feeder 2815,PIL,Feeder,2021,136.9,9.1,B-09,2,2025-05-09T23:26:57.424760+00:00,2025-05-10T01:50:21.424760+00:00,2025-05-10T23:38:21.424760+00:00,12.8,23.1,0,17.7,21.8,247,CRANE_OUTAGE,SHIFT_C (22:00-06:00),2.39
IMO9302816,SITC Panamax 2816,SITC,Panamax,3996,278.5,11.4,B-07,3,2024-12-02T14:11:47.051959+00:00,2024-12-02T15:57:23.051959+00:00,2024-12-03T22:45:23.051959+00:00,15.3,26.9,0,29.4,30.8,81,PILOT_UNAVAILABLE,SHIFT_B (14:00-22:00),1.76
IMO9302817,MSC Handymax 2817,MSC,Handymax,3014,211.8,10.2,B-09,2,2026-06-23T13:47:52.784460+00:00,2026-06-23T15:01:40.784460+00:00,2026-06-24T13:49:40.784460+00:00,17.0,1.1,0,21.9,22.8,55,YARD_CONGESTION,SHIFT_B (14:00-22:00),1.23
IMO9302818,Evergreen Handymax 2818,Evergreen,Handymax,2120,194.0,10.9,B-06,3,2026-02-18T23:55:51.708323+00:00,2026-02-19T00:30:39.708323+00:00,2026-02-20T08:24:39.708323+00:00,16.7,9.1,0,26.4,31.9,328,WEATHER,SHIFT_C (22:00-06:00),0.58
IMO9302819,OOCL Handymax 2819,OOCL,Handymax,2226,211.1,8.5,B-07,3,2024-12-23T01:17:38.417738+00:00,2024-12-23T01:17:38.417738+00:00,2024-12-24T07:23:38.417738+00:00,13.2,19.3,0,26.3,30.1,226,CRANE_OUTAGE,SHIFT_C (22:00-06:00),0.0
IMO9302820,ZIM Feeder 2820,ZIM,Feeder,1122,140.7,8.7,B-10,2,2025-04-17T15:20:08.827862+00:00,2025-04-17T18:16:32.827862+00:00,2025-04-18T10:34:32.827862+00:00,14.0,27.2,0,17.1,16.3,0,NONE,SHIFT_B (14:00-22:00),2.94
IMO9302821,KMTC Neo-Panamax 2821,KMTC,Neo-Panamax,11375,352.0,13.8,B-02,4,2026-08-24T06:07:30.160384+00:00,2026-08-24T07:27:54.160384+00:00,2026-08-25T22:33:54.160384+00:00,12.9,29.7,1,40.0,39.1,0,NONE,SHIFT_A (06:00-14:00),1.34
IMO9302822,KMTC Panamax 2822,KMTC,Panamax,4374,239.1,11.0,B-07,3,2026-08-10T04:49:22.518986+00:00,2026-08-10T07:57:46.518986+00:00,2026-08-11T06:57:46.518986+00:00,16.4,10.9,0,22.2,23.0,0,NONE,SHIFT_A (06:00-14:00),3.14
IMO9302823,ONE Feeder 2823,ONE,Feeder,2220,156.2,7.1,B-08,2,2026-01-30T17:55:11.977062+00:00,2026-01-30T19:40:11.977062+00:00,2026-01-31T15:16:11.977062+00:00,12.9,18.7,0,20.5,19.6,0,NONE,SHIFT_B (14:00-22:00),1.75
IMO9302824,OOCL Panamax 2824,OOCL,Panamax,3633,235.9,11.7,B-04,3,2025-02-08T09:41:14.789184+00:00,2025-02-08T12:59:50.789184+00:00,2025-02-10T01:29:50.789184+00:00,13.1,19.9,0,34.5,36.5,118,PILOT_UNAVAILABLE,SHIFT_A (06:00-14:00),3.31
IMO9302825,Wan Hai Post-Panamax 2825,Wan Hai,Post-Panamax,8775,311.7,13.8,B-02,4,2025-06-23T21:43:27.672496+00:00,2025-06-23T22:17:39.672496+00:00,2025-06-25T17:11:39.672496+00:00,12.2,13.5,0,43.6,42.9,0,NONE,SHIFT_C (22:00-06:00),0.57
IMO9302826,KMTC ULCV 2826,KMTC,ULCV,14197,397.1,15.4,B-02,4,2025-08-15T13:33:30.279501+00:00,2025-08-15T14:40:42.279501+00:00,2025-08-18T04:04:42.279501+00:00,10.1,5.4,0,62.1,61.4,0,NONE,SHIFT_B (14:00-22:00),1.12
IMO9302827,SITC Feeder 2827,SITC,Feeder,2138,181.4,8.9,B-10,2,2025-12-15T06:48:12.739179+00:00,2025-12-15T06:57:12.739179+00:00,2025-12-16T03:09:12.739179+00:00,17.2,7.4,0,19.4,20.2,0,NONE,SHIFT_A (06:00-14:00),0.15
IMO9302828,PIL Handymax 2828,PIL,Handymax,2320,219.3,8.5,B-08,2,2026-08-23T04:42:03.694552+00:00,2026-08-23T07:00:03.694552+00:00,2026-08-24T06:24:03.694552+00:00,11.3,13.2,0,24.2,23.4,0,NONE,SHIFT_A (06:00-14:00),2.3
IMO9302829,KMTC Feeder 2829,KMTC,Feeder,1451,169.3,9.3,B-10,2,2025-12-06T10:27:52.619627+00:00,2025-12-06T12:27:16.619627+00:00,2025-12-07T09:21:16.619627+00:00,16.0,11.5,0,20.7,20.9,0,NONE,SHIFT_A (06:00-14:00),1.99
IMO9302830,CMA CGM Feeder 2830,CMA CGM,Feeder,2002,159.0,8.9,B-09,2,2025-05-06T06:47:58.652987+00:00,2025-05-06T08:48:34.652987+00:00,2025-05-07T05:06:34.652987+00:00,15.3,12.5,0,17.4,20.3,173,YARD_CONGESTION,SHIFT_A (06:00-14:00),2.01
IMO9302831,ONE Panamax 2831,ONE,Panamax,4860,224.7,12.0,B-05,3,2026-03-09T23:47:17.278068+00:00,2026-03-10T02:38:53.278068+00:00,2026-03-11T07:20:53.278068+00:00,12.1,12.0,0,28.8,28.7,0,NONE,SHIFT_C (22:00-06:00),2.86
IMO9302832,COSCO Post-Panamax 2832,COSCO,Post-Panamax,7230,309.9,13.0,B-04,3,2026-03-02T17:08:54.997087+00:00,2026-03-02T17:28:42.997087+00:00,2026-03-05T06:46:42.997087+00:00,12.7,12.8,0,56.1,61.3,310,WEATHER,SHIFT_B (14:00-22:00),0.33
IMO9302833,Yang Ming Post-Panamax 2833,Yang Ming,Post-Panamax,8643,307.6,12.8,B-04,3,2026-08-21T00:45:18.426984+00:00,2026-08-21T04:33:54.426984+00:00,2026-08-23T07:45:54.426984+00:00,11.5,35.9,1,51.1,51.2,0,NONE,SHIFT_C (22:00-06:00),3.8099999999999996
IMO9302834,MSC Panamax 2834,MSC,Panamax,4028,274.2,11.1,B-05,3,2025-10-31T06:02:17.840132+00:00,2025-10-31T09:48:29.840132+00:00,2025-11-02T00:30:29.840132+00:00,13.6,22.1,0,36.9,38.7,106,YARD_CONGESTION,SHIFT_A (06:00-14:00),3.77
IMO9302835,X-Press Feeders Post-Panamax 2835,X-Press Feeders,Post-Panamax,8545,325.8,13.5,B-01,4,2025-04-12T12:14:51.444666+00:00,2025-04-12T13:10:39.444666+00:00,2025-04-14T14:16:39.444666+00:00,14.5,15.5,0,48.6,49.1,0,NONE,SHIFT_A (06:00-14:00),0.93
IMO9302836,MSC Neo-Panamax 2836,MSC,Neo-Panamax,11577,354.2,14.0,B-01,4,2026-02-26T20:06:31.559216+00:00,2026-02-26T20:23:19.559216+00:00,2026-03-01T04:05:19.559216+00:00,14.2,23.7,0,53.2,55.7,147,WEATHER,SHIFT_B (14:00-22:00),0.28
IMO9302837,MSC Post-Panamax 2837,MSC,Post-Panamax,8313,317.0,14.5,B-03,4,2024-10-29T11:31:16.621181+00:00,2024-10-29T11:31:16.621181+00:00,2024-10-31T12:37:16.621181+00:00,14.1,13.9,0,48.4,49.1,0,NONE,SHIFT_A (06:00-14:00),0.0
IMO9302838,CMA CGM Post-Panamax 2838,CMA CGM,Post-Panamax,8985,304.9,13.9,B-04,3,2026-09-02T07:47:29.873789+00:00,2026-09-02T07:52:53.873789+00:00,2026-09-04T06:22:53.873789+00:00,13.8,7.5,0,44.5,46.5,119,PILOT_UNAVAILABLE,SHIFT_A (06:00-14:00),0.09
IMO9302839,SITC Neo-Panamax 2839,SITC,Neo-Panamax,11181,361.6,15.1,B-03,4,2026-06-27T14:51:00.163106+00:00,2026-06-27T15:37:12.163106+00:00,2026-06-29T23:25:12.163106+00:00,11.7,12.2,0,55.3,55.8,0,NONE,SHIFT_B (14:00-22:00),0.77
IMO9302840,HMM Handymax 2840,HMM,Handymax,2657,203.4,10.2,B-06,3,2025-01-16T14:19:46.159902+00:00,2025-01-16T17:22:10.159902+00:00,2025-01-17T15:16:10.159902+00:00,15.2,13.0,0,22.8,21.9,0,NONE,SHIFT_B (14:00-22:00),3.04
IMO9302841,KMTC Neo-Panamax 2841,KMTC,Neo-Panamax,12899,349.6,15.4,B-02,4,2025-04-21T10:16:18.923896+00:00,2025-04-21T12:50:30.923896+00:00,2025-04-23T19:50:30.923896+00:00,12.3,13.1,0,56.0,55.0,0,NONE,SHIFT_A (06:00-14:00),2.57
IMO9302842,PIL ULCV 2842,PIL,ULCV,22213,394.9,15.1,B-03,4,2025-05-20T05:22:00.133031+00:00,2025-05-20T06:07:00.133031+00:00,2025-05-23T00:55:00.133031+00:00,13.2,13.2,0,67.5,66.8,0,NONE,SHIFT_A (06:00-14:00),0.75
IMO9302843,Wan Hai Post-Panamax 2843,Wan Hai,Post-Panamax,7541,309.5,14.3,B-02,4,2026-09-01T15:47:31.010645+00:00,2026-09-01T20:49:19.010645+00:00,2026-09-04T00:31:19.010645+00:00,14.4,26.0,0,52.2,51.7,0,NONE,SHIFT_B (14:00-22:00),5.03
IMO9302844,KMTC Neo-Panamax 2844,KMTC,Neo-Panamax,14657,342.6,13.9,B-02,4,2025-02-08T23:23:54.612160+00:00,2025-02-09T00:37:42.612160+00:00,2025-02-11T06:49:42.612160+00:00,13.6,28.2,1,55.0,54.2,0,NONE,SHIFT_C (22:00-06:00),1.23
IMO9302845,Wan Hai Post-Panamax 2845,Wan Hai,Post-Panamax,8510,342.8,12.9,B-03,4,2024-12-20T18:37:36.615366+00:00,2024-12-20T20:55:36.615366+00:00,2024-12-22T21:07:36.615366+00:00,14.8,10.7,0,48.0,48.2,0,NONE,SHIFT_B (14:00-22:00),2.3
IMO9302846,PIL Panamax 2846,PIL,Panamax,3511,259.5,11.9,B-05,3,2026-09-07T06:17:50.309863+00:00,2026-09-07T07:16:02.309863+00:00,2026-09-08T18:58:02.309863+00:00,12.8,17.6,0,35.5,35.7,0,NONE,SHIFT_A (06:00-14:00),0.97
IMO9302847,Hapag-Lloyd Panamax 2847,Hapag-Lloyd,Panamax,3668,286.6,10.9,B-05,3,2026-03-29T12:11:28.731861+00:00,2026-03-29T12:48:04.731861+00:00,2026-03-30T16:06:04.731861+00:00,14.3,8.5,0,27.9,27.3,0,NONE,SHIFT_A (06:00-14:00),0.61
IMO9302848,PIL Post-Panamax 2848,PIL,Post-Panamax,10352,348.3,13.8,B-05,3,2025-02-04T08:03:32.656366+00:00,2025-02-04T12:14:56.656366+00:00,2025-02-06T21:14:56.656366+00:00,18.3,21.7,0,48.5,57.0,510,WEATHER,SHIFT_A (06:00-14:00),4.19
IMO9302849,Hapag-Lloyd Neo-Panamax 2849,Hapag-Lloyd,Neo-Panamax,13722,363.2,13.5,B-02,4,2026-07-22T03:26:57.870299+00:00,2026-07-22T05:16:45.870299+00:00,2026-07-24T01:22:45.870299+00:00,14.2,16.5,0,44.4,44.1,0,NONE,SHIFT_C (22:00-06:00),1.83
IMO9302850,ZIM Post-Panamax 2850,ZIM,Post-Panamax,9488,313.4,12.9,B-02,4,2026-03-02T11:15:18.659553+00:00,2026-03-02T16:50:06.659553+00:00,2026-03-04T14:50:06.659553+00:00,12.7,37.8,1,43.4,46.0,155,CRANE_OUTAGE,SHIFT_B (14:00-22:00),5.58
IMO9302851,COSCO ULCV 2851,COSCO,ULCV,20995,394.1,15.4,B-02,4,2025-01-09T18:06:40.390472+00:00,2025-01-09T18:09:40.390472+00:00,2025-01-12T09:09:40.390472+00:00,11.6,13.7,0,63.8,63.0,0,NONE,SHIFT_B (14:00-22:00),0.05
IMO9302852,COSCO Feeder 2852,COSCO,Feeder,1404,134.8,9.2,B-08,2,2025-08-17T12:27:48.546324+00:00,2025-08-17T12:52:24.546324+00:00,2025-08-18T09:34:24.546324+00:00,14.5,15.4,0,21.0,20.7,0,NONE,SHIFT_A (06:00-14:00),0.41
IMO9302853,SITC Post-Panamax 2853,SITC,Post-Panamax,9332,323.4,13.5,B-02,4,2026-05-05T15:16:43.050924+00:00,2026-05-05T18:13:43.050924+00:00,2026-05-07T15:49:43.050924+00:00,12.8,7.7,0,43.8,45.6,111,YARD_CONGESTION,SHIFT_B (14:00-22:00),2.95
IMO9302854,Hapag-Lloyd Feeder 2854,Hapag-Lloyd,Feeder,1776,151.6,8.9,B-09,2,2025-03-13T04:40:13.631753+00:00,2025-03-13T06:37:49.631753+00:00,2025-03-14T02:49:49.631753+00:00,14.5,14.4,0,20.9,20.2,0,NONE,SHIFT_A (06:00-14:00),1.96
IMO9302855,PIL Feeder 2855,PIL,Feeder,1377,141.2,7.2,B-10,2,2026-02-07T20:22:05.447380+00:00,2026-02-07T23:10:05.447380+00:00,2026-02-08T15:10:05.447380+00:00,14.5,12.8,0,15.6,16.0,0,NONE,SHIFT_C (22:00-06:00),2.8
IMO9302856,ZIM Panamax 2856,ZIM,Panamax,4168,232.3,11.6,B-07,3,2026-01-22T20:46:51.003821+00:00,2026-01-22T22:28:15.003821+00:00,2026-01-24T01:46:15.003821+00:00,13.6,19.3,0,27.6,27.3,0,NONE,SHIFT_C (22:00-06:00),1.69
IMO9302857,ZIM Panamax 2857,ZIM,Panamax,4570,251.3,10.9,B-05,3,2025-05-15T03:30:08.165600+00:00,2025-05-15T06:06:44.165600+00:00,2025-05-16T14:54:44.165600+00:00,16.0,7.4,0,30.7,32.8,126,PILOT_UNAVAILABLE,SHIFT_A (06:00-14:00),2.61
IMO9302858,CMA CGM Handymax 2858,CMA CGM,Handymax,3441,214.1,10.3,B-09,2,2025-07-19T04:49:10.070026+00:00,2025-07-19T06:01:46.070026+00:00,2025-07-20T03:13:46.070026+00:00,14.5,11.1,0,21.0,21.2,0,NONE,SHIFT_A (06:00-14:00),1.21
IMO9302859,KMTC Feeder 2859,KMTC,Feeder,960,142.9,8.0,B-08,2,2024-12-31T09:55:04.028862+00:00,2024-12-31T10:35:16.028862+00:00,2025-01-01T03:59:16.028862+00:00,17.0,21.7,0,16.6,17.4,0,NONE,SHIFT_A (06:00-14:00),0.67
IMO9302860,Wan Hai Feeder 2860,Wan Hai,Feeder,2095,174.9,7.4,B-09,2,2024-10-26T13:48:38.240249+00:00,2024-10-26T17:03:38.240249+00:00,2024-10-27T09:51:38.240249+00:00,13.0,4.7,0,16.8,16.8,0,NONE,SHIFT_B (14:00-22:00),3.25
IMO9302861,ONE Feeder 2861,ONE,Feeder,1576,160.3,9.0,B-09,2,2026-02-20T01:05:51.817194+00:00,2026-02-20T05:13:03.817194+00:00,2026-02-21T04:07:03.817194+00:00,13.4,25.2,0,17.2,22.9,343,CRANE_OUTAGE,SHIFT_C (22:00-06:00),4.12
IMO9302862,Hapag-Lloyd Panamax 2862,Hapag-Lloyd,Panamax,3083,276.7,11.6,B-04,3,2025-08-18T08:33:22.935162+00:00,2025-08-18T08:33:22.935162+00:00,2025-08-19T19:09:22.935162+00:00,14.9,18.3,0,32.1,34.6,151,CRANE_OUTAGE,SHIFT_A (06:00-14:00),0.0
IMO9302863,KMTC Panamax 2863,KMTC,Panamax,4618,266.7,11.2,B-05,3,2026-01-31T03:10:10.968204+00:00,2026-01-31T04:10:46.968204+00:00,2026-02-01T13:22:46.968204+00:00,15.9,12.1,0,31.9,33.2,81,CRANE_OUTAGE,SHIFT_C (22:00-06:00),1.01
IMO9302864,X-Press Feeders Panamax 2864,X-Press Feeders,Panamax,3057,251.2,11.3,B-04,3,2026-09-17T01:21:43.886933+00:00,2026-09-17T03:39:07.886933+00:00,2026-09-18T09:27:07.886933+00:00,16.5,10.5,0,30.5,29.8,0,NONE,SHIFT_C (22:00-06:00),2.29
IMO9302865,Evergreen Feeder 2865,Evergreen,Feeder,2112,159.0,8.7,B-09,2,2024-12-26T11:46:24.182164+00:00,2024-12-26T13:05:00.182164+00:00,2024-12-27T06:11:00.182164+00:00,12.1,13.1,0,16.6,17.1,0,NONE,SHIFT_A (06:00-14:00),1.31
IMO9302866,MSC Feeder 2866,MSC,Feeder,1735,187.0,7.9,B-08,2,2025-07-23T07:44:48.560326+00:00,2025-07-23T12:06:24.560326+00:00,2025-07-24T08:24:24.560326+00:00,13.9,8.0,0,19.7,20.3,0,NONE,SHIFT_A (06:00-14:00),4.36
IMO9302867,Yang Ming Feeder 2867,Yang Ming,Feeder,1748,149.7,9.4,B-09,2,2025-05-20T03:37:21.625714+00:00,2025-05-20T04:43:21.625714+00:00,2025-05-21T02:49:21.625714+00:00,12.6,9.4,0,21.7,22.1,0,NONE,SHIFT_C (22:00-06:00),1.1
IMO9302868,OOCL Post-Panamax 2868,OOCL,Post-Panamax,7070,316.1,12.9,B-01,4,2026-02-14T15:38:36.374984+00:00,2026-02-14T15:56:36.374984+00:00,2026-02-16T15:50:36.374984+00:00,13.8,18.3,0,47.3,47.9,0,NONE,SHIFT_B (14:00-22:00),0.3
IMO9302869,Evergreen Feeder 2869,Evergreen,Feeder,2414,182.0,7.1,B-09,2,2026-07-18T18:45:00.074807+00:00,2026-07-18T19:30:36.074807+00:00,2026-07-19T18:24:36.074807+00:00,12.5,4.0,0,22.6,22.9,0,NONE,SHIFT_B (14:00-22:00),0.76
IMO9302870,OOCL Panamax 2870,OOCL,Panamax,3620,278.3,10.5,B-04,3,2025-10-22T14:22:11.007713+00:00,2025-10-22T14:22:11.007713+00:00,2025-10-24T03:22:11.007713+00:00,16.0,20.9,0,37.2,37.0,0,NONE,SHIFT_B (14:00-22:00),0.0
IMO9302871,Yang Ming Post-Panamax 2871,Yang Ming,Post-Panamax,8286,339.1,14.0,B-02,4,2026-01-10T14:32:51.549705+00:00,2026-01-10T17:16:39.549705+00:00,2026-01-12T12:52:39.549705+00:00,18.4,24.0,0,40.1,43.6,211,YARD_CONGESTION,SHIFT_B (14:00-22:00),2.73
IMO9302872,X-Press Feeders Panamax 2872,X-Press Feeders,Panamax,3043,254.3,10.6,B-07,3,2024-10-20T13:35:12.057026+00:00,2024-10-20T14:03:24.057026+00:00,2024-10-21T17:09:24.057026+00:00,14.4,21.1,0,26.9,27.1,0,NONE,SHIFT_B (14:00-22:00),0.47
IMO9302873,ZIM Post-Panamax 2873,ZIM,Post-Panamax,8695,340.6,14.2,B-04,3,2025-03-28T03:48:52.054216+00:00,2025-03-28T06:23:40.054216+00:00,2025-03-30T10:11:40.054216+00:00,14.3,19.1,0,51.7,51.8,0,NONE,SHIFT_A (06:00-14:00),2.58
IMO9302874,Yang Ming Post-Panamax 2874,Yang Ming,Post-Panamax,7942,305.4,13.6,B-04,3,2026-01-21T01:15:44.675403+00:00,2026-01-21T03:57:08.675403+00:00,2026-01-23T14:21:08.675403+00:00,14.4,19.5,0,52.4,58.4,358,CRANE_OUTAGE,SHIFT_C (22:00-06:00),2.69
IMO9302875,Wan Hai Handymax 2875,Wan Hai,Handymax,2445,195.7,11.0,B-06,3,2026-08-04T19:33:57.624448+00:00,2026-08-04T20:15:21.624448+00:00,2026-08-06T01:33:21.624448+00:00,15.6,19.9,0,30.2,29.3,0,NONE,SHIFT_B (14:00-22:00),0.69
IMO9302876,SITC Handymax 2876,SITC,Handymax,3458,200.4,10.7,B-06,3,2024-12-30T10:18:57.210032+00:00,2024-12-30T13:13:33.210032+00:00,2024-12-31T17:19:33.210032+00:00,13.7,23.7,0,24.0,28.1,246,CRANE_OUTAGE,SHIFT_A (06:00-14:00),2.91
IMO9302877,ONE Post-Panamax 2877,ONE,Post-Panamax,10402,343.7,13.9,B-02,4,2025-07-10T08:26:02.208612+00:00,2025-07-10T09:26:02.208612+00:00,2025-07-12T13:44:02.208612+00:00,15.3,27.5,0,52.3,52.3,0,NONE,SHIFT_A (06:00-14:00),1.0
IMO9302878,SITC Panamax 2878,SITC,Panamax,4370,252.3,11.4,B-06,3,2026-02-15T15:04:45.001840+00:00,2026-02-15T15:17:21.001840+00:00,2026-02-16T21:41:21.001840+00:00,14.4,17.1,0,31.1,30.4,0,NONE,SHIFT_B (14:00-22:00),0.21
IMO9302879,X-Press Feeders Panamax 2879,X-Press Feeders,Panamax,3393,262.6,11.2,B-06,3,2026-02-19T18:30:26.740714+00:00,2026-02-19T18:30:26.740714+00:00,2026-02-21T07:00:26.740714+00:00,13.0,28.9,1,37.1,36.5,0,NONE,SHIFT_B (14:00-22:00),0.0
IMO9302880,COSCO Post-Panamax 2880,COSCO,Post-Panamax,10672,310.6,12.8,B-05,3,2026-04-30T20:30:24.024404+00:00,2026-04-30T22:44:12.024404+00:00,2026-05-02T22:56:12.024404+00:00,13.6,22.8,0,47.8,48.2,0,NONE,SHIFT_C (22:00-06:00),2.23
IMO9302881,ZIM Neo-Panamax 2881,ZIM,Neo-Panamax,10684,342.0,14.5,B-03,4,2026-06-12T18:09:59.244576+00:00,2026-06-12T19:48:23.244576+00:00,2026-06-14T21:36:23.244576+00:00,14.1,10.6,0,49.7,49.8,0,NONE,SHIFT_B (14:00-22:00),1.64
IMO9302882,CMA CGM Post-Panamax 2882,CMA CGM,Post-Panamax,9486,323.6,13.8,B-03,4,2025-08-12T17:16:21.103937+00:00,2025-08-12T17:16:21.103937+00:00,2025-08-14T23:28:21.103937+00:00,14.8,8.0,0,50.7,54.2,210,YARD_CONGESTION,SHIFT_B (14:00-22:00),0.0
IMO9302883,Maersk Panamax 2883,Maersk,Panamax,3798,280.9,11.8,B-04,3,2025-03-03T05:07:27.703260+00:00,2025-03-03T06:44:03.703260+00:00,2025-03-04T13:02:03.703260+00:00,15.3,21.7,0,30.9,30.3,0,NONE,SHIFT_A (06:00-14:00),1.61
IMO9302884,SITC ULCV 2884,SITC,ULCV,20136,383.9,15.5,B-03,4,2024-12-14T02:42:59.040616+00:00,2024-12-14T02:44:11.040616+00:00,2024-12-16T18:44:11.040616+00:00,13.6,12.3,0,59.7,64.0,255,YARD_CONGESTION,SHIFT_C (22:00-06:00),0.02
IMO9302885,ZIM Panamax 2885,ZIM,Panamax,4689,279.5,11.0,B-06,3,2025-05-19T21:08:52.019054+00:00,2025-05-19T22:31:40.019054+00:00,2025-05-21T05:37:40.019054+00:00,16.3,7.9,0,30.4,31.1,0,NONE,SHIFT_C (22:00-06:00),1.38
IMO9302886,PIL ULCV 2886,PIL,ULCV,22951,390.7,14.6,B-01,4,2024-11-14T17:11:39.934709+00:00,2024-11-14T19:01:27.934709+00:00,2024-11-17T23:37:27.934709+00:00,12.9,14.8,0,77.6,76.6,0,NONE,SHIFT_B (14:00-22:00),1.83
IMO9302887,COSCO Post-Panamax 2887,COSCO,Post-Panamax,6586,332.5,13.1,B-01,4,2026-09-17T02:20:16.128441+00:00,2026-09-17T06:01:04.128441+00:00,2026-09-19T02:55:04.128441+00:00,13.2,19.1,0,41.2,44.9,223,WEATHER,SHIFT_A (06:00-14:00),3.68
IMO9302888,KMTC Handymax 2888,KMTC,Handymax,3088,183.2,9.0,B-09,2,2025-12-20T23:35:44.805687+00:00,2025-12-21T01:38:08.805687+00:00,2025-12-22T02:32:08.805687+00:00,14.8,23.3,0,21.8,24.9,184,CRANE_OUTAGE,SHIFT_C (22:00-06:00),2.04
IMO9302889,Yang Ming ULCV 2889,Yang Ming,ULCV,18530,376.2,15.4,B-03,4,2025-08-01T03:14:55.686114+00:00,2025-08-01T05:50:55.686114+00:00,2025-08-04T08:50:55.686114+00:00,14.3,14.8,0,70.6,75.0,265,YARD_CONGESTION,SHIFT_C (22:00-06:00),2.6
IMO9302890,Evergreen Neo-Panamax 2890,Evergreen,Neo-Panamax,10608,353.1,14.7,B-02,4,2026-09-17T19:25:50.864741+00:00,2026-09-17T22:44:26.864741+00:00,2026-09-20T01:14:26.864741+00:00,12.1,9.5,0,49.7,50.5,0,NONE,SHIFT_C (22:00-06:00),3.31
IMO9302891,Evergreen Feeder 2891,Evergreen,Feeder,1454,136.9,7.7,B-10,2,2026-09-15T08:57:21.471233+00:00,2026-09-15T08:57:21.471233+00:00,2026-09-15T21:51:21.471233+00:00,15.0,3.5,0,13.6,12.9,0,NONE,SHIFT_A (06:00-14:00),0.0
IMO9302892,PIL Feeder 2892,PIL,Feeder,1283,187.0,8.2,B-09,2,2025-12-20T11:08:19.974322+00:00,2025-12-20T13:24:31.974322+00:00,2025-12-21T02:42:31.974322+00:00,14.5,16.7,0,13.2,13.3,0,NONE,SHIFT_A (06:00-14:00),2.27
IMO9302893,ZIM Feeder 2893,ZIM,Feeder,1596,159.1,8.8,B-09,2,2025-12-29T16:21:01.499324+00:00,2025-12-29T16:52:49.499324+00:00,2025-12-30T07:28:49.499324+00:00,12.8,15.8,0,14.5,14.6,0,NONE,SHIFT_B (14:00-22:00),0.53
IMO9302894,PIL Post-Panamax 2894,PIL,Post-Panamax,10884,322.6,13.0,B-03,4,2024-10-28T01:05:47.118387+00:00,2024-10-28T02:39:23.118387+00:00,2024-10-29T19:57:23.118387+00:00,15.1,10.5,0,40.6,41.3,0,NONE,SHIFT_C (22:00-06:00),1.56
IMO9302895,Wan Hai Feeder 2895,Wan Hai,Feeder,1777,140.9,8.2,B-09,2,2025-10-05T09:30:27.015332+00:00,2025-10-05T11:11:15.015332+00:00,2025-10-06T05:41:15.015332+00:00,17.1,5.8,0,18.8,18.5,0,NONE,SHIFT_A (06:00-14:00),1.68
IMO9302896,CMA CGM Neo-Panamax 2896,CMA CGM,Neo-Panamax,10666,360.4,15.3,B-03,4,2025-03-23T06:34:25.246899+00:00,2025-03-23T09:26:01.246899+00:00,2025-03-25T21:20:01.246899+00:00,12.8,23.4,0,57.0,59.9,173,CRANE_OUTAGE,SHIFT_A (06:00-14:00),2.86
IMO9302897,Evergreen Feeder 2897,Evergreen,Feeder,2395,178.8,7.1,B-08,2,2024-11-26T13:51:42.518673+00:00,2024-11-26T15:22:54.518673+00:00,2024-11-27T09:40:54.518673+00:00,14.8,11.0,0,18.3,18.3,0,NONE,SHIFT_B (14:00-22:00),1.52
IMO9302898,Wan Hai Handymax 2898,Wan Hai,Handymax,2458,209.2,8.7,B-08,2,2026-02-12T05:37:05.208578+00:00,2026-02-12T05:59:17.208578+00:00,2026-02-13T13:59:17.208578+00:00,11.5,8.7,0,27.0,32.0,300,CRANE_OUTAGE,SHIFT_C (22:00-06:00),0.37
IMO9302899,Hapag-Lloyd Feeder 2899,Hapag-Lloyd,Feeder,913,141.3,7.6,B-09,2,2026-01-19T06:17:01.158150+00:00,2026-01-19T07:45:13.158150+00:00,2026-01-20T02:15:13.158150+00:00,18.0,9.0,0,17.8,18.5,0,NONE,SHIFT_A (06:00-14:00),1.47
IMO9302900,Maersk Post-Panamax 2900,Maersk,Post-Panamax,7781,328.5,14.5,B-05,3,2026-05-07T10:11:10.111557+00:00,2026-05-07T10:11:10.111557+00:00,2026-05-09T03:05:10.111557+00:00,11.2,19.7,0,40.9,40.9,0,NONE,SHIFT_A (06:00-14:00),0.0
IMO9302901,Wan Hai Post-Panamax 2901,Wan Hai,Post-Panamax,7698,331.6,13.5,B-04,3,2024-10-10T00:40:15.926612+00:00,2024-10-10T00:40:15.926612+00:00,2024-10-11T19:04:15.926612+00:00,15.4,10.2,0,42.2,42.4,0,NONE,SHIFT_C (22:00-06:00),0.0
IMO9302902,Yang Ming Panamax 2902,Yang Ming,Panamax,4687,280.7,11.7,B-04,3,2025-08-04T15:06:41.590678+00:00,2025-08-04T16:05:29.590678+00:00,2025-08-05T23:35:29.590678+00:00,16.6,18.6,0,31.9,31.5,0,NONE,SHIFT_B (14:00-22:00),0.98
IMO9302903,MSC Feeder 2903,MSC,Feeder,1545,171.2,7.7,B-10,2,2026-08-15T19:40:46.414886+00:00,2026-08-15T21:26:58.414886+00:00,2026-08-16T14:38:58.414886+00:00,12.2,8.1,0,13.8,17.2,207,TIDAL_WINDOW_MISSED,SHIFT_B (14:00-22:00),1.77
IMO9302904,Maersk Post-Panamax 2904,Maersk,Post-Panamax,7990,346.5,13.7,B-02,4,2025-11-30T22:57:51.104762+00:00,2025-11-30T22:57:51.104762+00:00,2025-12-02T20:03:51.104762+00:00,12.9,7.8,0,46.1,45.1,0,NONE,SHIFT_C (22:00-06:00),0.0
IMO9302905,CMA CGM Panamax 2905,CMA CGM,Panamax,3495,271.6,10.9,B-04,3,2025-10-23T01:36:18.957659+00:00,2025-10-23T02:38:42.957659+00:00,2025-10-24T18:14:42.957659+00:00,16.7,23.7,0,40.1,39.6,0,NONE,SHIFT_C (22:00-06:00),1.04
IMO9302906,CMA CGM Panamax 2906,CMA CGM,Panamax,4885,270.2,11.2,B-04,3,2024-10-11T11:25:30.231930+00:00,2024-10-11T12:21:54.231930+00:00,2024-10-13T02:57:54.231930+00:00,13.8,18.9,0,35.9,38.6,162,CRANE_OUTAGE,SHIFT_A (06:00-14:00),0.94
IMO9302907,Maersk Post-Panamax 2907,Maersk,Post-Panamax,9274,318.2,14.0,B-05,3,2025-06-24T07:17:26.912922+00:00,2025-06-24T09:22:50.912922+00:00,2025-06-26T09:16:50.912922+00:00,16.2,24.9,0,47.6,47.9,0,NONE,SHIFT_A (06:00-14:00),2.09
IMO9302908,CMA CGM Feeder 2908,CMA CGM,Feeder,1637,177.9,9.1,B-10,2,2025-11-23T07:07:19.558798+00:00,2025-11-23T08:48:07.558798+00:00,2025-11-24T00:36:07.558798+00:00,14.9,8.7,0,15.8,15.8,0,NONE,SHIFT_A (06:00-14:00),1.68
IMO9302909,Maersk Panamax 2909,Maersk,Panamax,5132,278.0,10.4,B-06,3,2026-04-09T17:32:22.620249+00:00,2026-04-09T17:32:22.620249+00:00,2026-04-11T11:26:22.620249+00:00,13.1,21.5,0,39.4,41.9,147,CRANE_OUTAGE,SHIFT_B (14:00-22:00),0.0
IMO9302910,Yang Ming Handymax 2910,Yang Ming,Handymax,2005,198.9,9.7,B-09,2,2025-05-10T19:32:31.114372+00:00,2025-05-10T23:37:19.114372+00:00,2025-05-11T19:43:19.114372+00:00,15.6,16.6,0,21.0,20.1,0,NONE,SHIFT_C (22:00-06:00),4.08
IMO9302911,ONE Panamax 2911,ONE,Panamax,5113,288.4,10.9,B-04,3,2025-11-17T13:22:35.961393+00:00,2025-11-17T15:34:35.961393+00:00,2025-11-18T22:58:35.961393+00:00,16.4,13.8,0,31.5,31.4,0,NONE,SHIFT_B (14:00-22:00),2.2
IMO9302912,PIL ULCV 2912,PIL,ULCV,17989,385.2,15.4,B-03,4,2024-11-29T13:11:52.195629+00:00,2024-11-29T14:46:04.195629+00:00,2024-12-02T08:04:04.195629+00:00,15.1,22.1,0,58.9,65.3,387,CRANE_OUTAGE,SHIFT_B (14:00-22:00),1.57
IMO9302913,SITC Post-Panamax 2913,SITC,Post-Panamax,9398,324.1,13.8,B-01,4,2026-02-18T21:23:36.302388+00:00,2026-02-18T23:06:12.302388+00:00,2026-02-20T14:36:12.302388+00:00,17.0,22.4,0,40.4,39.5,0,NONE,SHIFT_C (22:00-06:00),1.71
IMO9302914,Wan Hai Panamax 2914,Wan Hai,Panamax,3619,276.4,11.1,B-05,3,2026-01-14T16:09:23.901459+00:00,2026-01-14T17:23:47.901459+00:00,2026-01-15T18:23:47.901459+00:00,14.6,15.3,0,25.9,25.0,0,NONE,SHIFT_B (14:00-22:00),1.24
IMO9302915,ZIM Feeder 2915,ZIM,Feeder,1386,186.5,7.0,B-08,2,2025-12-26T01:50:23.707972+00:00,2025-12-26T04:26:59.707972+00:00,2025-12-26T21:20:59.707972+00:00,11.7,28.5,1,17.9,16.9,0,NONE,SHIFT_C (22:00-06:00),2.61
IMO9302916,KMTC Post-Panamax 2916,KMTC,Post-Panamax,7204,338.3,14.1,B-03,4,2025-06-18T03:32:38.858945+00:00,2025-06-18T05:39:14.858945+00:00,2025-06-20T02:45:14.858945+00:00,15.3,17.9,0,46.1,45.1,0,NONE,SHIFT_C (22:00-06:00),2.11
IMO9302917,PIL Handymax 2917,PIL,Handymax,2638,181.8,8.6,B-08,2,2025-08-17T00:31:12.086940+00:00,2025-08-17T04:10:12.086940+00:00,2025-08-18T06:52:12.086940+00:00,15.0,17.0,0,26.1,26.7,0,NONE,SHIFT_C (22:00-06:00),3.65
IMO9302918,MSC Panamax 2918,MSC,Panamax,4260,284.9,10.8,B-05,3,2026-01-22T06:49:46.193300+00:00,2026-01-22T10:35:58.193300+00:00,2026-01-23T11:41:58.193300+00:00,14.3,18.4,0,25.2,25.1,0,NONE,SHIFT_A (06:00-14:00),3.77
IMO9302919,Yang Ming Feeder 2919,Yang Ming,Feeder,1951,177.3,8.0,B-08,2,2025-12-01T21:36:41.866844+00:00,2025-12-01T21:36:41.866844+00:00,2025-12-02T20:00:41.866844+00:00,14.8,11.4,0,17.3,22.4,308,CRANE_OUTAGE,SHIFT_B (14:00-22:00),0.0
IMO9302920,Yang Ming Feeder 2920,Yang Ming,Feeder,2362,144.1,7.2,B-09,2,2024-12-30T08:53:02.037782+00:00,2024-12-30T12:00:50.037782+00:00,2024-12-31T13:54:50.037782+00:00,14.3,18.8,0,21.7,25.9,253,YARD_CONGESTION,SHIFT_A (06:00-14:00),3.13
IMO9302921,Yang Ming Panamax 2921,Yang Ming,Panamax,3166,267.0,10.1,B-04,3,2026-03-15T05:17:49.089869+00:00,2026-03-15T07:43:37.089869+00:00,2026-03-17T01:25:37.089869+00:00,18.3,19.8,0,37.4,41.7,258,YARD_CONGESTION,SHIFT_A (06:00-14:00),2.43
IMO9302922,Evergreen Panamax 2922,Evergreen,Panamax,3041,279.0,10.2,B-07,3,2026-07-01T09:43:12.519131+00:00,2026-07-01T11:31:48.519131+00:00,2026-07-02T17:01:48.519131+00:00,12.5,14.0,0,30.4,29.5,0,NONE,SHIFT_A (06:00-14:00),1.81
IMO9302923,COSCO Post-Panamax 2923,COSCO,Post-Panamax,10868,344.4,14.4,B-05,3,2026-07-06T07:52:17.892687+00:00,2026-07-06T10:49:17.892687+00:00,2026-07-08T13:19:17.892687+00:00,13.7,17.9,0,44.8,50.5,341,CRANE_OUTAGE,SHIFT_A (06:00-14:00),2.95
IMO9302924,MSC Feeder 2924,MSC,Feeder,1334,136.1,7.6,B-09,2,2025-12-15T03:15:01.219440+00:00,2025-12-15T07:48:37.219440+00:00,2025-12-16T06:06:37.219440+00:00,13.7,8.0,0,18.9,22.3,202,WEATHER,SHIFT_A (06:00-14:00),4.56
IMO9302925,Hapag-Lloyd Panamax 2925,Hapag-Lloyd,Panamax,4853,250.9,11.2,B-07,3,2026-05-17T06:34:14.471313+00:00,2026-05-17T08:31:14.471313+00:00,2026-05-18T16:37:14.471313+00:00,12.2,29.1,1,25.1,32.1,417,WEATHER,SHIFT_A (06:00-14:00),1.95
IMO9302926,ZIM Panamax 2926,ZIM,Panamax,3245,254.2,10.7,B-07,3,2026-06-24T00:50:08.580320+00:00,2026-06-24T01:15:56.580320+00:00,2026-06-25T07:57:56.580320+00:00,14.0,26.5,0,30.8,30.7,0,NONE,SHIFT_C (22:00-06:00),0.43
IMO9302927,MSC ULCV 2927,MSC,ULCV,15351,396.4,14.8,B-02,4,2025-01-25T22:05:15.296781+00:00,2025-01-26T00:43:03.296781+00:00,2025-01-28T18:49:03.296781+00:00,12.6,26.1,0,66.8,66.1,0,NONE,SHIFT_C (22:00-06:00),2.63
IMO9302928,PIL Handymax 2928,PIL,Handymax,3296,207.3,9.8,B-07,3,2025-07-13T18:34:37.281608+00:00,2025-07-13T19:40:37.281608+00:00,2025-07-15T00:46:37.281608+00:00,14.4,22.1,0,21.7,29.1,443,TIDAL_WINDOW_MISSED,SHIFT_B (14:00-22:00),1.1
IMO9302929,COSCO Feeder 2929,COSCO,Feeder,2474,180.1,9.3,B-09,2,2025-08-12T21:56:11.050884+00:00,2025-08-12T23:59:11.050884+00:00,2025-08-14T04:53:11.050884+00:00,16.6,23.3,0,20.5,28.9,503,WEATHER,SHIFT_C (22:00-06:00),2.05
IMO9302930,Yang Ming Feeder 2930,Yang Ming,Feeder,2307,165.7,9.3,B-08,2,2026-02-05T08:51:12.580295+00:00,2026-02-05T11:56:00.580295+00:00,2026-02-06T11:56:00.580295+00:00,12.7,8.5,0,18.9,24.0,308,CRANE_OUTAGE,SHIFT_A (06:00-14:00),3.08
IMO9302931,COSCO Handymax 2931,COSCO,Handymax,2553,192.4,9.2,B-06,3,2025-02-21T21:58:31.999448+00:00,2025-02-21T23:21:55.999448+00:00,2025-02-22T22:03:55.999448+00:00,14.9,12.3,0,23.5,22.7,0,NONE,SHIFT_C (22:00-06:00),1.39
IMO9302932,KMTC Feeder 2932,KMTC,Feeder,1225,173.2,9.1,B-10,2,2026-03-18T02:41:32.455044+00:00,2026-03-18T04:57:44.455044+00:00,2026-03-19T03:57:44.455044+00:00,13.9,7.1,0,16.6,23.0,384,WEATHER,SHIFT_C (22:00-06:00),2.27
IMO9302933,HMM Post-Panamax 2933,HMM,Post-Panamax,9465,346.5,14.2,B-02,4,2025-01-02T21:36:38.667810+00:00,2025-01-02T22:25:50.667810+00:00,2025-01-04T21:31:50.667810+00:00,16.0,26.4,0,44.9,47.1,133,YARD_CONGESTION,SHIFT_C (22:00-06:00),0.82
IMO9302934,SITC Post-Panamax 2934,SITC,Post-Panamax,9705,307.8,12.6,B-02,4,2026-04-23T07:25:48.767583+00:00,2026-04-23T08:34:12.767583+00:00,2026-04-25T01:28:12.767583+00:00,13.1,3.8,0,40.9,40.9,0,NONE,SHIFT_A (06:00-14:00),1.14
IMO9302935,Yang Ming Feeder 2935,Yang Ming,Feeder,1724,139.1,8.2,B-08,2,2026-03-26T17:42:28.931251+00:00,2026-03-26T19:56:52.931251+00:00,2026-03-27T14:08:52.931251+00:00,13.9,14.2,0,18.1,18.2,0,NONE,SHIFT_B (14:00-22:00),2.24
IMO9302936,COSCO Neo-Panamax 2936,COSCO,Neo-Panamax,13152,355.1,15.2,B-03,4,2024-10-20T14:30:58.005446+00:00,2024-10-20T15:01:34.005446+00:00,2024-10-23T04:43:34.005446+00:00,13.7,18.2,0,59.7,61.7,119,PILOT_UNAVAILABLE,SHIFT_B (14:00-22:00),0.51
IMO9302937,ONE Handymax 2937,ONE,Handymax,3001,211.5,9.0,B-08,2,2025-06-16T17:06:26.329512+00:00,2025-06-16T17:06:26.329512+00:00,2025-06-17T17:24:26.329512+00:00,14.7,23.3,0,24.0,24.3,0,NONE,SHIFT_B (14:00-22:00),0.0
IMO9302938,Maersk Panamax 2938,Maersk,Panamax,4656,283.7,10.7,B-07,3,2024-12-11T09:14:31.137078+00:00,2024-12-11T09:22:19.137078+00:00,2024-12-12T19:16:19.137078+00:00,14.8,18.3,0,34.2,33.9,0,NONE,SHIFT_A (06:00-14:00),0.13
IMO9302939,ONE Neo-Panamax 2939,ONE,Neo-Panamax,14889,362.7,14.5,B-01,4,2026-01-15T10:36:48.109946+00:00,2026-01-15T11:14:00.109946+00:00,2026-01-17T11:32:00.109946+00:00,18.3,16.3,0,48.7,48.3,0,NONE,SHIFT_A (06:00-14:00),0.62
IMO9302940,COSCO ULCV 2940,COSCO,ULCV,20599,383.4,14.7,B-02,4,2025-08-25T06:09:08.031239+00:00,2025-08-25T08:02:32.031239+00:00,2025-08-28T01:44:32.031239+00:00,14.9,2.4,1,65.6,65.7,0,NONE,SHIFT_A (06:00-14:00),1.89
IMO9302941,PIL Panamax 2941,PIL,Panamax,4448,286.9,10.1,B-06,3,2025-03-09T15:31:27.299575+00:00,2025-03-09T16:57:51.299575+00:00,2025-03-11T04:15:51.299575+00:00,13.3,14.9,0,34.8,35.3,0,NONE,SHIFT_B (14:00-22:00),1.44
IMO9302942,CMA CGM Neo-Panamax 2942,CMA CGM,Neo-Panamax,13492,340.6,14.3,B-01,4,2025-09-23T08:31:07.840218+00:00,2025-09-23T09:37:43.840218+00:00,2025-09-25T18:25:43.840218+00:00,14.7,23.9,0,57.1,56.8,0,NONE,SHIFT_A (06:00-14:00),1.11
IMO9302943,KMTC ULCV 2943,KMTC,ULCV,16351,397.0,15.8,B-02,4,2025-01-05T09:08:18.343325+00:00,2025-01-05T09:08:18.343325+00:00,2025-01-08T11:20:18.343325+00:00,14.6,7.4,0,66.8,74.2,446,WEATHER,SHIFT_A (06:00-14:00),0.0
IMO9302944,KMTC Feeder 2944,KMTC,Feeder,2422,187.7,7.2,B-08,2,2026-01-18T11:00:40.229028+00:00,2026-01-18T13:28:52.229028+00:00,2026-01-19T17:16:52.229028+00:00,12.2,30.2,1,19.1,27.8,522,WEATHER,SHIFT_A (06:00-14:00),2.4699999999999998
IMO9302945,OOCL Panamax 2945,OOCL,Panamax,3556,284.6,10.0,B-04,3,2026-08-22T10:31:44.115159+00:00,2026-08-22T12:58:08.115159+00:00,2026-08-24T00:10:08.115159+00:00,14.5,12.4,0,34.5,35.2,0,NONE,SHIFT_A (06:00-14:00),2.44
IMO9302946,ONE Feeder 2946,ONE,Feeder,1601,155.1,7.2,B-10,2,2024-11-18T01:20:19.858051+00:00,2024-11-18T01:53:55.858051+00:00,2024-11-18T21:23:55.858051+00:00,15.3,18.9,0,20.1,19.5,0,NONE,SHIFT_C (22:00-06:00),0.56
IMO9302947,MSC ULCV 2947,MSC,ULCV,15355,383.9,16.4,B-02,4,2025-03-24T08:55:21.836196+00:00,2025-03-24T10:21:45.836196+00:00,2025-03-27T10:33:45.836196+00:00,13.9,2.2,0,71.8,72.2,0,NONE,SHIFT_A (06:00-14:00),1.44
IMO9302948,Evergreen Post-Panamax 2948,Evergreen,Post-Panamax,6559,319.9,12.6,B-02,4,2024-10-09T12:18:36.782492+00:00,2024-10-09T16:06:36.782492+00:00,2024-10-11T15:06:36.782492+00:00,12.3,28.5,1,46.8,47.0,0,NONE,SHIFT_B (14:00-22:00),3.8
IMO9302949,Evergreen Panamax 2949,Evergreen,Panamax,3935,224.4,10.3,B-04,3,2024-12-17T00:02:38.987990+00:00,2024-12-17T02:17:02.987990+00:00,2024-12-18T10:59:02.987990+00:00,14.1,21.9,0,32.5,32.7,0,NONE,SHIFT_C (22:00-06:00),2.24
IMO9302950,Wan Hai ULCV 2950,Wan Hai,ULCV,23710,374.7,14.7,B-03,4,2025-01-12T02:18:03.913350+00:00,2025-01-12T04:25:15.913350+00:00,2025-01-14T20:43:15.913350+00:00,15.4,10.2,0,59.7,64.3,278,WEATHER,SHIFT_C (22:00-06:00),2.12
IMO9302951,CMA CGM Handymax 2951,CMA CGM,Handymax,2637,200.2,9.5,B-08,2,2025-07-13T08:55:32.875986+00:00,2025-07-13T10:18:20.875986+00:00,2025-07-14T07:30:20.875986+00:00,14.7,14.8,0,20.4,21.2,0,NONE,SHIFT_A (06:00-14:00),1.38
IMO9302952,ONE Post-Panamax 2952,ONE,Post-Panamax,10786,320.0,14.5,B-02,4,2025-10-09T05:34:29.585797+00:00,2025-10-09T05:34:29.585797+00:00,2025-10-11T02:40:29.585797+00:00,17.1,12.3,0,45.6,45.1,0,NONE,SHIFT_C (22:00-06:00),0.0
IMO9302953,Yang Ming Neo-Panamax 2953,Yang Ming,Neo-Panamax,10111,354.0,14.2,B-03,4,2025-09-23T13:48:45.954771+00:00,2025-09-23T15:14:33.954771+00:00,2025-09-25T21:14:33.954771+00:00,14.6,16.9,0,51.7,54.0,138,WEATHER,SHIFT_B (14:00-22:00),1.43
IMO9302954,CMA CGM Panamax 2954,CMA CGM,Panamax,5049,275.6,11.5,B-04,3,2026-02-26T17:48:23.019499+00:00,2026-02-26T18:56:47.019499+00:00,2026-02-28T12:44:47.019499+00:00,16.8,9.3,0,35.8,41.8,357,CRANE_OUTAGE,SHIFT_B (14:00-22:00),1.14
IMO9302955,Maersk Panamax 2955,Maersk,Panamax,4661,228.1,10.2,B-04,3,2026-07-14T23:17:52.117260+00:00,2026-07-15T00:00:28.117260+00:00,2026-07-16T13:48:28.117260+00:00,13.7,27.5,0,32.6,37.8,312,WEATHER,SHIFT_C (22:00-06:00),0.71
IMO9302956,Evergreen Feeder 2956,Evergreen,Feeder,2206,178.6,8.0,B-10,2,2026-04-22T04:44:38.501268+00:00,2026-04-22T10:10:26.501268+00:00,2026-04-23T02:40:26.501268+00:00,11.5,35.9,1,17.3,16.5,0,NONE,SHIFT_A (06:00-14:00),5.43
IMO9302957,MSC Feeder 2957,MSC,Feeder,1189,184.2,9.4,B-08,2,2026-09-12T13:40:00.379377+00:00,2026-09-12T13:40:00.379377+00:00,2026-09-13T08:58:00.379377+00:00,14.9,7.1,0,19.0,19.3,0,NONE,SHIFT_A (06:00-14:00),0.0
IMO9302958,COSCO Feeder 2958,COSCO,Feeder,1541,166.2,8.6,B-08,2,2025-08-15T12:32:16.841700+00:00,2025-08-15T13:25:40.841700+00:00,2025-08-16T16:07:40.841700+00:00,14.5,17.3,0,18.3,26.7,506,WEATHER,SHIFT_A (06:00-14:00),0.89
IMO9302959,SITC Handymax 2959,SITC,Handymax,2733,211.9,9.1,B-07,3,2025-02-17T17:37:19.448383+00:00,2025-02-17T19:34:55.448383+00:00,2025-02-18T16:10:55.448383+00:00,14.5,12.7,0,21.1,20.6,0,NONE,SHIFT_B (14:00-22:00),1.96
IMO9302960,Maersk Feeder 2960,Maersk,Feeder,1879,139.0,7.5,B-09,2,2025-10-08T14:05:55.072403+00:00,2025-10-08T15:33:31.072403+00:00,2025-10-09T10:33:31.072403+00:00,13.2,6.4,0,19.7,19.0,0,NONE,SHIFT_B (14:00-22:00),1.46
IMO9302961,ONE Panamax 2961,ONE,Panamax,4817,245.6,10.9,B-06,3,2026-07-21T19:01:45.191955+00:00,2026-07-21T20:22:09.191955+00:00,2026-07-23T01:58:09.191955+00:00,15.0,14.7,0,29.7,29.6,0,NONE,SHIFT_B (14:00-22:00),1.34
IMO9302962,OOCL Post-Panamax 2962,OOCL,Post-Panamax,9349,334.7,13.9,B-02,4,2025-12-08T20:50:55.269792+00:00,2025-12-08T22:09:31.269792+00:00,2025-12-10T19:09:31.269792+00:00,10.2,7.1,0,44.7,45.0,0,NONE,SHIFT_C (22:00-06:00),1.31
IMO9302963,COSCO Neo-Panamax 2963,COSCO,Neo-Panamax,12042,350.4,15.0,B-01,4,2025-10-09T17:29:24.520154+00:00,2025-10-09T21:57:00.520154+00:00,2025-10-12T04:21:00.520154+00:00,16.7,6.9,1,54.1,54.4,0,NONE,SHIFT_B (14:00-22:00),4.46
IMO9302964,PIL Panamax 2964,PIL,Panamax,4800,282.1,11.9,B-05,3,2026-07-26T16:17:02.884596+00:00,2026-07-26T19:00:50.884596+00:00,2026-07-28T07:30:50.884596+00:00,14.7,18.9,0,33.3,36.5,195,CRANE_OUTAGE,SHIFT_B (14:00-22:00),2.73
IMO9302965,Maersk Feeder 2965,Maersk,Feeder,1457,170.9,8.0,B-09,2,2024-12-06T06:05:17.494892+00:00,2024-12-06T07:11:17.494892+00:00,2024-12-07T02:17:17.494892+00:00,15.0,12.3,0,18.5,19.1,0,NONE,SHIFT_A (06:00-14:00),1.1
IMO9302966,CMA CGM Panamax 2966,CMA CGM,Panamax,3365,285.3,10.8,B-07,3,2026-08-28T08:52:16.641672+00:00,2026-08-28T10:32:28.641672+00:00,2026-08-29T16:56:28.641672+00:00,14.2,6.6,0,31.2,30.4,0,NONE,SHIFT_A (06:00-14:00),1.67
IMO9302967,Yang Ming Feeder 2967,Yang Ming,Feeder,1869,181.4,8.7,B-10,2,2025-01-30T06:08:47.898418+00:00,2025-01-30T08:33:23.898418+00:00,2025-01-31T06:15:23.898418+00:00,15.1,28.6,1,21.0,21.7,0,NONE,SHIFT_A (06:00-14:00),2.41
IMO9302968,Maersk Panamax 2968,Maersk,Panamax,4299,222.1,11.1,B-06,3,2025-01-10T10:38:26.498066+00:00,2025-01-10T11:37:14.498066+00:00,2025-01-11T16:13:14.498066+00:00,14.0,21.8,0,26.6,28.6,121,YARD_CONGESTION,SHIFT_A (06:00-14:00),0.98
IMO9302969,CMA CGM Neo-Panamax 2969,CMA CGM,Neo-Panamax,11685,343.2,15.2,B-02,4,2025-03-18T16:57:30.975671+00:00,2025-03-18T20:21:30.975671+00:00,2025-03-21T10:51:30.975671+00:00,18.5,19.8,0,54.1,62.5,504,TIDAL_WINDOW_MISSED,SHIFT_B (14:00-22:00),3.4
IMO9302970,X-Press Feeders Neo-Panamax 2970,X-Press Feeders,Neo-Panamax,14326,364.5,13.8,B-01,4,2026-06-18T20:33:58.261807+00:00,2026-06-18T21:04:34.261807+00:00,2026-06-21T11:10:34.261807+00:00,16.3,29.9,1,54.1,62.1,480,TIDAL_WINDOW_MISSED,SHIFT_B (14:00-22:00),0.51
IMO9302971,CMA CGM Feeder 2971,CMA CGM,Feeder,1846,177.8,8.1,B-09,2,2025-12-04T03:27:46.155110+00:00,2025-12-04T05:39:10.155110+00:00,2025-12-05T06:45:10.155110+00:00,17.7,28.9,1,18.9,25.1,374,CRANE_OUTAGE,SHIFT_C (22:00-06:00),2.19
IMO9302972,HMM Feeder 2972,HMM,Feeder,1452,185.2,8.1,B-08,2,2026-08-02T16:21:38.784593+00:00,2026-08-02T17:16:14.784593+00:00,2026-08-03T14:10:14.784593+00:00,14.2,21.0,0,20.2,20.9,0,NONE,SHIFT_B (14:00-22:00),0.91
IMO9302973,KMTC Feeder 2973,KMTC,Feeder,2423,175.1,7.7,B-09,2,2026-09-11T07:29:19.570086+00:00,2026-09-11T09:44:55.570086+00:00,2026-09-12T07:44:55.570086+00:00,14.8,23.1,0,21.2,22.0,0,NONE,SHIFT_A (06:00-14:00),2.26
IMO9302974,COSCO Neo-Panamax 2974,COSCO,Neo-Panamax,12380,364.2,14.8,B-03,4,2025-11-16T04:26:38.844842+00:00,2025-11-16T07:56:02.844842+00:00,2025-11-18T17:56:02.844842+00:00,16.7,25.6,1,56.9,58.0,68,YARD_CONGESTION,SHIFT_A (06:00-14:00),3.49
IMO9302975,KMTC Panamax 2975,KMTC,Panamax,4315,260.4,11.4,B-07,3,2025-03-29T05:14:29.119273+00:00,2025-03-29T07:51:05.119273+00:00,2025-03-30T16:09:05.119273+00:00,15.3,21.3,0,32.1,32.3,0,NONE,SHIFT_A (06:00-14:00),2.61
IMO9302976,HMM Panamax 2976,HMM,Panamax,5041,264.7,11.0,B-05,3,2026-03-30T20:33:52.867476+00:00,2026-03-30T22:05:04.867476+00:00,2026-04-01T15:59:04.867476+00:00,12.7,19.6,0,35.7,41.9,371,CRANE_OUTAGE,SHIFT_C (22:00-06:00),1.52
IMO9302977,KMTC Panamax 2977,KMTC,Panamax,3384,273.1,11.0,B-07,3,2025-09-22T00:29:10.067688+00:00,2025-09-22T00:40:34.067688+00:00,2025-09-23T14:34:34.067688+00:00,17.1,12.5,0,32.3,37.9,337,WEATHER,SHIFT_C (22:00-06:00),0.19
IMO9302978,Wan Hai Post-Panamax 2978,Wan Hai,Post-Panamax,8255,302.4,14.5,B-04,3,2026-09-04T20:12:53.298371+00:00,2026-09-04T23:23:41.298371+00:00,2026-09-07T00:35:41.298371+00:00,15.7,26.9,0,49.2,49.2,0,NONE,SHIFT_C (22:00-06:00),3.18
IMO9302979,Maersk Panamax 2979,Maersk,Panamax,3087,271.6,10.7,B-06,3,2025-04-15T01:52:07.582067+00:00,2025-04-15T02:32:55.582067+00:00,2025-04-16T06:02:55.582067+00:00,13.1,17.3,0,27.5,27.5,0,NONE,SHIFT_C (22:00-06:00),0.68
IMO9302980,Hapag-Lloyd Panamax 2980,Hapag-Lloyd,Panamax,4624,247.3,11.0,B-05,3,2025-04-03T00:36:59.408141+00:00,2025-04-03T01:41:11.408141+00:00,2025-04-04T08:47:11.408141+00:00,13.8,17.4,0,30.4,31.1,0,NONE,SHIFT_C (22:00-06:00),1.07
IMO9302981,PIL Feeder 2981,PIL,Feeder,2213,181.7,7.1,B-10,2,2025-04-15T11:58:02.176939+00:00,2025-04-15T15:45:26.176939+00:00,2025-04-16T11:57:26.176939+00:00,12.5,22.0,0,19.6,20.2,0,NONE,SHIFT_B (14:00-22:00),3.79
IMO9302982,MSC Feeder 2982,MSC,Feeder,982,153.6,9.0,B-08,2,2026-06-02T04:34:41.421168+00:00,2026-06-02T08:41:17.421168+00:00,2026-06-03T06:05:17.421168+00:00,17.6,18.8,0,22.1,21.4,0,NONE,SHIFT_A (06:00-14:00),4.11
IMO9302983,Evergreen Panamax 2983,Evergreen,Panamax,3759,234.7,11.9,B-06,3,2025-12-11T10:51:07.130103+00:00,2025-12-11T11:20:31.130103+00:00,2025-12-13T02:44:31.130103+00:00,14.5,23.2,0,31.4,39.4,477,WEATHER,SHIFT_A (06:00-14:00),0.49
IMO9302984,COSCO Neo-Panamax 2984,COSCO,Neo-Panamax,10951,351.0,14.9,B-02,4,2026-07-14T00:57:20.795000+00:00,2026-07-14T02:02:44.795000+00:00,2026-07-16T00:38:44.795000+00:00,13.3,10.8,1,47.0,46.6,0,NONE,SHIFT_C (22:00-06:00),1.09
IMO9302985,OOCL Panamax 2985,OOCL,Panamax,3414,280.4,10.4,B-06,3,2025-04-16T09:28:32.414364+00:00,2025-04-16T11:32:08.414364+00:00,2025-04-17T13:02:08.414364+00:00,14.6,3.9,0,25.8,25.5,0,NONE,SHIFT_A (06:00-14:00),2.06
IMO9302986,CMA CGM Panamax 2986,CMA CGM,Panamax,3587,263.2,11.2,B-06,3,2026-08-12T21:49:51.269855+00:00,2026-08-12T22:01:51.269855+00:00,2026-08-14T13:49:51.269855+00:00,13.4,24.5,0,36.0,39.8,228,CRANE_OUTAGE,SHIFT_C (22:00-06:00),0.2
IMO9302987,Maersk Feeder 2987,Maersk,Feeder,1535,181.8,8.4,B-10,2,2025-01-15T18:27:08.471526+00:00,2025-01-15T19:10:56.471526+00:00,2025-01-16T16:52:56.471526+00:00,12.6,17.5,0,21.5,21.7,0,NONE,SHIFT_B (14:00-22:00),0.73
IMO9302988,ONE Feeder 2988,ONE,Feeder,1105,157.6,7.9,B-08,2,2025-09-08T15:09:21.778853+00:00,2025-09-08T16:17:09.778853+00:00,2025-09-09T14:11:09.778853+00:00,12.1,17.9,0,20.1,21.9,110,YARD_CONGESTION,SHIFT_B (14:00-22:00),1.13
IMO9302989,CMA CGM Panamax 2989,CMA CGM,Panamax,3301,236.8,10.2,B-05,3,2025-06-03T11:26:09.784837+00:00,2025-06-03T13:32:45.784837+00:00,2025-06-04T17:56:45.784837+00:00,14.6,11.8,0,27.8,28.4,0,NONE,SHIFT_A (06:00-14:00),2.11
IMO9302990,HMM Panamax 2990,HMM,Panamax,4181,286.8,11.7,B-04,3,2026-05-18T11:39:43.951169+00:00,2026-05-18T14:17:31.951169+00:00,2026-05-19T21:53:31.951169+00:00,14.4,7.6,0,29.8,31.6,107,WEATHER,SHIFT_B (14:00-22:00),2.63
IMO9302991,Yang Ming Panamax 2991,Yang Ming,Panamax,4943,256.7,10.6,B-04,3,2024-11-10T00:57:41.157896+00:00,2024-11-10T02:48:05.157896+00:00,2024-11-11T04:06:05.157896+00:00,11.6,11.4,0,26.3,25.3,0,NONE,SHIFT_C (22:00-06:00),1.84
IMO9302992,PIL Panamax 2992,PIL,Panamax,5126,259.3,10.9,B-05,3,2025-10-08T00:29:40.300897+00:00,2025-10-08T01:11:40.300897+00:00,2025-10-09T20:05:40.300897+00:00,15.3,8.4,0,42.2,42.9,0,NONE,SHIFT_C (22:00-06:00),0.7
IMO9302993,Hapag-Lloyd Panamax 2993,Hapag-Lloyd,Panamax,3026,246.3,10.1,B-05,3,2025-11-01T00:24:41.204865+00:00,2025-11-01T00:31:53.204865+00:00,2025-11-02T04:25:53.204865+00:00,16.3,5.6,0,27.8,27.9,0,NONE,SHIFT_C (22:00-06:00),0.12
IMO9302994,Yang Ming Panamax 2994,Yang Ming,Panamax,4139,257.8,10.4,B-07,3,2024-12-18T08:10:41.380806+00:00,2024-12-18T10:26:17.380806+00:00,2024-12-19T23:20:17.380806+00:00,13.7,22.5,0,31.6,36.9,318,WEATHER,SHIFT_A (06:00-14:00),2.26
IMO9302995,HMM Feeder 2995,HMM,Feeder,1427,164.5,8.0,B-09,2,2026-02-04T20:44:35.703442+00:00,2026-02-05T00:07:23.703442+00:00,2026-02-05T20:13:23.703442+00:00,15.2,25.4,0,20.5,20.1,0,NONE,SHIFT_C (22:00-06:00),3.38
IMO9302996,Hapag-Lloyd Post-Panamax 2996,Hapag-Lloyd,Post-Panamax,7328,342.7,14.3,B-01,4,2025-03-06T15:40:08.145307+00:00,2025-03-06T16:41:20.145307+00:00,2025-03-08T17:11:20.145307+00:00,13.4,3.5,0,45.5,48.5,178,CRANE_OUTAGE,SHIFT_B (14:00-22:00),1.02
IMO9302997,Wan Hai Panamax 2997,Wan Hai,Panamax,5191,224.1,11.9,B-06,3,2025-09-29T01:51:24.571942+00:00,2025-09-29T02:14:12.571942+00:00,2025-09-30T07:50:12.571942+00:00,13.3,8.3,0,29.8,29.6,0,NONE,SHIFT_C (22:00-06:00),0.38
IMO9302998,KMTC ULCV 2998,KMTC,ULCV,17847,392.2,14.7,B-01,4,2025-04-01T05:32:23.741726+00:00,2025-04-01T07:54:35.741726+00:00,2025-04-04T05:06:35.741726+00:00,12.2,14.2,1,69.0,69.2,0,NONE,SHIFT_A (06:00-14:00),2.37
IMO9302999,X-Press Feeders Post-Panamax 2999,X-Press Feeders,Post-Panamax,7242,310.7,14.3,B-01,4,2025-08-01T20:35:57.787127+00:00,2025-08-01T23:07:45.787127+00:00,2025-08-04T10:43:45.787127+00:00,14.3,19.5,0,60.0,59.6,0,NONE,SHIFT_C (22:00-06:00),2.53
IMO9303000,Yang Ming Feeder 3000,Yang Ming,Feeder,1189,159.4,8.8,B-09,2,2025-05-13T04:42:59.340447+00:00,2025-05-13T06:26:11.340447+00:00,2025-05-14T01:20:11.340447+00:00,13.8,9.8,0,18.5,18.9,0,NONE,SHIFT_A (06:00-14:00),1.72
IMO9303001,ONE Feeder 3001,ONE,Feeder,1902,131.6,7.2,B-10,2,2026-06-11T12:29:11.911820+00:00,2026-06-11T15:26:47.911820+00:00,2026-06-12T06:26:47.911820+00:00,11.7,34.5,1,14.5,15.0,0,NONE,SHIFT_B (14:00-22:00),2.96
IMO9303002,ZIM Panamax 3002,ZIM,Panamax,4105,228.9,10.9,B-07,3,2026-03-26T17:51:07.214946+00:00,2026-03-26T20:16:19.214946+00:00,2026-03-28T05:04:19.214946+00:00,14.9,12.5,0,29.0,32.8,228,CRANE_OUTAGE,SHIFT_B (14:00-22:00),2.42
IMO9303003,Maersk Neo-Panamax 3003,Maersk,Neo-Panamax,13150,348.7,15.3,B-02,4,2025-06-26T00:27:41.588183+00:00,2025-06-26T01:53:29.588183+00:00,2025-06-28T12:35:29.588183+00:00,14.8,14.3,1,58.8,58.7,0,NONE,SHIFT_C (22:00-06:00),1.43
IMO9303004,Maersk Post-Panamax 3004,Maersk,Post-Panamax,9128,342.4,13.1,B-01,4,2024-11-24T23:02:08.968830+00:00,2024-11-24T23:12:56.968830+00:00,2024-11-27T03:18:56.968830+00:00,11.8,16.0,0,43.4,52.1,525,WEATHER,SHIFT_C (22:00-06:00),0.18
IMO9303005,HMM Panamax 3005,HMM,Panamax,4829,239.4,10.9,B-04,3,2025-02-02T01:08:05.700751+00:00,2025-02-02T01:39:17.700751+00:00,2025-02-03T16:09:17.700751+00:00,15.0,8.8,0,34.7,38.5,230,YARD_CONGESTION,SHIFT_C (22:00-06:00),0.52
IMO9303006,PIL Neo-Panamax 3006,PIL,Neo-Panamax,13439,364.0,14.8,B-02,4,2025-02-21T08:02:28.660170+00:00,2025-02-21T09:45:40.660170+00:00,2025-02-23T15:57:40.660170+00:00,14.9,10.9,0,54.3,54.2,0,NONE,SHIFT_A (06:00-14:00),1.72
IMO9303007,Yang Ming Handymax 3007,Yang Ming,Handymax,2146,181.4,11.0,B-07,3,2024-12-20T22:54:58.362446+00:00,2024-12-21T01:00:58.362446+00:00,2024-12-21T22:48:58.362446+00:00,14.0,25.0,0,21.7,21.8,0,NONE,SHIFT_C (22:00-06:00),2.1
IMO9303008,CMA CGM Feeder 3008,CMA CGM,Feeder,1356,180.6,9.0,B-09,2,2026-01-02T15:07:11.650199+00:00,2026-01-02T18:27:35.650199+00:00,2026-01-03T12:27:35.650199+00:00,15.1,15.6,0,18.5,18.0,0,NONE,SHIFT_B (14:00-22:00),3.34
IMO9303009,KMTC Feeder 3009,KMTC,Feeder,2076,145.3,7.9,B-09,2,2025-12-15T03:26:45.444749+00:00,2025-12-15T06:56:45.444749+00:00,2025-12-16T06:32:45.444749+00:00,9.0,31.5,1,18.2,23.6,325,TIDAL_WINDOW_MISSED,SHIFT_A (06:00-14:00),3.5
IMO9303010,X-Press Feeders Neo-Panamax 3010,X-Press Feeders,Neo-Panamax,13457,351.0,14.1,B-01,4,2026-07-20T08:27:18.103666+00:00,2026-07-20T09:41:06.103666+00:00,2026-07-22T14:17:06.103666+00:00,16.5,8.9,0,53.5,52.6,0,NONE,SHIFT_A (06:00-14:00),1.23
IMO9303011,COSCO ULCV 3011,COSCO,ULCV,20292,371.8,16.3,B-02,4,2026-05-13T21:58:24.590694+00:00,2026-05-13T23:47:00.590694+00:00,2026-05-16T14:47:00.590694+00:00,14.0,19.0,0,63.4,63.0,0,NONE,SHIFT_C (22:00-06:00),1.81
IMO9303012,CMA CGM Feeder 3012,CMA CGM,Feeder,2094,176.6,7.6,B-09,2,2025-05-14T05:10:16.035360+00:00,2025-05-14T07:13:16.035360+00:00,2025-05-14T23:55:16.035360+00:00,15.7,14.9,0,14.3,16.7,144,PILOT_UNAVAILABLE,SHIFT_A (06:00-14:00),2.05
IMO9303013,COSCO Neo-Panamax 3013,COSCO,Neo-Panamax,11873,356.3,14.9,B-01,4,2025-05-02T02:37:16.908605+00:00,2025-05-02T05:55:16.908605+00:00,2025-05-04T07:37:16.908605+00:00,15.9,14.7,1,50.2,49.7,0,NONE,SHIFT_C (22:00-06:00),3.3
IMO9303014,X-Press Feeders Handymax 3014,X-Press Feeders,Handymax,3318,203.7,9.2,B-07,3,2026-03-21T09:01:08.579635+00:00,2026-03-21T10:56:20.579635+00:00,2026-03-22T10:20:20.579635+00:00,16.6,11.4,0,22.8,23.4,0,NONE,SHIFT_A (06:00-14:00),1.92
IMO9303015,CMA CGM Feeder 3015,CMA CGM,Feeder,1709,181.4,9.0,B-10,2,2026-06-18T19:25:54.063023+00:00,2026-06-18T23:08:30.063023+00:00,2026-06-19T16:56:30.063023+00:00,13.5,10.8,0,15.0,17.8,170,WEATHER,SHIFT_C (22:00-06:00),3.71
IMO9303016,SITC Post-Panamax 3016,SITC,Post-Panamax,7256,337.4,13.1,B-03,4,2024-11-28T12:25:11.894878+00:00,2024-11-28T13:37:47.894878+00:00,2024-11-30T13:31:47.894878+00:00,10.5,11.3,0,44.6,47.9,200,TIDAL_WINDOW_MISSED,SHIFT_A (06:00-14:00),1.21
IMO9303017,ZIM Neo-Panamax 3017,ZIM,Neo-Panamax,14459,350.0,15.2,B-02,4,2024-12-11T18:17:20.371766+00:00,2024-12-11T20:41:56.371766+00:00,2024-12-14T04:17:56.371766+00:00,19.3,16.9,0,49.9,55.6,343,WEATHER,SHIFT_B (14:00-22:00),2.41
IMO9303018,OOCL Panamax 3018,OOCL,Panamax,4955,272.6,11.0,B-07,3,2025-02-17T13:31:45.355189+00:00,2025-02-17T16:25:45.355189+00:00,2025-02-19T00:25:45.355189+00:00,13.3,24.2,0,32.4,32.0,0,NONE,SHIFT_B (14:00-22:00),2.9
IMO9303019,Hapag-Lloyd Handymax 3019,Hapag-Lloyd,Handymax,3101,194.0,9.9,B-09,2,2026-06-21T22:59:40.776263+00:00,2026-06-22T00:41:04.776263+00:00,2026-06-22T20:11:04.776263+00:00,16.1,14.2,0,19.3,19.5,0,NONE,SHIFT_C (22:00-06:00),1.69
IMO9303020,MSC Panamax 3020,MSC,Panamax,3493,268.4,10.2,B-05,3,2024-12-13T20:35:01.793261+00:00,2024-12-14T00:03:13.793261+00:00,2024-12-15T06:45:13.793261+00:00,15.0,8.2,0,30.5,30.7,0,NONE,SHIFT_C (22:00-06:00),3.47
IMO9303021,SITC Feeder 3021,SITC,Feeder,831,156.1,8.4,B-10,2,2025-02-24T05:22:00.626393+00:00,2025-02-24T05:22:00.626393+00:00,2025-02-25T07:28:00.626393+00:00,16.2,11.6,0,20.9,26.1,313,WEATHER,SHIFT_C (22:00-06:00),0.0
IMO9303022,ONE Post-Panamax 3022,ONE,Post-Panamax,9905,339.8,14.0,B-04,3,2026-08-15T19:00:31.840806+00:00,2026-08-15T21:32:19.840806+00:00,2026-08-18T02:02:19.840806+00:00,14.2,11.3,0,51.3,52.5,73,PILOT_UNAVAILABLE,SHIFT_B (14:00-22:00),2.53
IMO9303023,PIL Handymax 3023,PIL,Handymax,2958,212.2,10.6,B-06,3,2026-06-13T05:11:25.333964+00:00,2026-06-13T05:11:25.333964+00:00,2026-06-14T07:35:25.333964+00:00,17.8,2.9,0,26.3,26.4,0,NONE,SHIFT_C (22:00-06:00),0.0
IMO9303024,Wan Hai Feeder 3024,Wan Hai,Feeder,1558,157.5,7.8,B-09,2,2024-10-03T11:00:57.516907+00:00,2024-10-03T13:06:21.516907+00:00,2024-10-04T15:30:21.516907+00:00,14.3,9.5,0,23.4,26.4,182,YARD_CONGESTION,SHIFT_A (06:00-14:00),2.09
IMO9303025,Wan Hai Handymax 3025,Wan Hai,Handymax,2799,208.4,10.1,B-09,2,2026-04-19T17:05:46.862734+00:00,2026-04-19T22:41:46.862734+00:00,2026-04-20T19:41:46.862734+00:00,10.1,32.1,1,18.4,21.0,155,YARD_CONGESTION,SHIFT_C (22:00-06:00),5.6
IMO9303026,SITC Post-Panamax 3026,SITC,Post-Panamax,10351,308.0,14.4,B-02,4,2025-09-03T07:21:37.463421+00:00,2025-09-03T11:27:37.463421+00:00,2025-09-05T05:09:37.463421+00:00,14.8,19.8,0,41.5,41.7,0,NONE,SHIFT_A (06:00-14:00),4.1
IMO9303027,OOCL Neo-Panamax 3027,OOCL,Neo-Panamax,14760,341.6,14.9,B-02,4,2025-01-20T17:26:11.110348+00:00,2025-01-20T19:48:23.110348+00:00,2025-01-22T21:36:23.110348+00:00,12.3,18.3,0,48.8,49.8,60,YARD_CONGESTION,SHIFT_B (14:00-22:00),2.37
IMO9303028,Evergreen Post-Panamax 3028,Evergreen,Post-Panamax,9008,338.9,13.4,B-03,4,2025-08-24T23:07:57.647163+00:00,2025-08-25T01:13:57.647163+00:00,2025-08-26T16:13:57.647163+00:00,15.1,18.2,0,35.1,39.0,236,WEATHER,SHIFT_C (22:00-06:00),2.1
IMO9303029,PIL Feeder 3029,PIL,Feeder,2035,132.8,9.4,B-09,2,2025-02-18T04:00:09.969542+00:00,2025-02-18T05:05:33.969542+00:00,2025-02-18T23:47:33.969542+00:00,15.0,15.2,0,19.2,18.7,0,NONE,SHIFT_C (22:00-06:00),1.09
IMO9303030,ZIM Feeder 3030,ZIM,Feeder,1028,163.9,7.2,B-09,2,2026-05-02T06:53:21.565569+00:00,2026-05-02T06:53:21.565569+00:00,2026-05-03T06:41:21.565569+00:00,14.2,19.1,0,18.3,23.8,331,WEATHER,SHIFT_A (06:00-14:00),0.0
IMO9303031,Wan Hai Post-Panamax 3031,Wan Hai,Post-Panamax,7311,330.4,13.2,B-04,3,2025-07-08T20:24:48.530362+00:00,2025-07-08T21:05:00.530362+00:00,2025-07-10T14:11:00.530362+00:00,16.5,15.8,0,41.2,41.1,0,NONE,SHIFT_B (14:00-22:00),0.67
IMO9303032,CMA CGM Feeder 3032,CMA CGM,Feeder,2335,141.8,8.9,B-09,2,2025-02-01T17:15:54.427426+00:00,2025-02-01T19:15:54.427426+00:00,2025-02-02T17:21:54.427426+00:00,17.3,16.9,0,22.7,22.1,0,NONE,SHIFT_B (14:00-22:00),2.0
IMO9303033,KMTC Neo-Panamax 3033,KMTC,Neo-Panamax,12283,354.9,14.9,B-03,4,2026-02-27T17:03:17.698137+00:00,2026-02-27T18:02:41.698137+00:00,2026-03-01T17:56:41.698137+00:00,14.2,12.9,0,47.7,47.9,0,NONE,SHIFT_B (14:00-22:00),0.99
IMO9303034,ZIM Feeder 3034,ZIM,Feeder,1306,155.2,7.7,B-08,2,2024-10-05T05:11:57.607320+00:00,2024-10-05T08:47:21.607320+00:00,2024-10-06T03:59:21.607320+00:00,9.1,16.1,0,16.2,19.2,179,YARD_CONGESTION,SHIFT_A (06:00-14:00),3.59
IMO9303035,PIL Panamax 3035,PIL,Panamax,3336,261.3,10.2,B-05,3,2026-08-29T09:36:28.959818+00:00,2026-08-29T11:50:52.959818+00:00,2026-08-30T20:32:52.959818+00:00,15.7,22.8,0,32.0,32.7,0,NONE,SHIFT_A (06:00-14:00),2.24
IMO9303036,KMTC ULCV 3036,KMTC,ULCV,17552,388.0,15.0,B-03,4,2024-11-05T11:53:31.612293+00:00,2024-11-05T12:56:31.612293+00:00,2024-11-07T20:38:31.612293+00:00,13.2,11.1,1,55.1,55.7,0,NONE,SHIFT_A (06:00-14:00),1.05
IMO9303037,ZIM Post-Panamax 3037,ZIM,Post-Panamax,8956,344.3,13.6,B-04,3,2026-03-27T19:43:06.156254+00:00,2026-03-27T21:34:06.156254+00:00,2026-03-29T18:28:06.156254+00:00,13.2,17.9,0,43.8,44.9,64,CRANE_OUTAGE,SHIFT_B (14:00-22:00),1.85
IMO9303038,Evergreen Post-Panamax 3038,Evergreen,Post-Panamax,7619,343.7,13.4,B-01,4,2024-10-01T23:04:01.281023+00:00,2024-10-01T23:53:49.281023+00:00,2024-10-03T18:53:49.281023+00:00,15.2,16.8,0,42.3,43.0,0,NONE,SHIFT_C (22:00-06:00),0.83
IMO9303039,ONE Handymax 3039,ONE,Handymax,3241,186.3,9.6,B-07,3,2026-03-02T05:14:56.889597+00:00,2026-03-02T07:35:20.889597+00:00,2026-03-03T06:41:20.889597+00:00,12.4,19.0,0,23.4,23.1,0,NONE,SHIFT_A (06:00-14:00),2.34
IMO9303040,SITC Panamax 3040,SITC,Panamax,3985,273.4,11.0,B-06,3,2025-01-06T23:17:32.991520+00:00,2025-01-06T23:49:56.991520+00:00,2025-01-08T10:55:56.991520+00:00,15.5,5.8,0,35.8,35.1,0,NONE,SHIFT_C (22:00-06:00),0.54
IMO9303041,HMM Panamax 3041,HMM,Panamax,3341,254.9,11.1,B-04,3,2026-02-18T05:51:09.824060+00:00,2026-02-18T05:51:09.824060+00:00,2026-02-19T15:57:09.824060+00:00,15.5,24.4,0,33.7,34.1,0,NONE,SHIFT_C (22:00-06:00),0.0
IMO9303042,ZIM Handymax 3042,ZIM,Handymax,2451,184.0,9.3,B-06,3,2025-05-27T04:43:30.268070+00:00,2025-05-27T07:56:42.268070+00:00,2025-05-28T08:38:42.268070+00:00,14.9,4.7,0,24.1,24.7,0,NONE,SHIFT_A (06:00-14:00),3.22
IMO9303043,COSCO Panamax 3043,COSCO,Panamax,4146,259.7,10.3,B-05,3,2025-03-01T03:25:12.212564+00:00,2025-03-01T05:31:12.212564+00:00,2025-03-02T13:25:12.212564+00:00,15.1,27.8,0,28.7,31.9,194,YARD_CONGESTION,SHIFT_C (22:00-06:00),2.1
IMO9303044,Yang Ming Panamax 3044,Yang Ming,Panamax,3323,276.0,10.6,B-05,3,2025-12-25T22:40:48.334386+00:00,2025-12-26T01:04:48.334386+00:00,2025-12-27T07:58:48.334386+00:00,14.3,26.4,0,31.3,30.9,0,NONE,SHIFT_C (22:00-06:00),2.4
IMO9303045,X-Press Feeders Handymax 3045,X-Press Feeders,Handymax,2187,197.7,9.1,B-07,3,2025-10-09T20:58:00.093611+00:00,2025-10-09T21:34:36.093611+00:00,2025-10-11T01:04:36.093611+00:00,11.8,20.0,0,28.2,27.5,0,NONE,SHIFT_B (14:00-22:00),0.61
IMO9303046,SITC Neo-Panamax 3046,SITC,Neo-Panamax,14093,349.3,15.4,B-01,4,2026-09-13T06:45:34.883275+00:00,2026-09-13T07:47:58.883275+00:00,2026-09-15T14:35:58.883275+00:00,13.7,29.1,1,44.2,54.8,635,TIDAL_WINDOW_MISSED,SHIFT_A (06:00-14:00),1.04
IMO9303047,ONE Feeder 3047,ONE,Feeder,2461,144.2,8.5,B-10,2,2025-06-01T01:22:27.255847+00:00,2025-06-01T04:53:39.255847+00:00,2025-06-01T20:11:39.255847+00:00,16.4,1.7,0,15.6,15.3,0,NONE,SHIFT_C (22:00-06:00),3.52
IMO9303048,Evergreen Feeder 3048,Evergreen,Feeder,2286,185.2,7.4,B-10,2,2024-12-12T04:24:58.381172+00:00,2024-12-12T04:24:58.381172+00:00,2024-12-12T22:30:58.381172+00:00,15.2,2.7,0,18.5,18.1,0,NONE,SHIFT_C (22:00-06:00),0.0
IMO9303049,KMTC Neo-Panamax 3049,KMTC,Neo-Panamax,12564,364.1,13.6,B-01,4,2024-10-16T01:24:51.119727+00:00,2024-10-16T02:41:39.119727+00:00,2024-10-18T12:11:39.119727+00:00,16.1,20.1,0,57.0,57.5,0,NONE,SHIFT_C (22:00-06:00),1.28
IMO9303050,Maersk Post-Panamax 3050,Maersk,Post-Panamax,8980,349.7,12.6,B-03,4,2026-08-11T08:13:56.679904+00:00,2026-08-11T08:13:56.679904+00:00,2026-08-13T02:25:56.679904+00:00,14.4,26.0,0,36.3,42.2,352,CRANE_OUTAGE,SHIFT_A (06:00-14:00),0.0
IMO9303051,KMTC ULCV 3051,KMTC,ULCV,21895,368.0,16.4,B-02,4,2025-07-13T04:14:24.211241+00:00,2025-07-13T06:24:00.211241+00:00,2025-07-16T05:24:00.211241+00:00,18.0,24.6,0,71.2,71.0,0,NONE,SHIFT_A (06:00-14:00),2.16
IMO9303052,Wan Hai Feeder 3052,Wan Hai,Feeder,1480,145.4,8.3,B-09,2,2026-06-02T11:53:54.815966+00:00,2026-06-02T13:17:54.815966+00:00,2026-06-03T07:35:54.815966+00:00,15.9,14.7,0,18.6,18.3,0,NONE,SHIFT_A (06:00-14:00),1.4
IMO9303053,MSC Handymax 3053,MSC,Handymax,3357,195.5,10.7,B-09,2,2025-03-22T14:43:52.386292+00:00,2025-03-22T17:39:40.386292+00:00,2025-03-23T17:27:40.386292+00:00,11.5,12.0,0,23.9,23.8,0,NONE,SHIFT_B (14:00-22:00),2.93
IMO9303054,COSCO Panamax 3054,COSCO,Panamax,3397,241.0,11.1,B-07,3,2026-08-09T05:43:24.439915+00:00,2026-08-09T11:29:36.439915+00:00,2026-08-10T20:17:36.439915+00:00,12.0,31.1,1,32.2,32.8,0,NONE,SHIFT_A (06:00-14:00),5.77
IMO9303055,Evergreen Feeder 3055,Evergreen,Feeder,1581,154.1,8.8,B-09,2,2024-12-18T13:33:33.530284+00:00,2024-12-18T14:59:57.530284+00:00,2024-12-19T13:47:57.530284+00:00,17.4,6.2,0,16.5,22.8,379,CRANE_OUTAGE,SHIFT_B (14:00-22:00),1.44
IMO9303056,HMM ULCV 3056,HMM,ULCV,22088,392.0,16.0,B-03,4,2026-09-04T16:03:06.961520+00:00,2026-09-04T20:16:18.961520+00:00,2026-09-07T13:46:18.961520+00:00,14.9,16.0,0,62.1,65.5,206,WEATHER,SHIFT_B (14:00-22:00),4.22
IMO9303057,KMTC Panamax 3057,KMTC,Panamax,4682,288.6,11.8,B-06,3,2024-12-25T15:07:12.191786+00:00,2024-12-25T17:33:00.191786+00:00,2024-12-27T01:21:00.191786+00:00,13.9,11.1,0,31.9,31.8,0,NONE,SHIFT_B (14:00-22:00),2.43
IMO9303058,Maersk Handymax 3058,Maersk,Handymax,3103,197.8,9.5,B-06,3,2025-11-06T05:20:29.708417+00:00,2025-11-06T07:43:17.708417+00:00,2025-11-07T08:01:17.708417+00:00,13.8,2.3,0,24.5,24.3,0,NONE,SHIFT_A (06:00-14:00),2.38
IMO9303059,Hapag-Lloyd Panamax 3059,Hapag-Lloyd,Panamax,4914,267.0,10.5,B-07,3,2025-11-26T09:13:39.025220+00:00,2025-11-26T10:23:15.025220+00:00,2025-11-27T21:35:15.025220+00:00,14.8,10.3,0,36.1,35.2,0,NONE,SHIFT_A (06:00-14:00),1.16
IMO9303060,Maersk Panamax 3060,Maersk,Panamax,4872,225.6,11.7,B-06,3,2025-03-21T23:09:46.386560+00:00,2025-03-21T23:09:46.386560+00:00,2025-03-22T23:45:46.386560+00:00,14.3,6.8,0,24.8,24.6,0,NONE,SHIFT_C (22:00-06:00),0.0
IMO9303061,HMM Panamax 3061,HMM,Panamax,4506,232.5,10.6,B-06,3,2025-10-24T16:37:10.619448+00:00,2025-10-24T19:08:58.619448+00:00,2025-10-26T01:14:58.619448+00:00,16.0,27.5,0,30.9,30.1,0,NONE,SHIFT_B (14:00-22:00),2.53
IMO9303062,Evergreen Feeder 3062,Evergreen,Feeder,2355,177.9,7.4,B-08,2,2026-02-14T18:28:06.120511+00:00,2026-02-14T20:06:30.120511+00:00,2026-02-15T15:18:30.120511+00:00,14.5,24.6,0,18.8,19.2,0,NONE,SHIFT_B (14:00-22:00),1.64
IMO9303063,Evergreen Feeder 3063,Evergreen,Feeder,1544,157.1,7.4,B-10,2,2025-10-04T00:37:33.331451+00:00,2025-10-04T02:26:45.331451+00:00,2025-10-05T04:02:45.331451+00:00,16.4,23.3,0,20.1,25.6,328,CRANE_OUTAGE,SHIFT_C (22:00-06:00),1.82
IMO9303064,COSCO Post-Panamax 3064,COSCO,Post-Panamax,9328,308.5,14.0,B-05,3,2025-07-24T23:55:05.293028+00:00,2025-07-25T01:22:41.293028+00:00,2025-07-27T08:52:41.293028+00:00,14.0,10.6,0,51.4,55.5,245,YARD_CONGESTION,SHIFT_C (22:00-06:00),1.46
IMO9303065,Maersk Panamax 3065,Maersk,Panamax,3676,226.3,11.3,B-06,3,2025-03-23T17:08:22.651380+00:00,2025-03-23T18:29:58.651380+00:00,2025-03-25T02:05:58.651380+00:00,13.9,9.5,0,32.5,31.6,0,NONE,SHIFT_B (14:00-22:00),1.36
IMO9303066,MSC Handymax 3066,MSC,Handymax,3329,211.7,10.6,B-07,3,2025-04-19T19:25:34.404851+00:00,2025-04-19T21:59:10.404851+00:00,2025-04-20T23:47:10.404851+00:00,13.4,20.5,0,25.2,25.8,0,NONE,SHIFT_B (14:00-22:00),2.56
IMO9303067,PIL Neo-Panamax 3067,PIL,Neo-Panamax,12605,363.0,14.7,B-01,4,2025-12-10T13:15:26.489121+00:00,2025-12-10T16:50:14.489121+00:00,2025-12-13T06:38:14.489121+00:00,12.7,14.0,0,57.3,61.8,267,WEATHER,SHIFT_B (14:00-22:00),3.58
IMO9303068,X-Press Feeders Panamax 3068,X-Press Feeders,Panamax,4580,284.7,11.5,B-04,3,2026-06-14T15:59:38.190981+00:00,2026-06-14T16:59:38.190981+00:00,2026-06-16T01:17:38.190981+00:00,16.2,12.5,0,31.6,32.3,0,NONE,SHIFT_B (14:00-22:00),1.0
IMO9303069,Hapag-Lloyd Post-Panamax 3069,Hapag-Lloyd,Post-Panamax,9445,308.9,14.2,B-01,4,2025-02-15T22:23:52.080134+00:00,2025-02-16T01:13:40.080134+00:00,2025-02-17T23:43:40.080134+00:00,14.4,13.0,0,45.8,46.5,0,NONE,SHIFT_C (22:00-06:00),2.83
IMO9303070,OOCL Post-Panamax 3070,OOCL,Post-Panamax,10889,345.6,14.1,B-02,4,2025-06-17T13:56:56.555998+00:00,2025-06-17T16:37:08.555998+00:00,2025-06-19T15:07:08.555998+00:00,15.0,11.0,0,47.5,46.5,0,NONE,SHIFT_B (14:00-22:00),2.67
IMO9303071,ZIM Handymax 3071,ZIM,Handymax,2493,200.6,11.0,B-07,3,2024-10-31T07:23:36.705776+00:00,2024-10-31T09:29:36.705776+00:00,2024-11-01T13:17:36.705776+00:00,13.1,5.2,0,23.3,27.8,272,CRANE_OUTAGE,SHIFT_A (06:00-14:00),2.1
IMO9303072,OOCL Feeder 3072,OOCL,Feeder,1957,183.3,8.0,B-10,2,2026-03-25T22:08:12.762941+00:00,2026-03-25T22:36:24.762941+00:00,2026-03-26T15:24:24.762941+00:00,14.9,12.7,0,16.7,16.8,0,NONE,SHIFT_C (22:00-06:00),0.47
IMO9303073,Wan Hai Feeder 3073,Wan Hai,Feeder,918,174.9,9.1,B-09,2,2025-10-15T02:19:34.466064+00:00,2025-10-15T04:59:46.466064+00:00,2025-10-15T23:59:46.466064+00:00,16.4,16.8,0,19.8,19.0,0,NONE,SHIFT_C (22:00-06:00),2.67
IMO9303074,MSC Feeder 3074,MSC,Feeder,902,149.2,8.6,B-08,2,2024-12-13T05:07:27.441875+00:00,2024-12-13T09:03:15.441875+00:00,2024-12-14T01:57:15.441875+00:00,18.3,16.2,0,17.0,16.9,0,NONE,SHIFT_A (06:00-14:00),3.93
IMO9303075,Maersk Neo-Panamax 3075,Maersk,Neo-Panamax,12518,354.1,13.9,B-01,4,2025-12-16T18:02:25.507960+00:00,2025-12-16T18:02:25.507960+00:00,2025-12-18T16:32:25.507960+00:00,14.4,21.9,0,47.5,46.5,0,NONE,SHIFT_B (14:00-22:00),0.0
IMO9303076,PIL Post-Panamax 3076,PIL,Post-Panamax,6959,303.6,14.2,B-01,4,2026-05-05T12:50:29.123621+00:00,2026-05-05T15:07:53.123621+00:00,2026-05-07T13:55:53.123621+00:00,13.7,8.1,0,46.9,46.8,0,NONE,SHIFT_B (14:00-22:00),2.29
IMO9303077,PIL Post-Panamax 3077,PIL,Post-Panamax,8206,300.7,13.2,B-05,3,2025-03-30T07:27:12.586821+00:00,2025-03-30T10:28:24.586821+00:00,2025-04-01T04:16:24.586821+00:00,16.0,10.6,0,42.3,41.8,0,NONE,SHIFT_A (06:00-14:00),3.02
IMO9303078,Maersk Feeder 3078,Maersk,Feeder,885,159.6,8.6,B-09,2,2025-04-07T08:48:44.187648+00:00,2025-04-07T09:58:56.187648+00:00,2025-04-08T09:40:56.187648+00:00,13.3,12.7,0,21.1,23.7,153,YARD_CONGESTION,SHIFT_A (06:00-14:00),1.17
IMO9303079,Hapag-Lloyd Feeder 3079,Hapag-Lloyd,Feeder,1097,158.4,8.8,B-09,2,2025-08-09T23:59:33.630840+00:00,2025-08-10T01:49:21.630840+00:00,2025-08-10T16:01:21.630840+00:00,13.0,14.2,0,14.2,14.2,0,NONE,SHIFT_C (22:00-06:00),1.83
IMO9303080,PIL Feeder 3080,PIL,Feeder,899,140.7,7.5,B-09,2,2024-10-13T23:09:15.650674+00:00,2024-10-14T00:53:39.650674+00:00,2024-10-14T22:35:39.650674+00:00,15.5,12.6,0,22.4,21.7,0,NONE,SHIFT_C (22:00-06:00),1.74
IMO9303081,COSCO Post-Panamax 3081,COSCO,Post-Panamax,8933,310.2,12.9,B-05,3,2026-07-17T21:51:51.816590+00:00,2026-07-17T22:49:27.816590+00:00,2026-07-19T12:07:27.816590+00:00,12.7,22.8,0,37.8,37.3,0,NONE,SHIFT_C (22:00-06:00),0.96
IMO9303082,ZIM Feeder 3082,ZIM,Feeder,2188,142.5,8.1,B-10,2,2026-04-30T21:50:11.465196+00:00,2026-04-30T22:39:59.465196+00:00,2026-05-01T19:51:59.465196+00:00,18.4,18.6,0,15.1,21.2,365,CRANE_OUTAGE,SHIFT_C (22:00-06:00),0.83
IMO9303083,HMM ULCV 3083,HMM,ULCV,15922,378.7,15.3,B-02,4,2026-08-26T08:30:45.221634+00:00,2026-08-26T08:58:21.221634+00:00,2026-08-28T23:22:21.221634+00:00,14.1,6.7,0,60.7,62.4,100,YARD_CONGESTION,SHIFT_A (06:00-14:00),0.46
IMO9303084,OOCL Panamax 3084,OOCL,Panamax,3982,281.4,11.6,B-04,3,2026-06-17T13:30:50.437869+00:00,2026-06-17T13:30:50.437869+00:00,2026-06-19T02:18:50.437869+00:00,16.4,2.0,0,37.4,36.8,0,NONE,SHIFT_A (06:00-14:00),0.0
IMO9303085,Yang Ming Panamax 3085,Yang Ming,Panamax,3016,227.3,11.1,B-05,3,2026-01-27T18:43:02.132885+00:00,2026-01-27T18:53:14.132885+00:00,2026-01-29T06:53:14.132885+00:00,12.7,8.0,0,32.4,36.0,215,WEATHER,SHIFT_B (14:00-22:00),0.17
IMO9303086,KMTC Post-Panamax 3086,KMTC,Post-Panamax,8983,346.4,13.4,B-04,3,2026-08-20T07:51:34.790952+00:00,2026-08-20T09:16:10.790952+00:00,2026-08-22T08:28:10.790952+00:00,14.8,15.2,0,47.6,47.2,0,NONE,SHIFT_A (06:00-14:00),1.41
IMO9303087,KMTC Post-Panamax 3087,KMTC,Post-Panamax,10624,347.6,12.9,B-01,4,2026-01-04T09:02:00.292049+00:00,2026-01-04T11:33:48.292049+00:00,2026-01-06T15:45:48.292049+00:00,14.1,15.8,0,50.8,52.2,82,PILOT_UNAVAILABLE,SHIFT_A (06:00-14:00),2.53
IMO9303088,MSC Feeder 3088,MSC,Feeder,2046,163.9,7.1,B-10,2,2025-08-24T05:00:00.724532+00:00,2025-08-24T05:01:48.724532+00:00,2025-08-24T22:43:48.724532+00:00,12.0,11.2,0,18.5,17.7,0,NONE,SHIFT_C (22:00-06:00),0.03
IMO9303089,X-Press Feeders Post-Panamax 3089,X-Press Feeders,Post-Panamax,10653,306.9,12.5,B-04,3,2025-01-22T03:58:42.152178+00:00,2025-01-22T06:47:18.152178+00:00,2025-01-24T13:35:18.152178+00:00,13.4,34.6,1,50.8,54.8,243,YARD_CONGESTION,SHIFT_A (06:00-14:00),2.81
IMO9303090,X-Press Feeders Feeder 3090,X-Press Feeders,Feeder,2423,176.5,9.2,B-10,2,2025-05-16T06:02:22.047073+00:00,2025-05-16T07:31:46.047073+00:00,2025-05-17T00:43:46.047073+00:00,15.3,15.7,0,17.6,17.2,0,NONE,SHIFT_A (06:00-14:00),1.49
IMO9303091,PIL Neo-Panamax 3091,PIL,Neo-Panamax,13091,344.5,14.8,B-02,4,2025-09-20T20:33:26.385767+00:00,2025-09-21T00:00:26.385767+00:00,2025-09-23T09:00:26.385767+00:00,14.8,5.6,0,56.9,57.0,0,NONE,SHIFT_C (22:00-06:00),3.45
IMO9303092,SITC Post-Panamax 3092,SITC,Post-Panamax,7010,300.4,12.7,B-05,3,2026-04-18T13:21:37.989006+00:00,2026-04-18T15:24:37.989006+00:00,2026-04-20T21:48:37.989006+00:00,16.8,16.4,0,46.7,54.4,461,WEATHER,SHIFT_B (14:00-22:00),2.05
IMO9303093,SITC Handymax 3093,SITC,Handymax,2556,202.0,8.6,B-07,3,2026-05-02T18:03:51.834171+00:00,2026-05-02T18:03:51.834171+00:00,2026-05-03T22:51:51.834171+00:00,16.1,16.0,0,26.6,28.8,129,CRANE_OUTAGE,SHIFT_B (14:00-22:00),0.0
IMO9303094,Evergreen Handymax 3094,Evergreen,Handymax,3032,184.0,8.7,B-06,3,2025-11-18T07:07:26.515379+00:00,2025-11-18T08:04:26.515379+00:00,2025-11-19T05:58:26.515379+00:00,14.3,13.7,0,21.7,21.9,0,NONE,SHIFT_A (06:00-14:00),0.95
IMO9303095,OOCL Neo-Panamax 3095,OOCL,Neo-Panamax,10199,356.5,14.1,B-03,4,2025-09-24T08:50:03.814660+00:00,2025-09-24T08:50:03.814660+00:00,2025-09-26T00:44:03.814660+00:00,13.3,9.4,0,40.3,39.9,0,NONE,SHIFT_A (06:00-14:00),0.0
IMO9303096,Yang Ming Neo-Panamax 3096,Yang Ming,Neo-Panamax,14308,351.4,13.8,B-03,4,2025-09-25T22:58:05.905588+00:00,2025-09-26T00:16:41.905588+00:00,2025-09-28T04:10:41.905588+00:00,15.8,11.0,0,49.1,51.9,169,PILOT_UNAVAILABLE,SHIFT_C (22:00-06:00),1.31
IMO9303097,COSCO Panamax 3097,COSCO,Panamax,3820,236.4,11.5,B-04,3,2026-02-26T01:21:41.126092+00:00,2026-02-26T05:26:29.126092+00:00,2026-02-27T11:38:29.126092+00:00,18.6,23.7,0,30.3,30.2,0,NONE,SHIFT_C (22:00-06:00),4.08
IMO9303098,HMM Panamax 3098,HMM,Panamax,5034,237.2,11.7,B-05,3,2025-10-29T16:59:07.364765+00:00,2025-10-29T17:25:31.364765+00:00,2025-10-31T02:19:31.364765+00:00,17.0,20.1,0,33.2,32.9,0,NONE,SHIFT_B (14:00-22:00),0.44
IMO9303099,ZIM Feeder 3099,ZIM,Feeder,1702,179.5,9.3,B-10,2,2026-03-04T20:46:42.173308+00:00,2026-03-04T23:44:54.173308+00:00,2026-03-05T20:44:54.173308+00:00,13.8,2.6,0,20.3,21.0,0,NONE,SHIFT_C (22:00-06:00),2.97
IMO9303100,OOCL Feeder 3100,OOCL,Feeder,1675,160.7,7.8,B-09,2,2025-06-21T02:04:53.184680+00:00,2025-06-21T04:05:29.184680+00:00,2025-06-22T01:53:29.184680+00:00,12.5,11.6,0,22.2,21.8,0,NONE,SHIFT_C (22:00-06:00),2.01
IMO9303101,X-Press Feeders Post-Panamax 3101,X-Press Feeders,Post-Panamax,6949,322.7,13.7,B-04,3,2026-05-24T14:40:18.162582+00:00,2026-05-24T16:42:06.162582+00:00,2026-05-26T22:24:06.162582+00:00,14.3,17.6,0,52.9,53.7,0,NONE,SHIFT_B (14:00-22:00),2.03
IMO9303102,Yang Ming Handymax 3102,Yang Ming,Handymax,2477,200.7,9.6,B-09,2,2025-05-23T10:56:40.625744+00:00,2025-05-23T13:12:52.625744+00:00,2025-05-24T21:30:52.625744+00:00,17.0,15.8,0,23.7,32.3,517,WEATHER,SHIFT_A (06:00-14:00),2.27
IMO9303103,X-Press Feeders Panamax 3103,X-Press Feeders,Panamax,4035,229.6,10.7,B-07,3,2025-06-08T02:17:07.919059+00:00,2025-06-08T03:20:43.919059+00:00,2025-06-09T09:38:43.919059+00:00,13.3,13.5,0,30.6,30.3,0,NONE,SHIFT_C (22:00-06:00),1.06
IMO9303104,MSC Panamax 3104,MSC,Panamax,5009,259.2,10.6,B-04,3,2025-04-28T04:36:03.685698+00:00,2025-04-28T07:18:03.685698+00:00,2025-04-29T13:42:03.685698+00:00,12.9,23.4,0,30.3,30.4,0,NONE,SHIFT_A (06:00-14:00),2.7
IMO9303105,X-Press Feeders Feeder 3105,X-Press Feeders,Feeder,1104,131.9,8.8,B-09,2,2025-11-25T07:46:08.104350+00:00,2025-11-25T08:40:08.104350+00:00,2025-11-26T01:28:08.104350+00:00,16.2,23.3,0,16.4,16.8,0,NONE,SHIFT_A (06:00-14:00),0.9
IMO9303106,CMA CGM Panamax 3106,CMA CGM,Panamax,4760,220.4,11.2,B-07,3,2026-01-05T07:34:26.307538+00:00,2026-01-05T08:38:02.307538+00:00,2026-01-06T17:20:02.307538+00:00,15.6,18.8,0,29.8,32.7,172,YARD_CONGESTION,SHIFT_A (06:00-14:00),1.06
IMO9303107,COSCO Feeder 3107,COSCO,Feeder,1350,158.5,8.3,B-09,2,2026-06-16T10:29:04.595996+00:00,2026-06-16T12:25:28.595996+00:00,2026-06-17T08:37:28.595996+00:00,12.4,11.2,0,18.7,20.2,92,WEATHER,SHIFT_A (06:00-14:00),1.94
IMO9303108,Wan Hai Neo-Panamax 3108,Wan Hai,Neo-Panamax,12784,344.7,14.9,B-03,4,2025-05-20T16:14:17.109849+00:00,2025-05-20T16:14:17.109849+00:00,2025-05-22T23:20:17.109849+00:00,10.5,16.7,0,55.2,55.1,0,NONE,SHIFT_B (14:00-22:00),0.0
IMO9303109,Evergreen ULCV 3109,Evergreen,ULCV,20119,369.7,16.5,B-02,4,2025-08-04T09:23:24.051689+00:00,2025-08-04T12:33:36.051689+00:00,2025-08-06T22:39:36.051689+00:00,16.4,5.0,0,58.9,58.1,0,NONE,SHIFT_A (06:00-14:00),3.17
IMO9303110,ONE Panamax 3110,ONE,Panamax,3601,266.8,10.5,B-06,3,2026-08-25T01:28:29.167061+00:00,2026-08-25T01:28:29.167061+00:00,2026-08-26T11:16:29.167061+00:00,14.4,3.2,0,34.0,33.8,0,NONE,SHIFT_C (22:00-06:00),0.0
IMO9303111,Yang Ming Post-Panamax 3111,Yang Ming,Post-Panamax,9011,315.5,13.7,B-04,3,2026-01-17T16:20:55.951432+00:00,2026-01-17T19:47:19.951432+00:00,2026-01-19T21:53:19.951432+00:00,13.2,27.1,0,50.2,50.1,0,NONE,SHIFT_B (14:00-22:00),3.44
IMO9303112,HMM Panamax 3112,HMM,Panamax,3060,225.6,12.0,B-05,3,2025-09-17T10:16:20.011179+00:00,2025-09-17T11:57:44.011179+00:00,2025-09-19T00:33:44.011179+00:00,15.3,19.6,0,30.4,36.6,371,WEATHER,SHIFT_A (06:00-14:00),1.69
IMO9303113,OOCL Panamax 3113,OOCL,Panamax,5021,244.0,11.2,B-06,3,2025-08-08T13:01:52.392327+00:00,2025-08-08T14:18:40.392327+00:00,2025-08-09T19:18:40.392327+00:00,13.9,20.2,0,28.6,29.0,0,NONE,SHIFT_B (14:00-22:00),1.28
IMO9303114,Evergreen Panamax 3114,Evergreen,Panamax,3405,273.4,10.1,B-07,3,2024-11-22T15:06:53.427942+00:00,2024-11-22T15:06:53.427942+00:00,2024-11-24T07:24:53.427942+00:00,15.0,10.7,0,39.6,40.3,0,NONE,SHIFT_B (14:00-22:00),0.0
IMO9303115,OOCL Feeder 3115,OOCL,Feeder,2117,157.5,7.7,B-09,2,2026-04-07T15:59:58.239396+00:00,2026-04-07T17:44:22.239396+00:00,2026-04-08T11:44:22.239396+00:00,9.7,17.2,0,17.3,18.0,0,NONE,SHIFT_B (14:00-22:00),1.74
IMO9303116,ZIM Neo-Panamax 3116,ZIM,Neo-Panamax,13870,362.8,13.6,B-02,4,2026-06-17T00:32:47.660650+00:00,2026-06-17T04:33:59.660650+00:00,2026-06-19T05:09:59.660650+00:00,14.8,18.1,0,43.7,48.6,291,YARD_CONGESTION,SHIFT_C (22:00-06:00),4.02
IMO9303117,ONE Feeder 3117,ONE,Feeder,1952,169.7,7.7,B-08,2,2025-11-27T03:15:44.077303+00:00,2025-11-27T03:17:32.077303+00:00,2025-11-28T00:17:32.077303+00:00,12.2,24.9,0,21.5,21.0,0,NONE,SHIFT_C (22:00-06:00),0.03
IMO9303118,Evergreen ULCV 3118,Evergreen,ULCV,20213,385.7,15.0,B-03,4,2026-03-15T08:20:41.082973+00:00,2026-03-15T10:09:53.082973+00:00,2026-03-18T08:21:53.082973+00:00,12.6,7.1,0,67.4,70.2,165,PILOT_UNAVAILABLE,SHIFT_A (06:00-14:00),1.82
IMO9303119,MSC ULCV 3119,MSC,ULCV,16948,398.9,16.2,B-02,4,2025-09-12T02:57:53.256780+00:00,2025-09-12T06:43:29.256780+00:00,2025-09-14T23:19:29.256780+00:00,15.2,12.5,0,58.6,64.6,360,WEATHER,SHIFT_A (06:00-14:00),3.76
IMO9303120,Yang Ming Post-Panamax 3120,Yang Ming,Post-Panamax,9603,313.2,14.5,B-03,4,2024-10-26T13:22:23.720932+00:00,2024-10-26T14:36:47.720932+00:00,2024-10-28T12:30:47.720932+00:00,15.8,18.4,0,46.4,45.9,0,NONE,SHIFT_B (14:00-22:00),1.24
IMO9303121,SITC Feeder 3121,SITC,Feeder,841,171.5,8.3,B-09,2,2025-01-12T05:16:25.325124+00:00,2025-01-12T06:50:37.325124+00:00,2025-01-13T00:32:37.325124+00:00,18.7,10.0,0,17.0,17.7,0,NONE,SHIFT_A (06:00-14:00),1.57
IMO9303122,HMM Panamax 3122,HMM,Panamax,4935,280.0,11.2,B-05,3,2024-09-30T23:22:51.779636+00:00,2024-10-01T02:04:15.779636+00:00,2024-10-02T12:16:15.779636+00:00,16.1,20.3,0,35.0,34.2,0,NONE,SHIFT_C (22:00-06:00),2.69
IMO9303123,X-Press Feeders Feeder 3123,X-Press Feeders,Feeder,2151,148.5,7.4,B-10,2,2026-07-23T12:54:04.806568+00:00,2026-07-23T15:28:52.806568+00:00,2026-07-24T03:10:52.806568+00:00,14.3,32.5,1,12.6,11.7,0,NONE,SHIFT_B (14:00-22:00),2.58
IMO9303124,SITC Neo-Panamax 3124,SITC,Neo-Panamax,10163,340.7,14.2,B-03,4,2025-12-02T19:31:47.553965+00:00,2025-12-02T21:10:47.553965+00:00,2025-12-04T22:58:47.553965+00:00,13.9,7.4,0,49.1,49.8,0,NONE,SHIFT_B (14:00-22:00),1.65
IMO9303125,ONE Post-Panamax 3125,ONE,Post-Panamax,7752,306.5,13.2,B-01,4,2024-10-29T01:24:38.367636+00:00,2024-10-29T01:27:38.367636+00:00,2024-10-30T19:15:38.367636+00:00,14.6,10.3,0,41.4,41.8,0,NONE,SHIFT_C (22:00-06:00),0.05
IMO9303126,Yang Ming Neo-Panamax 3126,Yang Ming,Neo-Panamax,14085,351.5,15.3,B-02,4,2025-05-28T18:01:57.218258+00:00,2025-05-28T19:51:45.218258+00:00,2025-05-31T06:51:45.218258+00:00,15.4,8.2,0,58.5,59.0,0,NONE,SHIFT_B (14:00-22:00),1.83
IMO9303127,COSCO Handymax 3127,COSCO,Handymax,2567,212.4,9.3,B-08,2,2026-07-02T17:50:31.042285+00:00,2026-07-02T19:04:55.042285+00:00,2026-07-04T01:28:55.042285+00:00,12.3,18.9,0,30.1,30.4,0,NONE,SHIFT_B (14:00-22:00),1.24
IMO9303128,Evergreen Panamax 3128,Evergreen,Panamax,3073,248.0,10.3,B-04,3,2025-11-20T10:01:12.236514+00:00,2025-11-20T11:19:12.236514+00:00,2025-11-21T21:31:12.236514+00:00,16.4,27.3,0,34.9,34.2,0,NONE,SHIFT_A (06:00-14:00),1.3
IMO9303129,SITC Neo-Panamax 3129,SITC,Neo-Panamax,14047,362.2,14.6,B-01,4,2026-01-01T08:36:42.840859+00:00,2026-01-01T12:04:54.840859+00:00,2026-01-03T08:10:54.840859+00:00,13.4,30.8,1,43.9,44.1,0,NONE,SHIFT_A (06:00-14:00),3.47
IMO9303130,OOCL Panamax 3130,OOCL,Panamax,3260,243.1,10.8,B-07,3,2025-03-27T23:03:10.630358+00:00,2025-03-27T23:34:58.630358+00:00,2025-03-29T11:22:58.630358+00:00,12.7,24.5,0,35.4,35.8,0,NONE,SHIFT_C (22:00-06:00),0.53
IMO9303131,MSC Post-Panamax 3131,MSC,Post-Panamax,9020,308.6,13.6,B-05,3,2025-03-12T08:49:39.694012+00:00,2025-03-12T09:20:15.694012+00:00,2025-03-14T16:02:15.694012+00:00,17.1,15.7,0,54.3,54.7,0,NONE,SHIFT_A (06:00-14:00),0.51
IMO9303132,Hapag-Lloyd Handymax 3132,Hapag-Lloyd,Handymax,3334,217.7,9.1,B-06,3,2024-12-27T22:00:50.761045+00:00,2024-12-27T22:05:38.761045+00:00,2024-12-29T02:17:38.761045+00:00,15.4,21.9,0,27.6,28.2,0,NONE,SHIFT_C (22:00-06:00),0.08
IMO9303133,X-Press Feeders Neo-Panamax 3133,X-Press Feeders,Neo-Panamax,14557,365.6,13.9,B-02,4,2025-06-19T05:42:20.352688+00:00,2025-06-19T07:56:44.352688+00:00,2025-06-21T21:44:44.352688+00:00,13.0,19.8,0,57.5,61.8,257,CRANE_OUTAGE,SHIFT_A (06:00-14:00),2.24
IMO9303134,Evergreen Post-Panamax 3134,Evergreen,Post-Panamax,10397,319.8,13.5,B-03,4,2026-05-01T06:53:05.313564+00:00,2026-05-01T07:50:41.313564+00:00,2026-05-03T04:56:41.313564+00:00,15.3,5.7,0,44.7,45.1,0,NONE,SHIFT_A (06:00-14:00),0.96
IMO9303135,Hapag-Lloyd Panamax 3135,Hapag-Lloyd,Panamax,4331,280.1,10.1,B-07,3,2025-07-11T14:49:41.993020+00:00,2025-07-11T15:41:53.993020+00:00,2025-07-13T07:59:53.993020+00:00,13.0,18.4,0,32.0,40.3,499,WEATHER,SHIFT_B (14:00-22:00),0.87
IMO9303136,X-Press Feeders Feeder 3136,X-Press Feeders,Feeder,2189,169.6,7.8,B-10,2,2024-10-19T09:44:43.671659+00:00,2024-10-19T12:04:31.671659+00:00,2024-10-20T04:52:31.671659+00:00,13.9,21.2,0,17.4,16.8,0,NONE,SHIFT_A (06:00-14:00),2.33
IMO9303137,Hapag-Lloyd Handymax 3137,Hapag-Lloyd,Handymax,3361,210.7,9.6,B-06,3,2025-01-19T01:42:30.088268+00:00,2025-01-19T01:42:30.088268+00:00,2025-01-19T22:42:30.088268+00:00,15.7,18.8,0,21.9,21.0,0,NONE,SHIFT_C (22:00-06:00),0.0
IMO9303138,Hapag-Lloyd Post-Panamax 3138,Hapag-Lloyd,Post-Panamax,7471,317.5,13.8,B-01,4,2024-11-12T12:11:58.273491+00:00,2024-11-12T13:32:22.273491+00:00,2024-11-14T22:08:22.273491+00:00,12.6,6.1,0,45.5,56.6,668,TIDAL_WINDOW_MISSED,SHIFT_A (06:00-14:00),1.34
IMO9303139,COSCO Handymax 3139,COSCO,Handymax,2764,191.0,10.6,B-09,2,2025-11-13T01:27:42.686479+00:00,2025-11-13T05:19:54.686479+00:00,2025-11-14T07:01:54.686479+00:00,13.2,22.5,0,23.4,25.7,137,WEATHER,SHIFT_C (22:00-06:00),3.87
IMO9303140,MSC Post-Panamax 3140,MSC,Post-Panamax,6512,335.8,13.0,B-01,4,2026-09-17T10:57:50.141485+00:00,2026-09-17T10:57:50.141485+00:00,2026-09-19T05:33:50.141485+00:00,13.6,8.8,0,43.1,42.6,0,NONE,SHIFT_A (06:00-14:00),0.0
IMO9303141,X-Press Feeders Handymax 3141,X-Press Feeders,Handymax,2394,194.5,9.6,B-07,3,2025-07-22T03:40:23.346180+00:00,2025-07-22T03:40:23.346180+00:00,2025-07-23T03:58:23.346180+00:00,15.2,5.9,0,24.2,24.3,0,NONE,SHIFT_C (22:00-06:00),0.0
IMO9303142,Hapag-Lloyd Post-Panamax 3142,Hapag-Lloyd,Post-Panamax,8932,312.1,12.6,B-04,3,2025-03-19T19:38:07.530807+00:00,2025-03-19T20:36:19.530807+00:00,2025-03-21T23:42:19.530807+00:00,13.7,8.8,0,51.3,51.1,0,NONE,SHIFT_B (14:00-22:00),0.97
IMO9303143,X-Press Feeders Feeder 3143,X-Press Feeders,Feeder,1747,187.0,7.8,B-08,2,2025-01-24T10:06:43.601396+00:00,2025-01-24T11:24:43.601396+00:00,2025-01-25T07:30:43.601396+00:00,13.0,21.6,0,19.4,20.1,0,NONE,SHIFT_A (06:00-14:00),1.3
IMO9303144,CMA CGM Post-Panamax 3144,CMA CGM,Post-Panamax,7720,331.7,14.2,B-05,3,2026-04-25T13:27:57.698930+00:00,2026-04-25T14:41:09.698930+00:00,2026-04-27T08:11:09.698930+00:00,15.1,28.4,1,42.4,41.5,0,NONE,SHIFT_B (14:00-22:00),1.22
IMO9303145,MSC Feeder 3145,MSC,Feeder,2036,155.9,7.3,B-08,2,2026-04-12T17:02:34.739059+00:00,2026-04-12T20:29:34.739059+00:00,2026-04-13T16:35:34.739059+00:00,12.9,11.9,0,19.6,20.1,0,NONE,SHIFT_B (14:00-22:00),3.45
IMO9303146,OOCL Panamax 3146,OOCL,Panamax,3830,251.0,10.9,B-04,3,2025-07-17T11:54:03.296183+00:00,2025-07-17T15:21:03.296183+00:00,2025-07-18T23:39:03.296183+00:00,9.8,33.2,1,32.5,32.3,0,NONE,SHIFT_B (14:00-22:00),3.45
IMO9303147,CMA CGM Panamax 3147,CMA CGM,Panamax,5094,280.4,10.3,B-05,3,2026-09-04T22:40:22.770708+00:00,2026-09-04T23:42:46.770708+00:00,2026-09-06T06:42:46.770708+00:00,12.7,15.6,0,31.1,31.0,0,NONE,SHIFT_C (22:00-06:00),1.04
IMO9303148,HMM Panamax 3148,HMM,Panamax,4651,274.4,10.9,B-07,3,2025-08-27T04:04:34.892409+00:00,2025-08-27T04:18:22.892409+00:00,2025-08-28T23:48:22.892409+00:00,16.8,13.9,0,41.2,43.5,140,YARD_CONGESTION,SHIFT_C (22:00-06:00),0.23
IMO9303149,Yang Ming ULCV 3149,Yang Ming,ULCV,14585,366.4,16.1,B-03,4,2025-04-23T03:47:26.281260+00:00,2025-04-23T06:36:02.281260+00:00,2025-04-26T02:48:02.281260+00:00,15.1,15.0,0,65.1,68.2,189,WEATHER,SHIFT_A (06:00-14:00),2.81
IMO9303150,ONE Neo-Panamax 3150,ONE,Neo-Panamax,10719,350.0,15.2,B-01,4,2025-01-25T04:35:54.461098+00:00,2025-01-25T06:01:42.461098+00:00,2025-01-27T09:01:42.461098+00:00,13.8,12.9,0,51.7,51.0,0,NONE,SHIFT_A (06:00-14:00),1.43
IMO9303151,ZIM Panamax 3151,ZIM,Panamax,3487,272.7,10.8,B-05,3,2025-10-29T20:29:07.341976+00:00,2025-10-29T21:26:43.341976+00:00,2025-10-31T07:44:43.341976+00:00,15.3,16.6,0,31.0,34.3,200,WEATHER,SHIFT_B (14:00-22:00),0.96
IMO9303152,PIL Post-Panamax 3152,PIL,Post-Panamax,8431,345.3,13.3,B-04,3,2024-10-10T15:09:41.910002+00:00,2024-10-10T16:24:05.910002+00:00,2024-10-13T02:06:05.910002+00:00,15.1,6.0,0,55.7,57.7,122,WEATHER,SHIFT_B (14:00-22:00),1.24
IMO9303153,CMA CGM Handymax 3153,CMA CGM,Handymax,3188,208.4,9.5,B-06,3,2026-08-30T05:39:43.946336+00:00,2026-08-30T08:56:31.946336+00:00,2026-08-31T09:08:31.946336+00:00,13.1,11.3,0,23.8,24.2,0,NONE,SHIFT_A (06:00-14:00),3.28
IMO9303154,CMA CGM Post-Panamax 3154,CMA CGM,Post-Panamax,8324,316.4,13.7,B-05,3,2026-03-18T17:45:03.482572+00:00,2026-03-18T18:27:39.482572+00:00,2026-03-20T17:45:39.482572+00:00,11.0,8.0,0,43.1,47.3,254,TIDAL_WINDOW_MISSED,SHIFT_B (14:00-22:00),0.71
IMO9303155,Evergreen Panamax 3155,Evergreen,Panamax,3222,250.4,11.7,B-04,3,2025-06-26T11:31:35.594791+00:00,2025-06-26T13:49:35.594791+00:00,2025-06-27T18:13:35.594791+00:00,12.9,19.1,0,27.8,28.4,0,NONE,SHIFT_A (06:00-14:00),2.3
IMO9303156,ZIM Neo-Panamax 3156,ZIM,Neo-Panamax,13495,362.4,14.4,B-03,4,2025-12-12T11:38:09.342677+00:00,2025-12-12T11:39:21.342677+00:00,2025-12-14T11:33:21.342677+00:00,14.7,6.6,0,44.0,47.9,232,WEATHER,SHIFT_A (06:00-14:00),0.02
IMO9303157,Maersk Feeder 3157,Maersk,Feeder,902,154.6,9.2,B-10,2,2024-10-20T22:28:00.798146+00:00,2024-10-21T00:41:12.798146+00:00,2024-10-21T18:17:12.798146+00:00,12.9,33.2,1,17.7,17.6,0,NONE,SHIFT_C (22:00-06:00),2.2199999999999998
IMO9303158,Wan Hai Post-Panamax 3158,Wan Hai,Post-Panamax,6555,335.1,12.9,B-01,4,2026-04-05T08:34:56.972502+00:00,2026-04-05T09:22:20.972502+00:00,2026-04-07T13:10:20.972502+00:00,12.5,9.0,0,52.1,51.8,0,NONE,SHIFT_A (06:00-14:00),0.79
IMO9303159,KMTC Panamax 3159,KMTC,Panamax,4270,232.5,10.3,B-06,3,2025-06-19T06:12:38.106684+00:00,2025-06-19T09:18:38.106684+00:00,2025-06-20T23:24:38.106684+00:00,11.3,30.6,1,35.8,38.1,137,YARD_CONGESTION,SHIFT_A (06:00-14:00),3.1
IMO9303160,CMA CGM ULCV 3160,CMA CGM,ULCV,14164,386.4,14.6,B-01,4,2025-01-06T18:43:25.456426+00:00,2025-01-06T18:43:25.456426+00:00,2025-01-09T18:43:25.456426+00:00,14.3,22.7,1,72.7,72.0,0,NONE,SHIFT_B (14:00-22:00),0.0
IMO9303161,OOCL Neo-Panamax 3161,OOCL,Neo-Panamax,14354,358.1,14.4,B-02,4,2025-07-29T20:20:28.980347+00:00,2025-07-29T21:59:28.980347+00:00,2025-08-01T02:23:28.980347+00:00,13.6,15.4,0,52.7,52.4,0,NONE,SHIFT_B (14:00-22:00),1.65
IMO9303162,HMM Feeder 3162,HMM,Feeder,987,145.4,9.0,B-08,2,2025-09-07T04:20:32.923254+00:00,2025-09-07T07:13:20.923254+00:00,2025-09-08T03:37:20.923254+00:00,16.4,1.5,0,20.7,20.4,0,NONE,SHIFT_A (06:00-14:00),2.88
IMO9303163,COSCO Handymax 3163,COSCO,Handymax,2210,206.9,9.4,B-07,3,2025-06-27T05:56:37.942563+00:00,2025-06-27T08:09:13.942563+00:00,2025-06-28T14:33:13.942563+00:00,12.8,12.6,0,25.6,30.4,285,YARD_CONGESTION,SHIFT_A (06:00-14:00),2.21
IMO9303164,ONE Handymax 3164,ONE,Handymax,2947,204.4,9.1,B-08,2,2024-12-11T15:02:54.311035+00:00,2024-12-11T16:23:54.311035+00:00,2024-12-12T22:05:54.311035+00:00,17.5,22.9,0,30.2,29.7,0,NONE,SHIFT_B (14:00-22:00),1.35
IMO9303165,Hapag-Lloyd Handymax 3165,Hapag-Lloyd,Handymax,2715,183.8,9.0,B-09,2,2025-02-25T15:00:49.913741+00:00,2025-02-25T16:32:01.913741+00:00,2025-02-26T17:26:01.913741+00:00,13.4,14.0,0,21.0,24.9,236,YARD_CONGESTION,SHIFT_B (14:00-22:00),1.52
IMO9303166,KMTC Feeder 3166,KMTC,Feeder,1467,172.6,9.1,B-09,2,2025-04-17T19:58:34.723903+00:00,2025-04-17T21:00:22.723903+00:00,2025-04-18T13:42:22.723903+00:00,17.0,4.4,0,16.1,16.7,0,NONE,SHIFT_B (14:00-22:00),1.03
IMO9303167,Evergreen Feeder 3167,Evergreen,Feeder,2304,161.2,7.5,B-09,2,2025-09-07T21:57:41.912734+00:00,2025-09-07T23:33:05.912734+00:00,2025-09-08T18:27:05.912734+00:00,12.1,24.8,0,18.5,18.9,0,NONE,SHIFT_C (22:00-06:00),1.59
IMO9303168,PIL Panamax 3168,PIL,Panamax,3891,280.8,11.9,B-07,3,2026-09-04T04:11:12.141361+00:00,2026-09-04T05:49:00.141361+00:00,2026-09-05T19:55:00.141361+00:00,13.9,5.1,0,33.5,38.1,274,CRANE_OUTAGE,SHIFT_C (22:00-06:00),1.63
IMO9303169,ONE Feeder 3169,ONE,Feeder,1637,186.2,8.7,B-09,2,2025-12-23T14:39:44.180605+00:00,2025-12-23T16:35:32.180605+00:00,2025-12-24T17:23:32.180605+00:00,14.6,9.1,0,22.0,24.8,170,CRANE_OUTAGE,SHIFT_B (14:00-22:00),1.93
IMO9303170,COSCO Neo-Panamax 3170,COSCO,Neo-Panamax,13635,361.6,15.2,B-02,4,2024-11-21T17:40:23.746310+00:00,2024-11-21T22:27:47.746310+00:00,2024-11-24T00:27:47.746310+00:00,11.8,21.1,0,49.7,50.0,0,NONE,SHIFT_C (22:00-06:00),4.79
IMO9303171,SITC Feeder 3171,SITC,Feeder,1767,189.3,8.5,B-08,2,2025-09-05T10:26:53.156988+00:00,2025-09-05T12:26:17.156988+00:00,2025-09-06T08:20:17.156988+00:00,12.4,24.1,0,18.5,19.9,83,YARD_CONGESTION,SHIFT_A (06:00-14:00),1.99
IMO9303172,Hapag-Lloyd Post-Panamax 3172,Hapag-Lloyd,Post-Panamax,9697,332.7,14.1,B-03,4,2025-10-27T07:41:31.950277+00:00,2025-10-27T09:10:55.950277+00:00,2025-10-29T01:46:55.950277+00:00,16.2,20.8,0,40.2,40.6,0,NONE,SHIFT_A (06:00-14:00),1.49
IMO9303173,ZIM Handymax 3173,ZIM,Handymax,2671,193.3,8.9,B-09,2,2026-05-29T21:14:50.430709+00:00,2026-05-30T02:22:02.430709+00:00,2026-05-31T05:10:02.430709+00:00,11.1,31.2,1,24.7,26.8,127,CRANE_OUTAGE,SHIFT_C (22:00-06:00),5.12
IMO9303174,X-Press Feeders Panamax 3174,X-Press Feeders,Panamax,4833,228.5,11.0,B-04,3,2025-08-11T23:33:26.647561+00:00,2025-08-11T23:33:26.647561+00:00,2025-08-13T13:09:26.647561+00:00,11.6,25.4,0,37.5,37.6,0,NONE,SHIFT_C (22:00-06:00),0.0
IMO9303175,HMM Post-Panamax 3175,HMM,Post-Panamax,9648,317.0,12.6,B-05,3,2026-04-27T12:17:34.308730+00:00,2026-04-27T13:22:22.308730+00:00,2026-04-30T00:52:22.308730+00:00,12.1,5.5,0,50.1,59.5,566,TIDAL_WINDOW_MISSED,SHIFT_A (06:00-14:00),1.08
IMO9303176,Evergreen Feeder 3176,Evergreen,Feeder,1814,159.1,7.9,B-08,2,2025-03-27T09:55:45.155785+00:00,2025-03-27T12:47:21.155785+00:00,2025-03-28T04:47:21.155785+00:00,13.0,10.1,0,15.9,16.0,0,NONE,SHIFT_A (06:00-14:00),2.86
IMO9303177,KMTC Post-Panamax 3177,KMTC,Post-Panamax,6783,345.6,13.1,B-05,3,2025-12-16T09:13:33.015999+00:00,2025-12-16T10:27:21.015999+00:00,2025-12-18T03:57:21.015999+00:00,15.4,11.7,0,41.1,41.5,0,NONE,SHIFT_A (06:00-14:00),1.23
IMO9303178,X-Press Feeders Feeder 3178,X-Press Feeders,Feeder,987,175.8,8.3,B-08,2,2025-10-21T22:22:25.855285+00:00,2025-10-21T23:08:37.855285+00:00,2025-10-22T12:20:37.855285+00:00,14.4,10.9,0,13.5,13.2,0,NONE,SHIFT_C (22:00-06:00),0.77
IMO9303179,KMTC Feeder 3179,KMTC,Feeder,1483,160.7,8.3,B-10,2,2025-05-29T15:00:42.950021+00:00,2025-05-29T16:01:18.950021+00:00,2025-05-30T20:01:18.950021+00:00,17.6,10.7,0,19.3,28.0,520,WEATHER,SHIFT_B (14:00-22:00),1.01
IMO9303180,KMTC Feeder 3180,KMTC,Feeder,1812,181.5,8.8,B-09,2,2025-01-11T23:04:07.967974+00:00,2025-01-11T23:22:07.967974+00:00,2025-01-12T17:58:07.967974+00:00,10.4,9.4,0,16.5,18.6,127,WEATHER,SHIFT_C (22:00-06:00),0.3
IMO9303181,CMA CGM Post-Panamax 3181,CMA CGM,Post-Panamax,8993,334.2,13.5,B-02,4,2025-09-14T10:56:04.215103+00:00,2025-09-14T12:26:40.215103+00:00,2025-09-16T17:26:40.215103+00:00,15.8,21.5,0,52.3,53.0,0,NONE,SHIFT_A (06:00-14:00),1.51
IMO9303182,HMM Handymax 3182,HMM,Handymax,3138,187.1,9.9,B-06,3,2026-08-01T21:45:41.518331+00:00,2026-08-01T22:58:17.518331+00:00,2026-08-02T19:58:17.518331+00:00,14.5,15.8,0,21.8,21.0,0,NONE,SHIFT_C (22:00-06:00),1.21
IMO9303183,Yang Ming ULCV 3183,Yang Ming,ULCV,20331,369.6,14.8,B-02,4,2025-06-29T17:27:56.462875+00:00,2025-06-29T18:00:56.462875+00:00,2025-07-02T10:00:56.462875+00:00,15.1,9.5,1,64.8,64.0,0,NONE,SHIFT_B (14:00-22:00),0.55
IMO9303184,Maersk Post-Panamax 3184,Maersk,Post-Panamax,7651,315.4,13.9,B-04,3,2025-01-10T06:42:23.325006+00:00,2025-01-10T08:31:35.325006+00:00,2025-01-12T04:13:35.325006+00:00,11.0,15.8,0,43.6,43.7,0,NONE,SHIFT_A (06:00-14:00),1.82
IMO9303185,KMTC Feeder 3185,KMTC,Feeder,1038,143.1,9.1,B-09,2,2026-01-13T14:59:21.342113+00:00,2026-01-13T16:47:21.342113+00:00,2026-01-14T08:11:21.342113+00:00,13.7,13.2,0,15.8,15.4,0,NONE,SHIFT_B (14:00-22:00),1.8
IMO9303186,MSC Feeder 3186,MSC,Feeder,942,131.1,9.2,B-09,2,2025-07-12T01:37:51.330079+00:00,2025-07-12T03:19:51.330079+00:00,2025-07-12T21:07:51.330079+00:00,14.5,23.7,0,17.7,17.8,0,NONE,SHIFT_C (22:00-06:00),1.7
IMO9303187,Maersk Feeder 3187,Maersk,Feeder,865,134.5,8.7,B-08,2,2026-08-27T16:05:08.828571+00:00,2026-08-27T16:05:08.828571+00:00,2026-08-28T13:47:08.828571+00:00,13.0,25.7,0,21.1,21.7,0,NONE,SHIFT_B (14:00-22:00),0.0
IMO9303188,X-Press Feeders Post-Panamax 3188,X-Press Feeders,Post-Panamax,8435,330.8,12.7,B-04,3,2026-08-23T09:14:43.395146+00:00,2026-08-23T11:00:19.395146+00:00,2026-08-25T13:54:19.395146+00:00,15.8,14.6,0,50.6,50.9,0,NONE,SHIFT_A (06:00-14:00),1.76
IMO9303189,Maersk Handymax 3189,Maersk,Handymax,2419,197.4,10.6,B-08,2,2026-04-06T15:21:37.260747+00:00,2026-04-06T17:37:13.260747+00:00,2026-04-07T17:01:13.260747+00:00,14.1,6.8,0,22.6,23.4,0,NONE,SHIFT_B (14:00-22:00),2.26
IMO9303190,HMM Feeder 3190,HMM,Feeder,1300,152.7,7.3,B-08,2,2024-12-25T02:41:21.172070+00:00,2024-12-25T04:25:45.172070+00:00,2024-12-25T23:55:45.172070+00:00,17.1,12.5,0,20.1,19.5,0,NONE,SHIFT_C (22:00-06:00),1.74
IMO9303191,Maersk Post-Panamax 3191,Maersk,Post-Panamax,6951,329.6,13.4,B-05,3,2025-01-25T11:14:23.160111+00:00,2025-01-25T14:00:35.160111+00:00,2025-01-27T14:30:35.160111+00:00,10.4,32.7,1,48.7,48.5,0,NONE,SHIFT_B (14:00-22:00),2.77
IMO9303192,Yang Ming Handymax 3192,Yang Ming,Handymax,2786,202.5,9.1,B-07,3,2025-05-30T15:21:06.846786+00:00,2025-05-30T16:06:42.846786+00:00,2025-05-31T15:18:42.846786+00:00,16.5,15.6,0,23.1,23.2,0,NONE,SHIFT_B (14:00-22:00),0.76
IMO9303193,Maersk Panamax 3193,Maersk,Panamax,4222,269.2,10.1,B-04,3,2025-12-10T05:56:54.287977+00:00,2025-12-10T06:40:06.287977+00:00,2025-12-11T13:04:06.287977+00:00,12.6,4.4,0,31.2,30.4,0,NONE,SHIFT_A (06:00-14:00),0.72
IMO9303194,Maersk Handymax 3194,Maersk,Handymax,2461,218.6,10.5,B-08,2,2025-03-14T05:16:08.498536+00:00,2025-03-14T05:22:44.498536+00:00,2025-03-15T09:22:44.498536+00:00,12.1,26.5,0,27.8,28.0,0,NONE,SHIFT_C (22:00-06:00),0.11
IMO9303195,ZIM Post-Panamax 3195,ZIM,Post-Panamax,7821,319.4,14.0,B-01,4,2026-07-09T21:38:15.756198+00:00,2026-07-10T01:16:39.756198+00:00,2026-07-12T02:16:39.756198+00:00,16.1,17.3,0,48.2,49.0,0,NONE,SHIFT_C (22:00-06:00),3.64
IMO9303196,Maersk Feeder 3196,Maersk,Feeder,2016,154.4,7.0,B-08,2,2025-01-13T10:12:06.404661+00:00,2025-01-13T11:58:18.404661+00:00,2025-01-14T08:28:18.404661+00:00,19.1,21.3,0,19.7,20.5,0,NONE,SHIFT_A (06:00-14:00),1.77
IMO9303197,Evergreen Panamax 3197,Evergreen,Panamax,4938,247.3,11.8,B-06,3,2025-02-17T20:18:32.345833+00:00,2025-02-17T21:48:32.345833+00:00,2025-02-19T06:48:32.345833+00:00,15.3,13.1,0,33.1,33.0,0,NONE,SHIFT_B (14:00-22:00),1.5
IMO9303198,ONE ULCV 3198,ONE,ULCV,19665,390.9,15.8,B-02,4,2025-08-27T03:23:15.949985+00:00,2025-08-27T05:22:39.949985+00:00,2025-08-29T16:28:39.949985+00:00,15.8,20.7,0,56.2,59.1,174,WEATHER,SHIFT_C (22:00-06:00),1.99
IMO9303199,Maersk Feeder 3199,Maersk,Feeder,1938,145.4,9.4,B-09,2,2026-07-22T09:11:55.175276+00:00,2026-07-22T11:13:43.175276+00:00,2026-07-23T04:13:43.175276+00:00,14.7,21.8,0,17.5,17.0,0,NONE,SHIFT_A (06:00-14:00),2.03
IMO9303200,Hapag-Lloyd Handymax 3200,Hapag-Lloyd,Handymax,2960,208.9,10.3,B-06,3,2025-05-12T10:35:58.528930+00:00,2025-05-12T12:08:22.528930+00:00,2025-05-13T13:38:22.528930+00:00,13.1,16.9,0,24.9,25.5,0,NONE,SHIFT_A (06:00-14:00),1.54
IMO9303201,PIL Handymax 3201,PIL,Handymax,2104,194.2,10.9,B-06,3,2026-06-05T17:58:50.666635+00:00,2026-06-05T19:42:02.666635+00:00,2026-06-06T17:18:02.666635+00:00,14.3,13.8,0,22.0,21.6,0,NONE,SHIFT_B (14:00-22:00),1.72
IMO9303202,HMM Neo-Panamax 3202,HMM,Neo-Panamax,11138,343.5,14.4,B-03,4,2026-03-19T06:45:06.516258+00:00,2026-03-19T07:39:42.516258+00:00,2026-03-21T18:51:42.516258+00:00,18.2,13.5,0,59.2,59.2,0,NONE,SHIFT_A (06:00-14:00),0.91
IMO9303203,HMM ULCV 3203,HMM,ULCV,15907,377.0,15.8,B-02,4,2025-04-25T12:09:01.695704+00:00,2025-04-25T12:55:13.695704+00:00,2025-04-28T10:31:13.695704+00:00,12.8,7.9,1,69.2,69.6,0,NONE,SHIFT_A (06:00-14:00),0.77
IMO9303204,Evergreen Feeder 3204,Evergreen,Feeder,1214,151.8,7.8,B-10,2,2025-06-01T10:48:14.833769+00:00,2025-06-01T12:26:38.833769+00:00,2025-06-02T03:44:38.833769+00:00,14.4,8.8,0,16.0,15.3,0,NONE,SHIFT_A (06:00-14:00),1.64
IMO9303205,PIL Feeder 3205,PIL,Feeder,1557,148.0,7.2,B-09,2,2025-05-17T15:58:35.814096+00:00,2025-05-17T20:32:11.814096+00:00,2025-05-18T12:08:11.814096+00:00,11.8,33.1,1,15.8,15.6,0,NONE,SHIFT_B (14:00-22:00),4.5600000000000005
IMO9303206,ONE Panamax 3206,ONE,Panamax,4663,272.9,11.2,B-04,3,2026-08-30T06:13:58.316519+00:00,2026-08-30T07:13:58.316519+00:00,2026-08-31T06:43:58.316519+00:00,14.9,27.3,0,23.4,23.5,0,NONE,SHIFT_A (06:00-14:00),1.0
IMO9303207,PIL Post-Panamax 3207,PIL,Post-Panamax,6998,321.7,12.7,B-04,3,2026-02-25T04:52:31.745954+00:00,2026-02-25T06:33:19.745954+00:00,2026-02-27T01:09:19.745954+00:00,16.3,29.0,1,43.0,42.6,0,NONE,SHIFT_A (06:00-14:00),1.68
IMO9303208,MSC Feeder 3208,MSC,Feeder,918,163.3,9.3,B-10,2,2025-05-16T13:30:25.851147+00:00,2025-05-16T16:04:01.851147+00:00,2025-05-17T11:22:01.851147+00:00,18.8,18.4,0,18.5,19.3,0,NONE,SHIFT_B (14:00-22:00),2.56
IMO9303209,Hapag-Lloyd ULCV 3209,Hapag-Lloyd,ULCV,23504,378.1,16.3,B-03,4,2024-12-21T00:59:16.267034+00:00,2024-12-21T01:30:28.267034+00:00,2024-12-23T11:30:28.267034+00:00,14.4,7.7,0,58.0,58.0,0,NONE,SHIFT_C (22:00-06:00),0.52
IMO9303210,Wan Hai Neo-Panamax 3210,Wan Hai,Neo-Panamax,12016,357.8,13.8,B-01,4,2024-11-11T16:39:07.133566+00:00,2024-11-11T19:59:31.133566+00:00,2024-11-13T15:11:31.133566+00:00,14.0,18.9,0,43.2,43.2,0,NONE,SHIFT_B (14:00-22:00),3.34
IMO9303211,COSCO Panamax 3211,COSCO,Panamax,5167,280.3,11.1,B-04,3,2025-03-06T17:26:14.407626+00:00,2025-03-06T20:41:50.407626+00:00,2025-03-08T10:05:50.407626+00:00,17.8,22.6,0,33.0,37.4,263,WEATHER,SHIFT_B (14:00-22:00),3.26
IMO9303212,KMTC Feeder 3212,KMTC,Feeder,2303,159.3,9.2,B-10,2,2025-08-24T17:46:35.185332+00:00,2025-08-24T17:46:35.185332+00:00,2025-08-25T16:16:35.185332+00:00,15.1,22.7,0,23.3,22.5,0,NONE,SHIFT_B (14:00-22:00),0.0
IMO9303213,OOCL Panamax 3213,OOCL,Panamax,3582,252.5,10.8,B-04,3,2025-07-26T16:00:45.649840+00:00,2025-07-26T16:19:57.649840+00:00,2025-07-28T03:25:57.649840+00:00,12.2,11.8,0,36.0,35.1,0,NONE,SHIFT_B (14:00-22:00),0.32
IMO9303214,OOCL Handymax 3214,OOCL,Handymax,2627,191.7,10.8,B-08,2,2024-11-13T13:58:00.028134+00:00,2024-11-13T13:58:00.028134+00:00,2024-11-14T15:58:00.028134+00:00,15.9,10.8,0,21.0,26.0,299,TIDAL_WINDOW_MISSED,SHIFT_A (06:00-14:00),0.0
IMO9303215,Yang Ming Neo-Panamax 3215,Yang Ming,Neo-Panamax,13856,353.3,15.1,B-01,4,2025-08-16T19:11:26.291968+00:00,2025-08-16T20:43:14.291968+00:00,2025-08-19T00:37:14.291968+00:00,15.3,19.4,0,51.8,51.9,0,NONE,SHIFT_B (14:00-22:00),1.53
IMO9303216,SITC Panamax 3216,SITC,Panamax,3737,263.7,11.1,B-07,3,2026-04-08T03:47:25.383407+00:00,2026-04-08T04:07:13.383407+00:00,2026-04-10T01:49:13.383407+00:00,15.4,20.0,0,40.8,45.7,295,YARD_CONGESTION,SHIFT_C (22:00-06:00),0.33
IMO9303217,ONE Post-Panamax 3217,ONE,Post-Panamax,7145,333.8,13.8,B-05,3,2025-05-26T10:29:28.614440+00:00,2025-05-26T13:04:52.614440+00:00,2025-05-28T09:34:52.614440+00:00,15.0,21.3,0,41.5,44.5,180,YARD_CONGESTION,SHIFT_A (06:00-14:00),2.59
IMO9303218,Yang Ming Feeder 3218,Yang Ming,Feeder,1718,148.5,7.1,B-09,2,2025-09-10T05:17:10.608524+00:00,2025-09-10T05:17:10.608524+00:00,2025-09-11T01:53:10.608524+00:00,15.9,24.3,0,20.9,20.6,0,NONE,SHIFT_C (22:00-06:00),0.0
IMO9303219,CMA CGM Post-Panamax 3219,CMA CGM,Post-Panamax,6773,332.0,14.0,B-03,4,2025-02-12T03:15:54.517333+00:00,2025-02-12T03:49:30.517333+00:00,2025-02-14T08:31:30.517333+00:00,12.8,14.7,0,53.3,52.7,0,NONE,SHIFT_C (22:00-06:00),0.56
IMO9303220,SITC Post-Panamax 3220,SITC,Post-Panamax,10288,312.5,13.8,B-02,4,2025-08-29T21:19:31.516312+00:00,2025-08-29T22:32:07.516312+00:00,2025-08-31T19:32:07.516312+00:00,16.7,5.4,0,45.5,45.0,0,NONE,SHIFT_C (22:00-06:00),1.21
IMO9303221,OOCL Feeder 3221,OOCL,Feeder,2335,172.9,9.0,B-10,2,2026-06-07T08:58:41.750668+00:00,2026-06-07T13:55:41.750668+00:00,2026-06-08T09:37:41.750668+00:00,11.9,42.8,1,19.7,19.7,0,NONE,SHIFT_A (06:00-14:00),4.95
IMO9303222,Yang Ming Neo-Panamax 3222,Yang Ming,Neo-Panamax,12298,359.1,14.1,B-02,4,2024-11-16T19:05:41.365519+00:00,2024-11-16T22:05:05.365519+00:00,2024-11-19T06:41:05.365519+00:00,13.2,22.1,0,54.2,56.6,144,YARD_CONGESTION,SHIFT_C (22:00-06:00),2.99
IMO9303223,COSCO Feeder 3223,COSCO,Feeder,1469,176.7,8.3,B-10,2,2026-05-14T11:05:08.062917+00:00,2026-05-14T11:47:44.062917+00:00,2026-05-15T10:53:44.062917+00:00,15.7,20.2,0,23.0,23.1,0,NONE,SHIFT_A (06:00-14:00),0.71
IMO9303224,ONE Feeder 3224,ONE,Feeder,2167,132.7,7.7,B-09,2,2025-10-12T04:41:28.655413+00:00,2025-10-12T06:20:28.655413+00:00,2025-10-13T00:08:28.655413+00:00,15.9,20.5,0,17.0,17.8,50,YARD_CONGESTION,SHIFT_A (06:00-14:00),1.65
IMO9303225,MSC Panamax 3225,MSC,Panamax,4083,282.3,11.6,B-04,3,2025-09-17T11:49:49.708284+00:00,2025-09-17T12:13:49.708284+00:00,2025-09-18T21:37:49.708284+00:00,12.4,18.9,0,30.3,33.4,184,WEATHER,SHIFT_A (06:00-14:00),0.4
IMO9303226,Evergreen Panamax 3226,Evergreen,Panamax,4074,250.3,10.9,B-07,3,2026-08-24T17:32:39.294655+00:00,2026-08-24T22:00:15.294655+00:00,2026-08-26T13:54:15.294655+00:00,13.3,28.8,1,31.3,39.9,517,WEATHER,SHIFT_C (22:00-06:00),4.46
IMO9303227,HMM Feeder 3227,HMM,Feeder,1857,163.8,8.7,B-08,2,2026-05-04T11:43:13.082754+00:00,2026-05-04T14:34:49.082754+00:00,2026-05-05T09:46:49.082754+00:00,12.9,17.1,0,19.6,19.2,0,NONE,SHIFT_B (14:00-22:00),2.86
IMO9303228,Maersk Panamax 3228,Maersk,Panamax,3941,274.3,11.3,B-06,3,2025-08-05T17:34:54.027568+00:00,2025-08-05T20:33:42.027568+00:00,2025-08-07T06:09:42.027568+00:00,12.8,18.5,0,34.3,33.6,0,NONE,SHIFT_B (14:00-22:00),2.98
IMO9303229,KMTC Panamax 3229,KMTC,Panamax,3957,258.8,10.2,B-07,3,2025-06-08T05:52:40.551293+00:00,2025-06-08T07:43:40.551293+00:00,2025-06-09T13:55:40.551293+00:00,13.8,15.0,0,30.5,30.2,0,NONE,SHIFT_A (06:00-14:00),1.85
IMO9303230,Evergreen Neo-Panamax 3230,Evergreen,Neo-Panamax,12040,349.5,14.5,B-01,4,2024-11-16T05:33:43.093139+00:00,2024-11-16T05:42:43.093139+00:00,2024-11-18T10:12:43.093139+00:00,14.0,6.1,0,53.1,52.5,0,NONE,SHIFT_C (22:00-06:00),0.15
IMO9303231,CMA CGM Panamax 3231,CMA CGM,Panamax,5134,284.0,10.9,B-07,3,2025-12-01T17:54:26.119507+00:00,2025-12-01T20:35:50.119507+00:00,2025-12-03T09:35:50.119507+00:00,16.2,17.3,0,34.1,37.0,173,YARD_CONGESTION,SHIFT_B (14:00-22:00),2.69
IMO9303232,CMA CGM Panamax 3232,CMA CGM,Panamax,4016,220.3,11.4,B-04,3,2025-11-21T19:52:42.753833+00:00,2025-11-21T21:44:54.753833+00:00,2025-11-23T09:32:54.753833+00:00,15.5,16.0,0,35.7,35.8,0,NONE,SHIFT_B (14:00-22:00),1.87
IMO9303233,Wan Hai Feeder 3233,Wan Hai,Feeder,2349,184.3,8.4,B-08,2,2025-03-08T01:31:32.471291+00:00,2025-03-08T05:18:20.471291+00:00,2025-03-09T00:06:20.471291+00:00,11.6,22.1,0,19.3,18.8,0,NONE,SHIFT_C (22:00-06:00),3.78
IMO9303234,Yang Ming Panamax 3234,Yang Ming,Panamax,4727,261.5,10.5,B-05,3,2026-03-27T08:44:39.450323+00:00,2026-03-27T11:47:03.450323+00:00,2026-03-28T23:35:03.450323+00:00,11.8,31.4,1,35.3,35.8,0,NONE,SHIFT_A (06:00-14:00),3.04
IMO9303235,KMTC Feeder 3235,KMTC,Feeder,2414,178.0,8.7,B-08,2,2026-04-04T20:02:30.106215+00:00,2026-04-04T22:54:06.106215+00:00,2026-04-05T20:36:06.106215+00:00,15.4,15.2,0,21.8,21.7,0,NONE,SHIFT_C (22:00-06:00),2.86
IMO9303236,HMM ULCV 3236,HMM,ULCV,16464,389.9,14.7,B-03,4,2024-12-18T17:10:31.237292+00:00,2024-12-18T18:48:55.237292+00:00,2024-12-21T23:42:55.237292+00:00,18.6,0.7,0,75.1,76.9,109,WEATHER,SHIFT_B (14:00-22:00),1.64
IMO9303237,ONE ULCV 3237,ONE,ULCV,22986,391.7,14.8,B-02,4,2026-02-08T21:15:20.292946+00:00,2026-02-08T22:21:20.292946+00:00,2026-02-11T21:33:20.292946+00:00,15.5,22.9,0,70.5,71.2,0,NONE,SHIFT_C (22:00-06:00),1.1
IMO9303238,Hapag-Lloyd Post-Panamax 3238,Hapag-Lloyd,Post-Panamax,9836,339.9,13.4,B-01,4,2025-04-30T00:23:37.662467+00:00,2025-04-30T03:48:13.662467+00:00,2025-05-02T15:18:13.662467+00:00,12.2,32.5,1,55.0,59.5,268,CRANE_OUTAGE,SHIFT_C (22:00-06:00),3.41
IMO9303239,MSC Panamax 3239,MSC,Panamax,4195,249.9,11.5,B-04,3,2025-05-03T22:39:52.640027+00:00,2025-05-04T00:01:28.640027+00:00,2025-05-05T17:31:28.640027+00:00,13.7,9.5,0,34.7,41.5,405,CRANE_OUTAGE,SHIFT_C (22:00-06:00),1.36
IMO9303240,PIL Feeder 3240,PIL,Feeder,1838,155.0,7.2,B-09,2,2026-01-06T19:21:38.396115+00:00,2026-01-06T20:25:50.396115+00:00,2026-01-07T19:43:50.396115+00:00,11.8,12.1,0,19.5,23.3,230,YARD_CONGESTION,SHIFT_B (14:00-22:00),1.07
IMO9303241,HMM Panamax 3241,HMM,Panamax,4695,287.5,11.0,B-04,3,2025-08-28T17:31:08.409480+00:00,2025-08-28T18:04:08.409480+00:00,2025-08-30T03:04:08.409480+00:00,11.5,27.0,0,33.0,33.0,0,NONE,SHIFT_B (14:00-22:00),0.55
IMO9303242,X-Press Feeders Feeder 3242,X-Press Feeders,Feeder,1346,132.3,7.3,B-09,2,2026-09-15T01:19:39.129376+00:00,2026-09-15T03:07:39.129376+00:00,2026-09-15T18:37:39.129376+00:00,15.7,12.3,0,16.3,15.5,0,NONE,SHIFT_C (22:00-06:00),1.8
IMO9303243,Evergreen Panamax 3243,Evergreen,Panamax,3293,263.2,11.6,B-07,3,2025-03-21T01:33:34.160202+00:00,2025-03-21T02:38:58.160202+00:00,2025-03-22T04:38:58.160202+00:00,10.0,14.0,0,27.0,26.0,0,NONE,SHIFT_C (22:00-06:00),1.09
IMO9303244,Maersk Neo-Panamax 3244,Maersk,Neo-Panamax,10737,347.9,14.5,B-03,4,2026-05-28T09:23:00.960429+00:00,2026-05-28T11:37:24.960429+00:00,2026-05-30T04:13:24.960429+00:00,16.4,17.5,0,40.9,40.6,0,NONE,SHIFT_A (06:00-14:00),2.24
IMO9303245,COSCO Handymax 3245,COSCO,Handymax,2208,180.6,9.5,B-09,2,2024-11-26T17:22:05.622945+00:00,2024-11-26T21:13:41.622945+00:00,2024-11-27T16:31:41.622945+00:00,14.5,20.2,0,20.2,19.3,0,NONE,SHIFT_B (14:00-22:00),3.86
IMO9303246,ZIM Feeder 3246,ZIM,Feeder,2426,131.9,8.7,B-09,2,2025-07-22T01:53:15.721244+00:00,2025-07-22T03:54:27.721244+00:00,2025-07-23T01:48:27.721244+00:00,15.0,8.7,0,18.0,21.9,236,YARD_CONGESTION,SHIFT_C (22:00-06:00),2.02
IMO9303247,PIL Panamax 3247,PIL,Panamax,4548,242.4,10.6,B-05,3,2025-06-18T14:04:55.321719+00:00,2025-06-18T14:04:55.321719+00:00,2025-06-19T23:22:55.321719+00:00,12.9,19.2,0,29.4,33.3,234,CRANE_OUTAGE,SHIFT_B (14:00-22:00),0.0
IMO9303248,Wan Hai Handymax 3248,Wan Hai,Handymax,3071,219.6,9.7,B-08,2,2026-06-26T20:47:19.877475+00:00,2026-06-26T20:55:07.877475+00:00,2026-06-27T20:37:07.877475+00:00,14.9,16.7,0,24.0,23.7,0,NONE,SHIFT_B (14:00-22:00),0.13
IMO9303249,CMA CGM Feeder 3249,CMA CGM,Feeder,962,169.6,7.5,B-09,2,2025-12-19T21:01:39.519253+00:00,2025-12-20T00:53:15.519253+00:00,2025-12-20T18:41:15.519253+00:00,14.9,11.1,0,17.7,17.8,0,NONE,SHIFT_C (22:00-06:00),3.86
IMO9303250,ZIM Panamax 3250,ZIM,Panamax,4585,234.9,11.5,B-07,3,2026-01-25T02:03:04.664931+00:00,2026-01-25T02:49:16.664931+00:00,2026-01-26T13:01:16.664931+00:00,14.9,11.9,0,29.4,34.2,286,WEATHER,SHIFT_C (22:00-06:00),0.77
IMO9303251,HMM Panamax 3251,HMM,Panamax,3087,274.2,10.4,B-06,3,2026-05-01T08:14:35.792776+00:00,2026-05-01T10:30:11.792776+00:00,2026-05-02T19:00:11.792776+00:00,12.9,22.8,0,30.0,32.5,147,PILOT_UNAVAILABLE,SHIFT_A (06:00-14:00),2.26
IMO9303252,MSC Handymax 3252,MSC,Handymax,3486,201.9,10.5,B-06,3,2025-09-13T10:28:19.363627+00:00,2025-09-13T15:15:43.363627+00:00,2025-09-14T15:21:43.363627+00:00,14.0,21.1,0,23.9,24.1,0,NONE,SHIFT_B (14:00-22:00),4.79
IMO9303253,Yang Ming Feeder 3253,Yang Ming,Feeder,1332,186.3,8.3,B-09,2,2026-07-04T10:05:52.570109+00:00,2026-07-04T12:16:04.570109+00:00,2026-07-05T10:40:04.570109+00:00,12.8,26.7,0,21.8,22.4,0,NONE,SHIFT_A (06:00-14:00),2.17
IMO9303254,ONE Feeder 3254,ONE,Feeder,2208,182.8,8.5,B-09,2,2026-02-18T10:18:17.517737+00:00,2026-02-18T10:18:17.517737+00:00,2026-02-19T09:12:17.517737+00:00,15.5,29.1,1,19.1,22.9,230,WEATHER,SHIFT_A (06:00-14:00),0.0
IMO9303255,Wan Hai ULCV 3255,Wan Hai,ULCV,23774,377.2,15.4,B-01,4,2024-11-25T11:05:05.624218+00:00,2024-11-25T11:38:05.624218+00:00,2024-11-28T05:08:05.624218+00:00,14.8,13.0,0,64.3,65.5,74,YARD_CONGESTION,SHIFT_A (06:00-14:00),0.55
IMO9303256,ONE Handymax 3256,ONE,Handymax,3079,217.6,9.4,B-07,3,2025-11-04T02:53:06.551264+00:00,2025-11-04T03:00:54.551264+00:00,2025-11-05T05:42:54.551264+00:00,14.1,5.6,0,22.8,26.7,235,WEATHER,SHIFT_C (22:00-06:00),0.13
IMO9303257,X-Press Feeders Feeder 3257,X-Press Feeders,Feeder,1577,159.1,8.2,B-09,2,2025-07-09T00:25:15.024972+00:00,2025-07-09T01:57:39.024972+00:00,2025-07-09T20:57:39.024972+00:00,12.0,18.3,0,18.4,19.0,0,NONE,SHIFT_C (22:00-06:00),1.54
IMO9303258,ONE Handymax 3258,ONE,Handymax,2965,198.7,10.0,B-08,2,2026-01-24T20:57:15.353768+00:00,2026-01-24T20:57:15.353768+00:00,2026-01-25T20:27:15.353768+00:00,17.8,14.3,0,23.4,23.5,0,NONE,SHIFT_B (14:00-22:00),0.0
IMO9303259,Maersk Handymax 3259,Maersk,Handymax,3279,216.9,9.8,B-08,2,2024-12-08T01:56:09.129800+00:00,2024-12-08T03:54:21.129800+00:00,2024-12-09T00:48:21.129800+00:00,18.4,15.8,0,21.4,20.9,0,NONE,SHIFT_C (22:00-06:00),1.97
IMO9303260,X-Press Feeders Feeder 3260,X-Press Feeders,Feeder,1918,153.2,7.7,B-10,2,2025-11-15T08:43:44.959995+00:00,2025-11-15T10:40:08.959995+00:00,2025-11-16T09:52:08.959995+00:00,16.3,15.4,0,18.4,23.2,290,YARD_CONGESTION,SHIFT_A (06:00-14:00),1.94
IMO9303261,Yang Ming Panamax 3261,Yang Ming,Panamax,4216,259.5,10.2,B-04,3,2025-08-26T04:56:47.755291+00:00,2025-08-26T06:48:59.755291+00:00,2025-08-27T16:36:59.755291+00:00,16.9,20.8,0,34.3,33.8,0,NONE,SHIFT_A (06:00-14:00),1.87
IMO9303262,SITC Handymax 3262,SITC,Handymax,2927,191.2,9.6,B-07,3,2025-12-31T12:10:07.652849+00:00,2025-12-31T12:54:31.652849+00:00,2026-01-01T08:54:31.652849+00:00,14.2,10.7,0,20.9,20.0,0,NONE,SHIFT_A (06:00-14:00),0.74
IMO9303263,SITC Handymax 3263,SITC,Handymax,2973,213.1,8.9,B-08,2,2024-12-06T03:46:04.746617+00:00,2024-12-06T03:46:04.746617+00:00,2024-12-07T04:10:04.746617+00:00,15.9,25.0,0,24.0,24.4,0,NONE,SHIFT_C (22:00-06:00),0.0
IMO9303264,Evergreen Feeder 3264,Evergreen,Feeder,863,188.9,9.4,B-08,2,2026-02-04T03:42:34.613221+00:00,2026-02-04T05:55:46.613221+00:00,2026-02-04T23:31:46.613221+00:00,12.3,15.7,0,16.5,17.6,69,CRANE_OUTAGE,SHIFT_C (22:00-06:00),2.22
IMO9303265,PIL Panamax 3265,PIL,Panamax,3001,257.4,11.0,B-07,3,2026-01-03T10:29:39.624428+00:00,2026-01-03T13:41:03.624428+00:00,2026-01-04T23:53:03.624428+00:00,16.0,18.9,0,33.4,34.2,0,NONE,SHIFT_A (06:00-14:00),3.19
IMO9303266,SITC Handymax 3266,SITC,Handymax,2979,213.5,10.8,B-08,2,2025-03-10T20:48:27.657627+00:00,2025-03-10T23:27:27.657627+00:00,2025-03-12T09:33:27.657627+00:00,14.8,22.7,0,22.9,34.1,673,TIDAL_WINDOW_MISSED,SHIFT_C (22:00-06:00),2.65
IMO9303267,X-Press Feeders Feeder 3267,X-Press Feeders,Feeder,1700,140.9,8.0,B-10,2,2025-03-16T14:18:18.660035+00:00,2025-03-16T15:03:54.660035+00:00,2025-03-17T11:03:54.660035+00:00,14.4,26.4,0,19.6,20.0,0,NONE,SHIFT_B (14:00-22:00),0.76
IMO9303268,Maersk Feeder 3268,Maersk,Feeder,2437,186.3,7.4,B-09,2,2026-06-16T18:33:17.637776+00:00,2026-06-16T18:33:17.637776+00:00,2026-06-17T10:57:17.637776+00:00,13.1,19.2,0,16.9,16.4,0,NONE,SHIFT_B (14:00-22:00),0.0
IMO9303269,HMM Handymax 3269,HMM,Handymax,2640,202.7,9.6,B-07,3,2025-12-08T14:14:55.282845+00:00,2025-12-08T15:17:19.282845+00:00,2025-12-09T14:23:19.282845+00:00,19.0,10.2,0,23.9,23.1,0,NONE,SHIFT_B (14:00-22:00),1.04
IMO9303270,SITC Feeder 3270,SITC,Feeder,1907,152.8,7.1,B-10,2,2026-08-26T14:05:42.784133+00:00,2026-08-26T16:20:06.784133+00:00,2026-08-27T12:50:06.784133+00:00,15.5,5.7,0,21.0,20.5,0,NONE,SHIFT_B (14:00-22:00),2.24
IMO9303271,Maersk Panamax 3271,Maersk,Panamax,3667,284.2,11.6,B-04,3,2026-01-05T12:11:37.867703+00:00,2026-01-05T14:03:13.867703+00:00,2026-01-06T19:33:13.867703+00:00,13.3,11.0,0,29.4,29.5,0,NONE,SHIFT_B (14:00-22:00),1.86
IMO9303272,CMA CGM Feeder 3272,CMA CGM,Feeder,1185,166.1,9.2,B-08,2,2025-03-01T22:03:09.816720+00:00,2025-03-02T01:09:09.816720+00:00,2025-03-02T19:57:09.816720+00:00,14.6,11.6,0,18.1,18.8,0,NONE,SHIFT_C (22:00-06:00),3.1
IMO9303273,SITC Neo-Panamax 3273,SITC,Neo-Panamax,11191,348.5,14.9,B-02,4,2025-11-17T17:20:47.774017+00:00,2025-11-17T17:20:47.774017+00:00,2025-11-19T11:50:47.774017+00:00,16.2,18.4,1,40.9,42.5,95,PILOT_UNAVAILABLE,SHIFT_B (14:00-22:00),0.0
IMO9303274,Yang Ming Post-Panamax 3274,Yang Ming,Post-Panamax,9045,312.0,13.2,B-02,4,2026-09-03T20:21:00.567043+00:00,2026-09-03T23:00:36.567043+00:00,2026-09-06T01:12:36.567043+00:00,14.4,16.3,0,50.5,50.2,0,NONE,SHIFT_C (22:00-06:00),2.66
IMO9303275,Evergreen Panamax 3275,Evergreen,Panamax,4490,281.9,11.7,B-04,3,2025-04-09T23:18:02.668497+00:00,2025-04-10T00:51:38.668497+00:00,2025-04-11T12:03:38.668497+00:00,14.8,5.7,0,30.3,35.2,294,YARD_CONGESTION,SHIFT_C (22:00-06:00),1.56
IMO9303276,Evergreen Neo-Panamax 3276,Evergreen,Neo-Panamax,11151,356.6,14.2,B-01,4,2026-03-18T06:08:05.008035+00:00,2026-03-18T11:24:17.008035+00:00,2026-03-21T00:00:17.008035+00:00,9.0,43.8,1,60.1,60.6,0,NONE,SHIFT_A (06:00-14:00),5.27
IMO9303277,Yang Ming Post-Panamax 3277,Yang Ming,Post-Panamax,9869,338.0,13.6,B-04,3,2025-05-20T05:16:30.629132+00:00,2025-05-20T06:00:54.629132+00:00,2025-05-22T18:18:54.629132+00:00,15.1,4.7,0,54.0,60.3,376,CRANE_OUTAGE,SHIFT_A (06:00-14:00),0.74
IMO9303278,COSCO Feeder 3278,COSCO,Feeder,2494,183.6,8.7,B-09,2,2024-10-11T13:49:18.647512+00:00,2024-10-11T13:49:18.647512+00:00,2024-10-12T06:49:18.647512+00:00,15.1,12.1,0,16.9,17.0,0,NONE,SHIFT_A (06:00-14:00),0.0
IMO9303279,KMTC ULCV 3279,KMTC,ULCV,20927,370.3,16.5,B-03,4,2025-06-10T00:17:14.701370+00:00,2025-06-10T00:17:14.701370+00:00,2025-06-12T21:17:14.701370+00:00,14.6,6.0,0,68.7,69.0,0,NONE,SHIFT_C (22:00-06:00),0.0
IMO9303280,CMA CGM Post-Panamax 3280,CMA CGM,Post-Panamax,6855,312.2,14.0,B-04,3,2025-05-22T04:53:15.945746+00:00,2025-05-22T04:53:15.945746+00:00,2025-05-24T03:35:15.945746+00:00,11.6,17.7,0,46.4,46.7,0,NONE,SHIFT_C (22:00-06:00),0.0
IMO9303281,Hapag-Lloyd Panamax 3281,Hapag-Lloyd,Panamax,4416,266.9,10.1,B-06,3,2025-03-14T00:00:50.276257+00:00,2025-03-14T00:16:26.276257+00:00,2025-03-15T07:28:26.276257+00:00,15.3,7.4,0,31.4,31.2,0,NONE,SHIFT_C (22:00-06:00),0.26
IMO9303282,PIL Feeder 3282,PIL,Feeder,2109,176.3,8.1,B-09,2,2026-05-29T06:37:00.183600+00:00,2026-05-29T08:40:36.183600+00:00,2026-05-30T02:52:36.183600+00:00,15.4,10.0,0,18.5,18.2,0,NONE,SHIFT_A (06:00-14:00),2.06
IMO9303283,HMM Feeder 3283,HMM,Feeder,1061,146.3,9.1,B-10,2,2026-09-06T08:47:17.069564+00:00,2026-09-06T09:28:05.069564+00:00,2026-09-07T10:40:05.069564+00:00,16.9,5.1,0,22.4,25.2,167,CRANE_OUTAGE,SHIFT_A (06:00-14:00),0.68
IMO9303284,PIL Feeder 3284,PIL,Feeder,1767,186.0,7.1,B-10,2,2025-09-25T22:39:00.399572+00:00,2025-09-26T00:24:36.399572+00:00,2025-09-26T16:42:36.399572+00:00,16.1,2.7,0,15.8,16.3,0,NONE,SHIFT_C (22:00-06:00),1.76
IMO9303285,HMM Feeder 3285,HMM,Feeder,1228,168.0,8.9,B-08,2,2025-03-30T10:17:50.392520+00:00,2025-03-30T12:12:26.392520+00:00,2025-03-31T09:36:26.392520+00:00,16.0,3.4,0,17.5,21.4,237,CRANE_OUTAGE,SHIFT_A (06:00-14:00),1.91
IMO9303286,X-Press Feeders ULCV 3286,X-Press Feeders,ULCV,18940,393.8,16.3,B-03,4,2025-09-24T23:55:49.308966+00:00,2025-09-25T01:46:49.308966+00:00,2025-09-27T14:58:49.308966+00:00,16.5,13.0,0,60.4,61.2,0,NONE,SHIFT_C (22:00-06:00),1.85
IMO9303287,Yang Ming Feeder 3287,Yang Ming,Feeder,1225,166.1,8.9,B-08,2,2026-08-27T23:14:56.528480+00:00,2026-08-28T00:46:44.528480+00:00,2026-08-28T15:28:44.528480+00:00,13.8,16.0,0,14.7,14.7,0,NONE,SHIFT_C (22:00-06:00),1.53
IMO9303288,Maersk Feeder 3288,Maersk,Feeder,1787,170.7,8.4,B-08,2,2025-04-13T19:05:21.150657+00:00,2025-04-13T20:14:21.150657+00:00,2025-04-14T17:20:21.150657+00:00,14.6,23.4,0,20.9,21.1,0,NONE,SHIFT_B (14:00-22:00),1.15
IMO9303289,KMTC Feeder 3289,KMTC,Feeder,2005,178.8,8.6,B-10,2,2025-09-07T03:36:40.457936+00:00,2025-09-07T03:36:40.457936+00:00,2025-09-08T01:06:40.457936+00:00,16.3,19.4,0,20.9,21.5,0,NONE,SHIFT_C (22:00-06:00),0.0
IMO9303290,Wan Hai Feeder 3290,Wan Hai,Feeder,1757,170.7,7.9,B-08,2,2024-12-12T12:58:56.780840+00:00,2024-12-12T14:39:44.780840+00:00,2024-12-13T16:39:44.780840+00:00,10.5,27.0,0,20.2,26.0,349,WEATHER,SHIFT_B (14:00-22:00),1.68
IMO9303291,SITC Panamax 3291,SITC,Panamax,3130,277.6,10.1,B-05,3,2026-08-24T07:39:58.705030+00:00,2026-08-24T07:39:58.705030+00:00,2026-08-25T20:09:58.705030+00:00,18.8,26.6,0,35.4,36.5,69,YARD_CONGESTION,SHIFT_A (06:00-14:00),0.0
IMO9303292,ZIM Neo-Panamax 3292,ZIM,Neo-Panamax,13267,345.4,13.5,B-02,4,2024-11-25T12:49:50.992965+00:00,2024-11-25T15:16:50.992965+00:00,2024-11-27T18:28:50.992965+00:00,15.7,10.2,0,51.9,51.2,0,NONE,SHIFT_B (14:00-22:00),2.45
IMO9303293,HMM Panamax 3293,HMM,Panamax,3053,277.7,11.6,B-07,3,2026-04-01T17:18:15.147828+00:00,2026-04-01T19:37:27.147828+00:00,2026-04-02T23:25:27.147828+00:00,15.7,26.8,0,28.7,27.8,0,NONE,SHIFT_B (14:00-22:00),2.32
IMO9303294,ONE Feeder 3294,ONE,Feeder,1168,175.4,8.2,B-10,2,2025-05-16T02:37:54.197241+00:00,2025-05-16T02:37:54.197241+00:00,2025-05-16T18:43:54.197241+00:00,14.3,18.4,0,15.4,16.1,0,NONE,SHIFT_C (22:00-06:00),0.0
IMO9303295,CMA CGM Neo-Panamax 3295,CMA CGM,Neo-Panamax,13213,365.4,15.1,B-02,4,2025-05-29T16:00:31.583056+00:00,2025-05-29T17:43:43.583056+00:00,2025-05-31T22:01:43.583056+00:00,15.2,3.6,0,52.6,52.3,0,NONE,SHIFT_B (14:00-22:00),1.72
IMO9303296,Maersk ULCV 3296,Maersk,ULCV,17158,384.5,14.7,B-01,4,2025-06-06T11:40:17.855272+00:00,2025-06-06T13:36:41.855272+00:00,2025-06-08T23:30:41.855272+00:00,13.1,5.7,0,58.3,57.9,0,NONE,SHIFT_A (06:00-14:00),1.94
IMO9303297,MSC ULCV 3297,MSC,ULCV,18836,368.0,16.4,B-01,4,2025-02-14T07:15:50.517304+00:00,2025-02-14T08:28:26.517304+00:00,2025-02-17T09:10:26.517304+00:00,15.7,19.5,1,69.9,72.7,165,WEATHER,SHIFT_A (06:00-14:00),1.21
IMO9303298,Yang Ming Panamax 3298,Yang Ming,Panamax,3869,226.7,11.0,B-05,3,2025-01-13T16:05:21.011984+00:00,2025-01-13T18:08:21.011984+00:00,2025-01-14T23:02:21.011984+00:00,15.2,11.3,0,29.7,28.9,0,NONE,SHIFT_B (14:00-22:00),2.05
IMO9303299,X-Press Feeders Handymax 3299,X-Press Feeders,Handymax,3318,182.5,9.6,B-07,3,2025-09-29T14:07:54.837522+00:00,2025-09-29T14:10:18.837522+00:00,2025-09-30T14:34:18.837522+00:00,15.1,17.7,0,25.3,24.4,0,NONE,SHIFT_B (14:00-22:00),0.04
IMO9303300,Maersk Feeder 3300,Maersk,Feeder,2071,160.2,7.6,B-10,2,2025-04-18T03:31:37.104887+00:00,2025-04-18T05:01:37.104887+00:00,2025-04-19T01:43:37.104887+00:00,13.4,20.3,0,16.4,20.7,260,CRANE_OUTAGE,SHIFT_C (22:00-06:00),1.5
IMO9303301,KMTC Handymax 3301,KMTC,Handymax,2758,209.6,9.8,B-09,2,2025-03-22T23:48:24.309504+00:00,2025-03-23T01:00:24.309504+00:00,2025-03-24T01:00:24.309504+00:00,14.6,9.7,0,23.7,24.0,0,NONE,SHIFT_C (22:00-06:00),1.2
IMO9303302,HMM Panamax 3302,HMM,Panamax,3340,273.8,11.9,B-04,3,2025-02-06T09:17:42.297201+00:00,2025-02-06T09:35:42.297201+00:00,2025-02-07T13:23:42.297201+00:00,14.0,21.2,0,27.5,27.8,0,NONE,SHIFT_A (06:00-14:00),0.3
IMO9303303,ZIM ULCV 3303,ZIM,ULCV,19152,384.4,16.2,B-01,4,2026-04-14T21:33:46.404384+00:00,2026-04-14T23:44:34.404384+00:00,2026-04-17T15:50:34.404384+00:00,14.5,11.6,1,63.6,64.1,0,NONE,SHIFT_C (22:00-06:00),2.18
IMO9303304,SITC Feeder 3304,SITC,Feeder,1115,180.9,7.0,B-09,2,2024-11-01T12:39:08.159190+00:00,2024-11-01T14:22:56.159190+00:00,2024-11-02T11:16:56.159190+00:00,13.5,14.6,0,20.6,20.9,0,NONE,SHIFT_B (14:00-22:00),1.73
IMO9303305,ZIM Panamax 3305,ZIM,Panamax,4738,275.3,10.2,B-05,3,2025-09-02T13:33:04.695154+00:00,2025-09-02T15:14:28.695154+00:00,2025-09-04T05:02:28.695154+00:00,15.2,24.2,0,38.5,37.8,0,NONE,SHIFT_B (14:00-22:00),1.69
IMO9303306,Evergreen Post-Panamax 3306,Evergreen,Post-Panamax,7935,304.5,14.1,B-04,3,2024-10-29T20:49:55.055756+00:00,2024-10-30T01:09:07.055756+00:00,2024-10-31T22:21:07.055756+00:00,16.0,19.2,0,42.3,45.2,177,YARD_CONGESTION,SHIFT_C (22:00-06:00),4.32
IMO9303307,Maersk Panamax 3307,Maersk,Panamax,4758,257.5,11.4,B-04,3,2026-07-02T23:16:53.934238+00:00,2026-07-03T00:42:41.934238+00:00,2026-07-04T07:30:41.934238+00:00,12.4,11.3,0,31.2,30.8,0,NONE,SHIFT_C (22:00-06:00),1.43
IMO9303308,SITC Post-Panamax 3308,SITC,Post-Panamax,7318,346.1,12.8,B-02,4,2025-11-01T20:17:20.465016+00:00,2025-11-01T20:50:56.465016+00:00,2025-11-03T18:32:56.465016+00:00,14.4,19.6,0,46.5,45.7,0,NONE,SHIFT_B (14:00-22:00),0.56
IMO9303309,SITC ULCV 3309,SITC,ULCV,17817,400.0,16.3,B-02,4,2026-06-17T14:04:18.768778+00:00,2026-06-17T14:13:54.768778+00:00,2026-06-20T02:55:54.768778+00:00,18.1,14.9,0,61.7,60.7,0,NONE,SHIFT_B (14:00-22:00),0.16
IMO9303310,KMTC Handymax 3310,KMTC,Handymax,2858,201.0,9.6,B-08,2,2026-07-07T14:54:34.288024+00:00,2026-07-07T16:25:46.288024+00:00,2026-07-09T03:07:46.288024+00:00,14.8,14.7,0,29.6,34.7,308,WEATHER,SHIFT_B (14:00-22:00),1.52
IMO9303311,Wan Hai Panamax 3311,Wan Hai,Panamax,3760,233.4,10.9,B-06,3,2026-05-17T03:28:37.443017+00:00,2026-05-17T03:28:37.443017+00:00,2026-05-18T13:52:37.443017+00:00,15.5,16.0,0,34.5,34.4,0,NONE,SHIFT_C (22:00-06:00),0.0
IMO9303312,PIL Post-Panamax 3312,PIL,Post-Panamax,9660,304.4,13.8,B-01,4,2026-04-09T14:47:34.870790+00:00,2026-04-09T15:09:10.870790+00:00,2026-04-11T11:09:10.870790+00:00,13.8,8.2,0,43.5,44.0,0,NONE,SHIFT_B (14:00-22:00),0.36
IMO9303313,Maersk Feeder 3313,Maersk,Feeder,2123,182.9,7.9,B-08,2,2025-05-17T17:23:36.911653+00:00,2025-05-17T19:12:48.911653+00:00,2025-05-18T14:24:48.911653+00:00,11.4,12.3,0,19.5,19.2,0,NONE,SHIFT_B (14:00-22:00),1.82
IMO9303314,Yang Ming Post-Panamax 3314,Yang Ming,Post-Panamax,9014,307.0,12.6,B-04,3,2024-12-01T19:11:42.649160+00:00,2024-12-01T20:55:30.649160+00:00,2024-12-03T18:55:30.649160+00:00,14.1,7.9,0,41.9,46.0,245,CRANE_OUTAGE,SHIFT_B (14:00-22:00),1.73
IMO9303315,PIL Panamax 3315,PIL,Panamax,3941,268.1,11.3,B-05,3,2025-02-16T10:50:27.792783+00:00,2025-02-16T11:42:03.792783+00:00,2025-02-18T12:18:03.792783+00:00,14.5,13.1,0,41.3,48.6,439,WEATHER,SHIFT_A (06:00-14:00),0.86
IMO9303316,Maersk ULCV 3316,Maersk,ULCV,22337,380.8,15.6,B-01,4,2026-01-30T06:51:34.239358+00:00,2026-01-30T06:51:34.239358+00:00,2026-02-02T03:45:34.239358+00:00,17.7,19.5,0,67.9,68.9,58,YARD_CONGESTION,SHIFT_A (06:00-14:00),0.0
IMO9303317,MSC ULCV 3317,MSC,ULCV,22552,377.9,14.7,B-01,4,2026-03-12T21:53:19.900188+00:00,2026-03-13T01:13:43.900188+00:00,2026-03-16T03:07:43.900188+00:00,17.6,9.2,1,62.0,73.9,714,TIDAL_WINDOW_MISSED,SHIFT_C (22:00-06:00),3.34
IMO9303318,Yang Ming Panamax 3318,Yang Ming,Panamax,4067,239.9,10.3,B-04,3,2025-04-29T18:36:50.485662+00:00,2025-04-29T20:32:38.485662+00:00,2025-05-01T08:56:38.485662+00:00,16.5,14.5,0,36.9,36.4,0,NONE,SHIFT_B (14:00-22:00),1.93
IMO9303319,KMTC Feeder 3319,KMTC,Feeder,2034,147.2,7.8,B-10,2,2026-04-26T12:51:04.177487+00:00,2026-04-26T13:40:52.177487+00:00,2026-04-27T07:22:52.177487+00:00,15.3,11.3,0,15.5,17.7,133,YARD_CONGESTION,SHIFT_A (06:00-14:00),0.83
IMO9303320,Wan Hai Panamax 3320,Wan Hai,Panamax,3165,227.3,11.3,B-06,3,2026-01-10T11:21:40.135442+00:00,2026-01-10T13:04:16.135442+00:00,2026-01-11T22:04:16.135442+00:00,15.1,15.8,0,33.6,33.0,0,NONE,SHIFT_A (06:00-14:00),1.71
IMO9303321,Evergreen Feeder 3321,Evergreen,Feeder,2172,150.3,7.2,B-10,2,2024-12-01T07:58:47.278831+00:00,2024-12-01T08:37:47.278831+00:00,2024-12-02T03:43:47.278831+00:00,15.6,10.6,0,18.5,19.1,0,NONE,SHIFT_A (06:00-14:00),0.65
IMO9303322,SITC Handymax 3322,SITC,Handymax,2264,197.0,10.3,B-08,2,2025-12-03T17:01:55.706186+00:00,2025-12-03T18:34:55.706186+00:00,2025-12-04T22:52:55.706186+00:00,12.9,17.5,0,23.8,28.3,271,CRANE_OUTAGE,SHIFT_B (14:00-22:00),1.55
IMO9303323,CMA CGM Panamax 3323,CMA CGM,Panamax,3427,253.4,10.1,B-05,3,2025-12-24T20:10:12.274519+00:00,2025-12-24T20:55:12.274519+00:00,2025-12-26T08:25:12.274519+00:00,12.4,11.2,0,31.7,35.5,227,CRANE_OUTAGE,SHIFT_B (14:00-22:00),0.75
IMO9303324,Maersk Feeder 3324,Maersk,Feeder,1332,151.3,9.2,B-10,2,2026-01-21T22:20:16.326653+00:00,2026-01-22T00:47:52.326653+00:00,2026-01-22T19:41:52.326653+00:00,16.3,15.8,0,19.1,18.9,0,NONE,SHIFT_C (22:00-06:00),2.46
IMO9303325,Yang Ming Handymax 3325,Yang Ming,Handymax,2366,201.8,9.1,B-09,2,2025-11-08T16:35:03.511933+00:00,2025-11-08T16:35:03.511933+00:00,2025-11-09T14:29:03.511933+00:00,14.6,9.0,0,21.3,21.9,0,NONE,SHIFT_B (14:00-22:00),0.0
IMO9303326,HMM Feeder 3326,HMM,Feeder,2445,151.7,7.7,B-10,2,2025-08-27T23:46:05.625224+00:00,2025-08-28T00:18:29.625224+00:00,2025-08-28T18:18:29.625224+00:00,15.7,13.0,0,18.6,18.0,0,NONE,SHIFT_C (22:00-06:00),0.54
IMO9303327,KMTC Feeder 3327,KMTC,Feeder,1634,172.0,7.9,B-08,2,2025-02-14T06:00:24.700739+00:00,2025-02-14T08:34:36.700739+00:00,2025-02-15T05:58:36.700739+00:00,16.0,16.8,0,21.0,21.4,0,NONE,SHIFT_A (06:00-14:00),2.57
IMO9303328,CMA CGM Neo-Panamax 3328,CMA CGM,Neo-Panamax,14148,356.4,15.2,B-03,4,2026-04-01T21:15:41.926578+00:00,2026-04-02T00:18:41.926578+00:00,2026-04-05T01:48:41.926578+00:00,13.5,22.5,0,66.7,73.5,405,CRANE_OUTAGE,SHIFT_C (22:00-06:00),3.05
IMO9303329,SITC Feeder 3329,SITC,Feeder,1706,158.5,7.3,B-09,2,2025-05-04T11:16:40.440367+00:00,2025-05-04T13:08:52.440367+00:00,2025-05-05T05:56:52.440367+00:00,13.6,15.3,0,16.3,16.8,0,NONE,SHIFT_A (06:00-14:00),1.87
IMO9303330,SITC Feeder 3330,SITC,Feeder,1316,146.9,8.2,B-08,2,2024-11-30T21:27:45.458185+00:00,2024-11-30T23:58:21.458185+00:00,2024-12-01T23:34:21.458185+00:00,15.6,1.1,0,22.2,23.6,85,PILOT_UNAVAILABLE,SHIFT_C (22:00-06:00),2.51
IMO9303331,MSC Feeder 3331,MSC,Feeder,998,181.7,7.7,B-10,2,2025-06-30T17:36:30.515934+00:00,2025-06-30T18:23:54.515934+00:00,2025-07-01T13:59:54.515934+00:00,16.0,11.2,0,20.1,19.6,0,NONE,SHIFT_B (14:00-22:00),0.79
IMO9303332,KMTC Feeder 3332,KMTC,Feeder,1065,168.4,8.4,B-10,2,2026-09-07T22:13:21.428412+00:00,2026-09-08T00:41:33.428412+00:00,2026-09-08T19:17:33.428412+00:00,12.8,8.4,0,17.8,18.6,0,NONE,SHIFT_C (22:00-06:00),2.47
IMO9303333,Maersk Feeder 3333,Maersk,Feeder,1913,163.3,7.9,B-08,2,2025-05-24T17:53:35.000235+00:00,2025-05-24T20:07:23.000235+00:00,2025-05-25T17:43:23.000235+00:00,16.0,16.3,0,22.0,21.6,0,NONE,SHIFT_B (14:00-22:00),2.23
IMO9303334,Hapag-Lloyd Feeder 3334,Hapag-Lloyd,Feeder,1872,162.8,8.0,B-10,2,2025-10-08T11:56:11.309573+00:00,2025-10-08T12:59:47.309573+00:00,2025-10-09T03:47:47.309573+00:00,13.9,8.1,0,14.2,14.8,0,NONE,SHIFT_A (06:00-14:00),1.06
IMO9303335,Maersk ULCV 3335,Maersk,ULCV,22886,381.4,14.6,B-01,4,2024-12-09T21:30:47.605927+00:00,2024-12-09T21:30:47.605927+00:00,2024-12-12T16:54:47.605927+00:00,15.9,28.8,1,66.7,67.4,0,NONE,SHIFT_B (14:00-22:00),0.0
IMO9303336,COSCO Handymax 3336,COSCO,Handymax,3427,194.7,8.7,B-06,3,2024-10-16T06:46:36.424419+00:00,2024-10-16T14:22:36.424419+00:00,2024-10-17T13:40:36.424419+00:00,10.7,36.9,1,24.1,23.3,0,NONE,SHIFT_B (14:00-22:00),7.6000000000000005
IMO9303337,ZIM Post-Panamax 3337,ZIM,Post-Panamax,9849,342.4,14.4,B-02,4,2026-01-22T05:07:09.772663+00:00,2026-01-22T07:17:21.772663+00:00,2026-01-24T04:53:21.772663+00:00,13.2,17.0,0,45.2,45.6,0,NONE,SHIFT_A (06:00-14:00),2.17
IMO9303338,OOCL Panamax 3338,OOCL,Panamax,4326,265.1,10.5,B-06,3,2025-07-07T00:03:12.406226+00:00,2025-07-07T00:24:12.406226+00:00,2025-07-08T12:30:12.406226+00:00,16.5,4.8,0,36.7,36.1,0,NONE,SHIFT_C (22:00-06:00),0.35
IMO9303339,PIL Handymax 3339,PIL,Handymax,3055,198.2,10.9,B-07,3,2026-03-13T06:45:54.283514+00:00,2026-03-13T07:38:42.283514+00:00,2026-03-14T11:14:42.283514+00:00,12.4,22.9,0,26.4,27.6,73,CRANE_OUTAGE,SHIFT_A (06:00-14:00),0.88
IMO9303340,OOCL Handymax 3340,OOCL,Handymax,3303,194.6,8.5,B-07,3,2025-07-22T19:44:21.503599+00:00,2025-07-22T21:38:57.503599+00:00,2025-07-24T00:44:57.503599+00:00,14.0,6.0,0,20.3,27.1,406,CRANE_OUTAGE,SHIFT_B (14:00-22:00),1.91
IMO9303341,ZIM Neo-Panamax 3341,ZIM,Neo-Panamax,12684,341.7,14.4,B-03,4,2025-06-01T06:58:21.778773+00:00,2025-06-01T08:30:09.778773+00:00,2025-06-03T20:36:09.778773+00:00,13.6,17.2,0,58.3,60.1,109,CRANE_OUTAGE,SHIFT_A (06:00-14:00),1.53
IMO9303342,HMM Handymax 3342,HMM,Handymax,2145,216.9,8.7,B-06,3,2025-10-12T17:03:52.457394+00:00,2025-10-12T17:41:04.457394+00:00,2025-10-13T22:41:04.457394+00:00,13.9,8.2,0,28.7,29.0,0,NONE,SHIFT_B (14:00-22:00),0.62
IMO9303343,HMM Handymax 3343,HMM,Handymax,2356,181.7,8.6,B-09,2,2026-05-08T21:40:50.153318+00:00,2026-05-09T00:06:02.153318+00:00,2026-05-10T11:00:02.153318+00:00,13.4,13.2,0,23.5,34.9,685,TIDAL_WINDOW_MISSED,SHIFT_C (22:00-06:00),2.42
IMO9303344,Maersk Post-Panamax 3344,Maersk,Post-Panamax,6684,341.4,13.6,B-03,4,2025-10-24T11:49:23.701796+00:00,2025-10-24T11:49:23.701796+00:00,2025-10-26T16:07:23.701796+00:00,12.6,3.1,0,44.3,52.3,480,WEATHER,SHIFT_A (06:00-14:00),0.0
IMO9303345,Wan Hai Post-Panamax 3345,Wan Hai,Post-Panamax,7555,322.3,13.9,B-03,4,2026-01-13T18:53:49.080723+00:00,2026-01-13T21:10:01.080723+00:00,2026-01-15T21:52:01.080723+00:00,12.0,12.7,0,43.0,48.7,340,CRANE_OUTAGE,SHIFT_B (14:00-22:00),2.27
IMO9303346,Maersk Handymax 3346,Maersk,Handymax,3337,180.1,9.3,B-06,3,2026-06-18T07:01:29.547679+00:00,2026-06-18T07:17:41.547679+00:00,2026-06-19T05:41:41.547679+00:00,15.4,9.4,0,22.3,22.4,0,NONE,SHIFT_A (06:00-14:00),0.27
IMO9303347,ZIM ULCV 3347,ZIM,ULCV,14076,392.7,15.9,B-01,4,2024-10-18T01:00:37.215561+00:00,2024-10-18T02:02:25.215561+00:00,2024-10-20T19:26:25.215561+00:00,16.4,4.2,0,60.8,65.4,277,CRANE_OUTAGE,SHIFT_C (22:00-06:00),1.03
IMO9303348,PIL Feeder 3348,PIL,Feeder,1792,178.5,8.2,B-08,2,2025-01-23T12:03:33.865583+00:00,2025-01-23T14:10:45.865583+00:00,2025-01-24T09:28:45.865583+00:00,12.5,15.9,0,18.7,19.3,0,NONE,SHIFT_B (14:00-22:00),2.12
IMO9303349,ONE Feeder 3349,ONE,Feeder,1898,150.0,7.3,B-10,2,2026-08-27T20:59:15.790916+00:00,2026-08-27T20:59:15.790916+00:00,2026-08-28T18:23:15.790916+00:00,12.1,19.0,0,21.9,21.4,0,NONE,SHIFT_B (14:00-22:00),0.0
IMO9303350,CMA CGM Panamax 3350,CMA CGM,Panamax,3551,255.3,11.6,B-04,3,2025-05-18T09:25:27.723287+00:00,2025-05-18T11:42:15.723287+00:00,2025-05-19T20:54:15.723287+00:00,17.6,8.1,0,32.6,33.2,0,NONE,SHIFT_A (06:00-14:00),2.28
IMO9303351,ONE Panamax 3351,ONE,Panamax,3766,288.9,11.7,B-07,3,2025-12-20T02:33:16.140593+00:00,2025-12-20T05:03:16.140593+00:00,2025-12-21T16:27:16.140593+00:00,14.1,12.4,0,34.7,35.4,0,NONE,SHIFT_C (22:00-06:00),2.5
IMO9303352,PIL Neo-Panamax 3352,PIL,Neo-Panamax,13149,340.6,15.4,B-02,4,2024-10-08T22:15:28.490756+00:00,2024-10-09T01:17:52.490756+00:00,2024-10-11T04:17:52.490756+00:00,13.7,15.3,0,48.2,51.0,166,PILOT_UNAVAILABLE,SHIFT_C (22:00-06:00),3.04
IMO9303353,MSC Feeder 3353,MSC,Feeder,1521,133.1,7.4,B-09,2,2025-11-30T15:13:41.393285+00:00,2025-11-30T17:19:41.393285+00:00,2025-12-01T08:49:41.393285+00:00,18.0,10.0,0,16.0,15.5,0,NONE,SHIFT_B (14:00-22:00),2.1
IMO9303354,ZIM Panamax 3354,ZIM,Panamax,3484,240.1,10.0,B-06,3,2025-12-24T14:48:07.991284+00:00,2025-12-24T17:25:19.991284+00:00,2025-12-25T22:07:19.991284+00:00,14.5,11.9,0,29.6,28.7,0,NONE,SHIFT_B (14:00-22:00),2.62
IMO9303355,Wan Hai Panamax 3355,Wan Hai,Panamax,5140,265.4,11.7,B-04,3,2025-07-20T06:58:23.665176+00:00,2025-07-20T08:04:59.665176+00:00,2025-07-21T17:40:59.665176+00:00,13.5,18.3,0,34.0,33.6,0,NONE,SHIFT_A (06:00-14:00),1.11
IMO9303356,Evergreen Handymax 3356,Evergreen,Handymax,3362,203.0,10.8,B-07,3,2026-03-25T01:51:00.894810+00:00,2026-03-25T02:33:00.894810+00:00,2026-03-26T08:21:00.894810+00:00,14.9,28.1,1,24.9,29.8,295,CRANE_OUTAGE,SHIFT_C (22:00-06:00),0.7
IMO9303357,SITC Neo-Panamax 3357,SITC,Neo-Panamax,10047,358.7,13.7,B-01,4,2025-04-22T13:59:50.367308+00:00,2025-04-22T14:12:26.367308+00:00,2025-04-24T20:54:26.367308+00:00,16.4,14.5,0,55.2,54.7,0,NONE,SHIFT_B (14:00-22:00),0.21
IMO9303358,Maersk Panamax 3358,Maersk,Panamax,3635,280.6,11.0,B-07,3,2026-07-08T16:36:31.867884+00:00,2026-07-08T17:35:55.867884+00:00,2026-07-09T20:53:55.867884+00:00,13.6,10.4,0,27.8,27.3,0,NONE,SHIFT_B (14:00-22:00),0.99
IMO9303359,ZIM Panamax 3359,ZIM,Panamax,5116,274.3,10.8,B-05,3,2025-04-21T12:04:48.412031+00:00,2025-04-21T12:55:12.412031+00:00,2025-04-22T19:25:12.412031+00:00,15.4,20.5,0,30.7,30.5,0,NONE,SHIFT_A (06:00-14:00),0.84
IMO9303360,Wan Hai Handymax 3360,Wan Hai,Handymax,2599,200.9,8.6,B-07,3,2026-07-21T16:35:30.494813+00:00,2026-07-21T16:51:42.494813+00:00,2026-07-22T15:51:42.494813+00:00,13.8,17.7,0,22.8,23.0,0,NONE,SHIFT_B (14:00-22:00),0.27
IMO9303361,MSC Neo-Panamax 3361,MSC,Neo-Panamax,12631,356.6,13.6,B-01,4,2025-05-28T23:21:17.965967+00:00,2025-05-29T02:54:17.965967+00:00,2025-05-31T05:30:17.965967+00:00,15.9,12.7,0,50.0,50.6,0,NONE,SHIFT_C (22:00-06:00),3.55
IMO9303362,ZIM ULCV 3362,ZIM,ULCV,22810,397.5,15.7,B-02,4,2025-11-17T12:05:34.452176+00:00,2025-11-17T12:36:10.452176+00:00,2025-11-19T20:18:10.452176+00:00,15.9,11.7,0,56.5,55.7,0,NONE,SHIFT_A (06:00-14:00),0.51
IMO9303363,Yang Ming Feeder 3363,Yang Ming,Feeder,2400,157.1,7.5,B-10,2,2025-05-06T04:26:29.444235+00:00,2025-05-06T06:16:53.444235+00:00,2025-05-07T04:46:53.444235+00:00,16.9,11.4,0,19.3,22.5,193,CRANE_OUTAGE,SHIFT_A (06:00-14:00),1.84
IMO9303364,Evergreen Handymax 3364,Evergreen,Handymax,3419,188.1,10.5,B-06,3,2024-10-24T03:18:33.876104+00:00,2024-10-24T05:40:45.876104+00:00,2024-10-25T09:10:45.876104+00:00,12.5,8.7,0,28.3,27.5,0,NONE,SHIFT_C (22:00-06:00),2.37
IMO9303365,Evergreen Handymax 3365,Evergreen,Handymax,2425,212.4,9.7,B-08,2,2026-07-06T07:14:10.471147+00:00,2026-07-06T09:10:34.471147+00:00,2026-07-07T10:10:34.471147+00:00,12.1,15.5,0,22.7,25.0,138,CRANE_OUTAGE,SHIFT_A (06:00-14:00),1.94
IMO9303366,SITC Feeder 3366,SITC,Feeder,868,145.4,9.3,B-08,2,2025-09-05T16:29:44.307003+00:00,2025-09-05T17:53:08.307003+00:00,2025-09-06T12:17:08.307003+00:00,14.6,5.6,0,18.5,18.4,0,NONE,SHIFT_B (14:00-22:00),1.39
IMO9303367,ZIM Feeder 3367,ZIM,Feeder,2192,146.4,7.5,B-09,2,2026-09-16T16:48:58.474289+00:00,2026-09-16T16:48:58.474289+00:00,2026-09-17T17:12:58.474289+00:00,10.7,20.8,0,20.0,24.4,263,CRANE_OUTAGE,SHIFT_B (14:00-22:00),0.0
IMO9303368,X-Press Feeders Handymax 3368,X-Press Feeders,Handymax,3120,205.5,10.0,B-09,2,2026-08-22T00:52:21.700865+00:00,2026-08-22T01:51:45.700865+00:00,2026-08-23T05:45:45.700865+00:00,15.5,8.4,0,26.1,27.9,105,CRANE_OUTAGE,SHIFT_C (22:00-06:00),0.99
IMO9303369,Yang Ming Handymax 3369,Yang Ming,Handymax,2195,217.9,10.6,B-09,2,2026-06-16T03:20:45.951900+00:00,2026-06-16T05:30:21.951900+00:00,2026-06-17T14:00:21.951900+00:00,16.2,15.4,0,28.3,32.5,249,WEATHER,SHIFT_C (22:00-06:00),2.16
IMO9303370,Evergreen Panamax 3370,Evergreen,Panamax,3580,247.2,11.3,B-05,3,2026-01-21T00:18:00.722581+00:00,2026-01-21T02:25:12.722581+00:00,2026-01-22T11:43:12.722581+00:00,15.1,18.5,0,33.7,33.3,0,NONE,SHIFT_C (22:00-06:00),2.12
IMO9303371,PIL Post-Panamax 3371,PIL,Post-Panamax,6872,340.1,14.3,B-04,3,2024-12-13T07:46:26.091295+00:00,2024-12-13T13:30:50.091295+00:00,2024-12-15T16:24:50.091295+00:00,13.1,17.6,0,50.8,50.9,0,NONE,SHIFT_A (06:00-14:00),5.74
IMO9303372,Evergreen Panamax 3372,Evergreen,Panamax,5014,233.7,10.1,B-04,3,2025-03-26T02:41:03.351603+00:00,2025-03-26T04:18:51.351603+00:00,2025-03-27T05:48:51.351603+00:00,15.9,13.6,0,22.6,25.5,172,CRANE_OUTAGE,SHIFT_C (22:00-06:00),1.63
IMO9303373,PIL Handymax 3373,PIL,Handymax,3208,196.1,9.8,B-06,3,2025-09-04T20:35:47.667949+00:00,2025-09-04T23:02:47.667949+00:00,2025-09-05T20:02:47.667949+00:00,15.7,9.3,0,21.3,21.0,0,NONE,SHIFT_C (22:00-06:00),2.45
IMO9303374,MSC Panamax 3374,MSC,Panamax,5000,281.2,11.4,B-05,3,2025-02-01T03:39:58.412745+00:00,2025-02-01T05:22:34.412745+00:00,2025-02-02T13:28:34.412745+00:00,14.6,23.7,0,31.8,32.1,0,NONE,SHIFT_C (22:00-06:00),1.71
IMO9303375,X-Press Feeders Feeder 3375,X-Press Feeders,Feeder,820,130.1,8.7,B-09,2,2026-03-20T23:07:05.447433+00:00,2026-03-21T00:52:05.447433+00:00,2026-03-21T19:58:05.447433+00:00,13.4,6.6,0,18.6,19.1,0,NONE,SHIFT_C (22:00-06:00),1.75
IMO9303376,Wan Hai Handymax 3376,Wan Hai,Handymax,3298,200.6,10.4,B-06,3,2025-06-10T17:26:45.754944+00:00,2025-06-10T18:48:57.754944+00:00,2025-06-11T17:00:57.754944+00:00,17.8,11.7,0,21.8,22.2,0,NONE,SHIFT_B (14:00-22:00),1.37
IMO9303377,Hapag-Lloyd Post-Panamax 3377,Hapag-Lloyd,Post-Panamax,7988,308.2,12.8,B-01,4,2026-03-20T19:51:23.880518+00:00,2026-03-20T21:39:23.880518+00:00,2026-03-22T20:51:23.880518+00:00,14.7,19.3,0,38.4,47.2,526,WEATHER,SHIFT_B (14:00-22:00),1.8
IMO9303378,COSCO Panamax 3378,COSCO,Panamax,3991,271.7,10.5,B-06,3,2025-07-19T10:18:05.422375+00:00,2025-07-19T11:03:05.422375+00:00,2025-07-20T17:51:05.422375+00:00,14.7,21.2,0,30.5,30.8,0,NONE,SHIFT_A (06:00-14:00),0.75
IMO9303379,Hapag-Lloyd Neo-Panamax 3379,Hapag-Lloyd,Neo-Panamax,11183,354.2,13.7,B-01,4,2026-05-27T16:57:32.945766+00:00,2026-05-27T17:57:32.945766+00:00,2026-05-30T02:15:32.945766+00:00,14.1,32.1,1,53.0,56.3,197,YARD_CONGESTION,SHIFT_B (14:00-22:00),1.0
IMO9303380,HMM Feeder 3380,HMM,Feeder,1388,174.3,7.4,B-08,2,2026-09-02T02:17:03.098808+00:00,2026-09-02T02:17:03.098808+00:00,2026-09-02T22:35:03.098808+00:00,16.4,9.8,0,21.1,20.3,0,NONE,SHIFT_C (22:00-06:00),0.0
IMO9303381,Evergreen Feeder 3381,Evergreen,Feeder,1342,162.7,8.7,B-10,2,2026-04-01T12:40:35.284173+00:00,2026-04-01T15:45:23.284173+00:00,2026-04-02T14:57:23.284173+00:00,15.4,15.0,0,22.8,23.2,0,NONE,SHIFT_B (14:00-22:00),3.08
IMO9303382,X-Press Feeders Panamax 3382,X-Press Feeders,Panamax,4682,228.2,11.9,B-05,3,2025-07-21T20:11:01.356584+00:00,2025-07-21T22:27:49.356584+00:00,2025-07-23T08:03:49.356584+00:00,14.0,26.0,0,29.4,33.6,252,CRANE_OUTAGE,SHIFT_C (22:00-06:00),2.28
IMO9303383,SITC Handymax 3383,SITC,Handymax,2441,198.3,10.8,B-09,2,2026-07-30T10:54:39.675632+00:00,2026-07-30T11:53:27.675632+00:00,2026-07-31T08:53:27.675632+00:00,16.8,0.4,0,20.4,21.0,0,NONE,SHIFT_A (06:00-14:00),0.98
IMO9303384,MSC Feeder 3384,MSC,Feeder,1049,137.7,9.4,B-10,2,2024-10-20T13:06:47.718666+00:00,2024-10-20T16:00:11.718666+00:00,2024-10-21T09:42:11.718666+00:00,15.1,13.7,0,17.4,17.7,0,NONE,SHIFT_B (14:00-22:00),2.89
IMO9303385,ONE Neo-Panamax 3385,ONE,Neo-Panamax,12387,351.2,14.7,B-02,4,2025-02-11T04:46:35.385396+00:00,2025-02-11T05:29:47.385396+00:00,2025-02-13T11:47:47.385396+00:00,12.5,19.8,0,54.8,54.3,0,NONE,SHIFT_C (22:00-06:00),0.72
IMO9303386,Hapag-Lloyd ULCV 3386,Hapag-Lloyd,ULCV,23732,368.2,15.4,B-01,4,2026-05-21T22:08:50.814159+00:00,2026-05-22T03:11:14.814159+00:00,2026-05-24T14:59:14.814159+00:00,15.3,36.7,1,59.9,59.8,0,NONE,SHIFT_C (22:00-06:00),5.04
IMO9303387,Evergreen Neo-Panamax 3387,Evergreen,Neo-Panamax,14926,358.8,13.9,B-01,4,2025-12-15T07:58:14.632082+00:00,2025-12-15T09:17:26.632082+00:00,2025-12-17T11:53:26.632082+00:00,14.5,16.9,0,48.7,50.6,111,WEATHER,SHIFT_A (06:00-14:00),1.32
IMO9303388,COSCO Neo-Panamax 3388,COSCO,Neo-Panamax,11407,366.0,14.1,B-02,4,2026-01-17T16:59:59.660434+00:00,2026-01-17T16:59:59.660434+00:00,2026-01-20T00:11:59.660434+00:00,13.6,8.1,0,50.4,55.2,288,WEATHER,SHIFT_B (14:00-22:00),0.0
IMO9303389,Maersk Panamax 3389,Maersk,Panamax,3903,256.6,11.6,B-05,3,2024-12-05T23:53:13.029359+00:00,2024-12-06T00:48:25.029359+00:00,2024-12-07T12:36:25.029359+00:00,12.9,10.8,0,36.5,35.8,0,NONE,SHIFT_C (22:00-06:00),0.92
IMO9303390,SITC Panamax 3390,SITC,Panamax,3805,239.5,10.7,B-06,3,2025-08-16T10:20:43.695818+00:00,2025-08-16T10:47:07.695818+00:00,2025-08-17T14:05:07.695818+00:00,17.2,22.7,0,27.4,27.3,0,NONE,SHIFT_A (06:00-14:00),0.44
IMO9303391,PIL Panamax 3391,PIL,Panamax,3088,275.1,10.2,B-06,3,2026-03-27T20:11:21.665543+00:00,2026-03-27T23:50:21.665543+00:00,2026-03-29T04:38:21.665543+00:00,15.0,10.6,0,28.9,28.8,0,NONE,SHIFT_C (22:00-06:00),3.65
IMO9303392,PIL ULCV 3392,PIL,ULCV,17686,393.5,15.5,B-01,4,2025-04-02T23:48:02.569809+00:00,2025-04-03T01:15:02.569809+00:00,2025-04-05T19:27:02.569809+00:00,12.2,19.1,1,64.9,66.2,80,YARD_CONGESTION,SHIFT_C (22:00-06:00),1.45
IMO9303393,ZIM Panamax 3393,ZIM,Panamax,4869,255.2,10.6,B-06,3,2025-10-17T14:57:45.116268+00:00,2025-10-17T16:07:21.116268+00:00,2025-10-19T10:13:21.116268+00:00,13.3,20.7,0,35.6,42.1,390,CRANE_OUTAGE,SHIFT_B (14:00-22:00),1.16
IMO9303394,PIL Handymax 3394,PIL,Handymax,2780,181.7,10.1,B-07,3,2025-05-28T00:33:31.920427+00:00,2025-05-28T03:22:07.920427+00:00,2025-05-29T01:16:07.920427+00:00,16.5,7.6,0,19.4,21.9,148,CRANE_OUTAGE,SHIFT_C (22:00-06:00),2.81
IMO9303395,Hapag-Lloyd Handymax 3395,Hapag-Lloyd,Handymax,3300,207.1,9.4,B-08,2,2024-12-15T03:57:56.599269+00:00,2024-12-15T05:14:44.599269+00:00,2024-12-16T09:20:44.599269+00:00,15.0,18.8,0,28.4,28.1,0,NONE,SHIFT_C (22:00-06:00),1.28
IMO9303396,CMA CGM Post-Panamax 3396,CMA CGM,Post-Panamax,10151,307.1,13.8,B-04,3,2024-12-12T06:17:13.069003+00:00,2024-12-12T06:22:01.069003+00:00,2024-12-13T20:34:01.069003+00:00,15.4,15.4,0,36.3,38.2,115,WEATHER,SHIFT_A (06:00-14:00),0.08
IMO9303397,X-Press Feeders Post-Panamax 3397,X-Press Feeders,Post-Panamax,8141,315.1,12.6,B-04,3,2025-02-04T02:49:02.194651+00:00,2025-02-04T04:16:38.194651+00:00,2025-02-06T03:22:38.194651+00:00,15.8,21.3,0,47.3,47.1,0,NONE,SHIFT_C (22:00-06:00),1.46
IMO9303398,Yang Ming Handymax 3398,Yang Ming,Handymax,2137,185.6,9.5,B-08,2,2024-10-06T22:11:40.547854+00:00,2024-10-06T22:11:40.547854+00:00,2024-10-08T02:11:40.547854+00:00,17.0,11.2,0,25.5,28.0,151,YARD_CONGESTION,SHIFT_C (22:00-06:00),0.0
IMO9303399,PIL Panamax 3399,PIL,Panamax,4091,230.5,11.7,B-05,3,2025-02-23T06:22:48.176131+00:00,2025-02-23T08:43:12.176131+00:00,2025-02-24T21:55:12.176131+00:00,14.7,19.0,0,36.0,37.2,75,CRANE_OUTAGE,SHIFT_A (06:00-14:00),2.34
IMO9303400,PIL Panamax 3400,PIL,Panamax,3319,236.9,11.9,B-05,3,2026-05-23T12:30:00.511977+00:00,2026-05-23T13:47:24.511977+00:00,2026-05-24T15:35:24.511977+00:00,14.3,12.5,0,26.0,25.8,0,NONE,SHIFT_A (06:00-14:00),1.29
IMO9303401,SITC Panamax 3401,SITC,Panamax,4561,224.3,10.9,B-06,3,2026-02-27T10:05:16.418777+00:00,2026-02-27T10:05:16.418777+00:00,2026-03-01T08:41:16.418777+00:00,14.4,24.9,0,41.7,46.6,295,CRANE_OUTAGE,SHIFT_A (06:00-14:00),0.0
IMO9303402,MSC Panamax 3402,MSC,Panamax,3447,271.2,11.5,B-05,3,2026-02-18T09:58:16.633867+00:00,2026-02-18T13:27:04.633867+00:00,2026-02-20T03:21:04.633867+00:00,13.7,23.7,0,37.8,37.9,0,NONE,SHIFT_A (06:00-14:00),3.48
IMO9303403,Hapag-Lloyd Handymax 3403,Hapag-Lloyd,Handymax,2987,184.2,10.3,B-08,2,2025-04-20T16:35:28.777380+00:00,2025-04-20T17:25:52.777380+00:00,2025-04-21T19:13:52.777380+00:00,14.2,10.3,0,24.8,25.8,60,PILOT_UNAVAILABLE,SHIFT_B (14:00-22:00),0.84
IMO9303404,ONE Panamax 3404,ONE,Panamax,4201,268.1,11.5,B-05,3,2024-09-29T06:19:46.689629+00:00,2024-09-29T07:56:22.689629+00:00,2024-09-30T17:32:22.689629+00:00,14.2,10.9,0,31.6,33.6,119,PILOT_UNAVAILABLE,SHIFT_A (06:00-14:00),1.61
IMO9303405,HMM Feeder 3405,HMM,Feeder,1738,135.1,7.2,B-08,2,2025-05-23T05:19:29.021978+00:00,2025-05-23T06:15:17.021978+00:00,2025-05-24T00:39:17.021978+00:00,19.2,5.6,0,19.2,18.4,0,NONE,SHIFT_A (06:00-14:00),0.93
IMO9303406,SITC Post-Panamax 3406,SITC,Post-Panamax,9901,327.5,12.6,B-01,4,2025-03-12T14:47:21.841940+00:00,2025-03-12T15:09:33.841940+00:00,2025-03-14T07:09:33.841940+00:00,15.5,14.1,0,40.5,40.0,0,NONE,SHIFT_B (14:00-22:00),0.37
IMO9303407,CMA CGM Feeder 3407,CMA CGM,Feeder,1519,149.9,7.1,B-08,2,2026-03-10T21:56:54.030785+00:00,2026-03-11T00:45:30.030785+00:00,2026-03-11T20:03:30.030785+00:00,16.0,4.7,0,19.6,19.3,0,NONE,SHIFT_C (22:00-06:00),2.81
IMO9303408,Wan Hai Feeder 3408,Wan Hai,Feeder,2252,137.3,7.2,B-09,2,2026-05-15T20:53:13.962322+00:00,2026-05-15T23:16:37.962322+00:00,2026-05-16T22:40:37.962322+00:00,15.3,20.2,0,17.1,23.4,375,CRANE_OUTAGE,SHIFT_C (22:00-06:00),2.39
IMO9303409,COSCO Feeder 3409,COSCO,Feeder,1663,132.1,7.3,B-09,2,2026-09-10T16:29:41.898129+00:00,2026-09-10T18:31:29.898129+00:00,2026-09-11T15:19:29.898129+00:00,17.3,15.2,0,20.5,20.8,0,NONE,SHIFT_B (14:00-22:00),2.03
IMO9303410,OOCL Panamax 3410,OOCL,Panamax,3028,282.8,10.4,B-07,3,2026-06-05T19:58:48.374737+00:00,2026-06-05T20:58:48.374737+00:00,2026-06-07T02:16:48.374737+00:00,9.3,20.4,0,29.0,29.3,0,NONE,SHIFT_B (14:00-22:00),1.0
IMO9303411,Maersk Feeder 3411,Maersk,Feeder,2420,162.9,8.1,B-08,2,2025-04-03T23:25:42.652314+00:00,2025-04-03T23:25:42.652314+00:00,2025-04-04T21:01:42.652314+00:00,15.5,11.6,0,22.4,21.6,0,NONE,SHIFT_C (22:00-06:00),0.0
IMO9303412,Yang Ming Feeder 3412,Yang Ming,Feeder,2009,176.9,9.1,B-08,2,2024-11-08T00:47:42.335616+00:00,2024-11-08T01:44:42.335616+00:00,2024-11-09T03:44:42.335616+00:00,14.4,19.7,0,19.3,26.0,402,WEATHER,SHIFT_C (22:00-06:00),0.95
IMO9303413,COSCO Post-Panamax 3413,COSCO,Post-Panamax,10200,308.2,13.9,B-01,4,2024-10-03T01:01:14.242434+00:00,2024-10-03T01:13:50.242434+00:00,2024-10-04T20:55:50.242434+00:00,13.1,23.9,0,43.1,43.7,0,NONE,SHIFT_C (22:00-06:00),0.21
IMO9303414,Wan Hai Post-Panamax 3414,Wan Hai,Post-Panamax,8604,335.5,14.2,B-05,3,2026-06-02T05:47:14.772096+00:00,2026-06-02T06:17:50.772096+00:00,2026-06-04T00:59:50.772096+00:00,13.5,12.4,0,43.6,42.7,0,NONE,SHIFT_A (06:00-14:00),0.51
IMO9303415,HMM Panamax 3415,HMM,Panamax,5181,265.1,11.0,B-07,3,2025-06-25T05:48:57.585598+00:00,2025-06-25T08:23:09.585598+00:00,2025-06-26T08:35:09.585598+00:00,11.8,26.0,0,25.1,24.2,0,NONE,SHIFT_A (06:00-14:00),2.57
IMO9303416,Hapag-Lloyd Post-Panamax 3416,Hapag-Lloyd,Post-Panamax,8720,334.9,13.4,B-02,4,2026-09-04T08:19:10.718612+00:00,2026-09-04T08:44:22.718612+00:00,2026-09-06T08:02:22.718612+00:00,12.0,13.8,0,47.6,47.3,0,NONE,SHIFT_A (06:00-14:00),0.42
IMO9303417,CMA CGM Panamax 3417,CMA CGM,Panamax,3551,220.8,10.0,B-06,3,2024-10-27T00:05:07.235728+00:00,2024-10-27T00:05:07.235728+00:00,2024-10-28T15:11:07.235728+00:00,14.4,18.0,0,36.7,39.1,142,YARD_CONGESTION,SHIFT_C (22:00-06:00),0.0
IMO9303418,COSCO Post-Panamax 3418,COSCO,Post-Panamax,7961,349.7,13.4,B-01,4,2025-08-09T21:01:50.853930+00:00,2025-08-10T00:16:50.853930+00:00,2025-08-11T23:16:50.853930+00:00,15.0,18.9,0,42.2,47.0,288,WEATHER,SHIFT_C (22:00-06:00),3.25
IMO9303419,Maersk Panamax 3419,Maersk,Panamax,3618,225.8,11.7,B-06,3,2025-04-08T10:20:11.199671+00:00,2025-04-08T11:07:35.199671+00:00,2025-04-09T13:49:35.199671+00:00,12.9,23.8,0,26.1,26.7,0,NONE,SHIFT_A (06:00-14:00),0.79
IMO9303420,KMTC ULCV 3420,KMTC,ULCV,14326,392.4,16.5,B-03,4,2026-03-07T07:01:39.938006+00:00,2026-03-07T09:37:39.938006+00:00,2026-03-10T02:49:39.938006+00:00,14.4,18.9,0,60.1,65.2,304,CRANE_OUTAGE,SHIFT_A (06:00-14:00),2.6
IMO9303421,OOCL Handymax 3421,OOCL,Handymax,3082,188.7,9.5,B-09,2,2026-04-06T18:11:22.397361+00:00,2026-04-06T19:43:10.397361+00:00,2026-04-07T18:31:10.397361+00:00,13.3,16.9,0,22.5,22.8,0,NONE,SHIFT_B (14:00-22:00),1.53
IMO9303422,OOCL Panamax 3422,OOCL,Panamax,4394,250.0,11.6,B-06,3,2026-09-03T22:28:26.275629+00:00,2026-09-03T23:02:02.275629+00:00,2026-09-05T05:38:02.275629+00:00,13.5,18.3,0,29.4,30.6,72,YARD_CONGESTION,SHIFT_C (22:00-06:00),0.56
IMO9303423,MSC Panamax 3423,MSC,Panamax,4477,249.1,11.2,B-04,3,2025-05-08T09:40:19.310587+00:00,2025-05-08T10:25:19.310587+00:00,2025-05-10T06:43:19.310587+00:00,13.4,4.0,0,41.0,44.3,196,YARD_CONGESTION,SHIFT_A (06:00-14:00),0.75
IMO9303424,CMA CGM Handymax 3424,CMA CGM,Handymax,2138,203.4,10.4,B-07,3,2026-03-14T05:07:55.869923+00:00,2026-03-14T06:34:19.869923+00:00,2026-03-15T14:22:19.869923+00:00,13.1,13.6,0,25.7,31.8,365,CRANE_OUTAGE,SHIFT_A (06:00-14:00),1.44
IMO9303425,MSC Panamax 3425,MSC,Panamax,3481,250.8,10.2,B-04,3,2025-04-02T07:57:15.511715+00:00,2025-04-02T12:11:39.511715+00:00,2025-04-03T15:59:39.511715+00:00,13.0,16.0,0,28.4,27.8,0,NONE,SHIFT_A (06:00-14:00),4.24
IMO9303426,CMA CGM Neo-Panamax 3426,CMA CGM,Neo-Panamax,10766,351.7,14.1,B-01,4,2025-03-15T10:51:26.066789+00:00,2025-03-15T13:30:26.066789+00:00,2025-03-18T01:12:26.066789+00:00,14.3,14.0,0,53.0,59.7,401,CRANE_OUTAGE,SHIFT_A (06:00-14:00),2.65
IMO9303427,HMM Post-Panamax 3427,HMM,Post-Panamax,8130,309.4,13.5,B-01,4,2026-01-22T00:25:31.572704+00:00,2026-01-22T00:25:31.572704+00:00,2026-01-24T01:07:31.572704+00:00,15.4,18.7,0,48.4,48.7,0,NONE,SHIFT_C (22:00-06:00),0.0
IMO9303428,X-Press Feeders Feeder 3428,X-Press Feeders,Feeder,1994,132.1,7.5,B-08,2,2026-04-17T23:52:46.216879+00:00,2026-04-18T01:23:58.216879+00:00,2026-04-18T18:47:58.216879+00:00,12.7,15.2,0,17.7,17.4,0,NONE,SHIFT_C (22:00-06:00),1.52
IMO9303429,ONE ULCV 3429,ONE,ULCV,15228,392.2,15.1,B-02,4,2026-03-23T12:10:15.776608+00:00,2026-03-23T12:10:15.776608+00:00,2026-03-26T10:10:15.776608+00:00,10.2,15.1,1,70.7,70.0,0,NONE,SHIFT_A (06:00-14:00),0.0
IMO9303430,MSC Panamax 3430,MSC,Panamax,3849,273.4,11.4,B-07,3,2025-08-25T19:34:43.222135+00:00,2025-08-25T21:11:55.222135+00:00,2025-08-27T07:35:55.222135+00:00,15.5,24.3,0,33.8,34.4,0,NONE,SHIFT_B (14:00-22:00),1.62
IMO9303431,Yang Ming Panamax 3431,Yang Ming,Panamax,4658,238.0,10.2,B-04,3,2025-07-15T10:33:58.434234+00:00,2025-07-15T11:02:10.434234+00:00,2025-07-16T20:20:10.434234+00:00,12.9,12.2,0,30.8,33.3,148,WEATHER,SHIFT_A (06:00-14:00),0.47
IMO9303432,X-Press Feeders Neo-Panamax 3432,X-Press Feeders,Neo-Panamax,13246,342.2,13.5,B-02,4,2026-02-05T09:20:37.064636+00:00,2026-02-05T09:22:25.064636+00:00,2026-02-07T14:46:25.064636+00:00,15.7,26.1,0,53.1,53.4,0,NONE,SHIFT_A (06:00-14:00),0.03
IMO9303433,X-Press Feeders Post-Panamax 3433,X-Press Feeders,Post-Panamax,7657,335.9,13.4,B-02,4,2025-05-10T02:44:38.136744+00:00,2025-05-10T05:12:50.136744+00:00,2025-05-12T05:30:50.136744+00:00,14.2,25.4,0,47.9,48.3,0,NONE,SHIFT_C (22:00-06:00),2.47
IMO9303434,MSC Post-Panamax 3434,MSC,Post-Panamax,7975,308.5,13.3,B-05,3,2025-06-07T17:32:17.500754+00:00,2025-06-07T20:30:29.500754+00:00,2025-06-09T23:24:29.500754+00:00,12.0,24.1,0,50.3,50.9,0,NONE,SHIFT_B (14:00-22:00),2.97
IMO9303435,Wan Hai Post-Panamax 3435,Wan Hai,Post-Panamax,9782,319.2,13.5,B-03,4,2024-12-28T16:00:21.757980+00:00,2024-12-28T16:00:21.757980+00:00,2024-12-30T11:24:21.757980+00:00,11.8,24.1,0,44.1,43.4,0,NONE,SHIFT_B (14:00-22:00),0.0
IMO9303436,CMA CGM Panamax 3436,CMA CGM,Panamax,4204,257.3,10.4,B-07,3,2025-11-26T17:48:24.019663+00:00,2025-11-26T18:19:00.019663+00:00,2025-11-28T07:43:00.019663+00:00,14.0,21.9,0,34.5,37.4,174,CRANE_OUTAGE,SHIFT_B (14:00-22:00),0.51
IMO9303437,SITC Post-Panamax 3437,SITC,Post-Panamax,6803,345.2,13.3,B-05,3,2024-10-20T20:56:17.570517+00:00,2024-10-20T22:47:17.570517+00:00,2024-10-22T21:53:17.570517+00:00,15.1,12.1,0,47.4,47.1,0,NONE,SHIFT_C (22:00-06:00),1.85
IMO9303438,ONE Feeder 3438,ONE,Feeder,1972,169.2,7.4,B-08,2,2026-09-08T19:24:26.345195+00:00,2026-09-08T19:35:14.345195+00:00,2026-09-09T12:41:14.345195+00:00,12.4,11.0,0,16.7,17.1,0,NONE,SHIFT_B (14:00-22:00),0.18
IMO9303439,ONE Feeder 3439,ONE,Feeder,2148,147.7,8.8,B-08,2,2026-02-01T20:28:35.288680+00:00,2026-02-01T22:31:35.288680+00:00,2026-02-02T16:07:35.288680+00:00,10.8,8.1,0,18.6,17.6,0,NONE,SHIFT_C (22:00-06:00),2.05
IMO9303440,KMTC Panamax 3440,KMTC,Panamax,4749,223.1,10.0,B-06,3,2025-09-19T08:23:53.278690+00:00,2025-09-19T08:44:53.278690+00:00,2025-09-20T17:02:53.278690+00:00,13.4,17.8,0,32.0,32.3,0,NONE,SHIFT_A (06:00-14:00),0.35
IMO9303441,PIL Neo-Panamax 3441,PIL,Neo-Panamax,11790,354.4,15.0,B-03,4,2025-02-06T15:23:58.613079+00:00,2025-02-06T17:17:22.613079+00:00,2025-02-08T19:23:22.613079+00:00,17.1,4.3,0,50.7,50.1,0,NONE,SHIFT_B (14:00-22:00),1.89
IMO9303442,X-Press Feeders Panamax 3442,X-Press Feeders,Panamax,3813,233.6,11.8,B-06,3,2025-12-20T22:09:48.501526+00:00,2025-12-20T22:09:48.501526+00:00,2025-12-22T10:39:48.501526+00:00,12.2,29.5,1,35.7,36.5,0,NONE,SHIFT_C (22:00-06:00),0.0
IMO9303443,X-Press Feeders Handymax 3443,X-Press Feeders,Handymax,3456,219.9,8.8,B-09,2,2025-02-24T03:32:13.521333+00:00,2025-02-24T05:12:25.521333+00:00,2025-02-25T10:12:25.521333+00:00,14.4,16.4,0,28.3,29.0,0,NONE,SHIFT_C (22:00-06:00),1.67
IMO9303444,Maersk Feeder 3444,Maersk,Feeder,1013,158.0,8.5,B-10,2,2026-08-18T15:24:10.145832+00:00,2026-08-18T15:24:10.145832+00:00,2026-08-19T08:30:10.145832+00:00,12.4,11.1,0,18.1,17.1,0,NONE,SHIFT_B (14:00-22:00),0.0
IMO9303445,Yang Ming Handymax 3445,Yang Ming,Handymax,2567,216.5,9.1,B-08,2,2026-07-29T12:02:18.278881+00:00,2026-07-29T15:04:42.278881+00:00,2026-07-30T15:04:42.278881+00:00,10.0,36.7,1,24.1,24.0,0,NONE,SHIFT_B (14:00-22:00),3.04
IMO9303446,ZIM Panamax 3446,ZIM,Panamax,4259,265.5,11.5,B-05,3,2024-12-21T11:17:45.798136+00:00,2024-12-21T11:40:33.798136+00:00,2024-12-22T16:04:33.798136+00:00,15.0,3.3,0,29.2,28.4,0,NONE,SHIFT_A (06:00-14:00),0.38
IMO9303447,PIL Post-Panamax 3447,PIL,Post-Panamax,6954,341.3,12.6,B-04,3,2025-09-17T09:59:16.857313+00:00,2025-09-17T09:59:16.857313+00:00,2025-09-19T14:29:16.857313+00:00,15.7,12.0,0,50.4,52.5,126,PILOT_UNAVAILABLE,SHIFT_A (06:00-14:00),0.0
IMO9303448,X-Press Feeders Panamax 3448,X-Press Feeders,Panamax,4607,269.9,11.3,B-07,3,2026-04-20T19:44:43.855660+00:00,2026-04-20T22:42:55.855660+00:00,2026-04-22T12:12:55.855660+00:00,12.9,40.5,1,32.9,37.5,275,TIDAL_WINDOW_MISSED,SHIFT_C (22:00-06:00),2.9699999999999998
IMO9303449,Yang Ming Neo-Panamax 3449,Yang Ming,Neo-Panamax,13405,343.9,14.1,B-03,4,2026-08-02T20:29:50.060216+00:00,2026-08-02T21:49:38.060216+00:00,2026-08-04T20:19:38.060216+00:00,18.2,22.2,0,47.1,46.5,0,NONE,SHIFT_B (14:00-22:00),1.33
IMO9303450,Wan Hai Handymax 3450,Wan Hai,Handymax,3424,183.0,9.8,B-09,2,2025-05-16T01:35:58.978748+00:00,2025-05-16T01:35:58.978748+00:00,2025-05-17T01:17:58.978748+00:00,13.9,20.7,0,24.2,23.7,0,NONE,SHIFT_C (22:00-06:00),0.0
IMO9303451,Maersk Neo-Panamax 3451,Maersk,Neo-Panamax,10704,342.1,14.8,B-03,4,2025-12-20T07:37:12.308402+00:00,2025-12-20T10:37:12.308402+00:00,2025-12-22T17:01:12.308402+00:00,15.0,5.1,0,55.0,54.4,0,NONE,SHIFT_A (06:00-14:00),3.0
IMO9303452,Wan Hai Neo-Panamax 3452,Wan Hai,Neo-Panamax,13494,364.1,14.8,B-01,4,2025-11-01T04:58:21.543269+00:00,2025-11-01T07:27:45.543269+00:00,2025-11-03T08:51:45.543269+00:00,12.6,10.2,0,49.9,49.4,0,NONE,SHIFT_A (06:00-14:00),2.49
IMO9303453,ZIM Feeder 3453,ZIM,Feeder,1048,186.3,8.2,B-09,2,2026-01-13T06:41:24.038790+00:00,2026-01-13T09:54:00.038790+00:00,2026-01-14T04:54:00.038790+00:00,13.2,18.6,0,19.7,19.0,0,NONE,SHIFT_A (06:00-14:00),3.21
IMO9303454,KMTC Post-Panamax 3454,KMTC,Post-Panamax,8324,348.2,12.9,B-04,3,2025-10-08T18:34:21.888240+00:00,2025-10-08T19:59:33.888240+00:00,2025-10-10T21:11:33.888240+00:00,11.6,13.0,0,48.7,49.2,0,NONE,SHIFT_B (14:00-22:00),1.42
IMO9303455,ZIM Feeder 3455,ZIM,Feeder,2348,165.0,9.4,B-10,2,2026-03-24T14:36:48.293346+00:00,2026-03-24T14:48:48.293346+00:00,2026-03-25T10:06:48.293346+00:00,15.3,11.9,0,17.0,19.3,137,YARD_CONGESTION,SHIFT_B (14:00-22:00),0.2
IMO9303456,HMM Post-Panamax 3456,HMM,Post-Panamax,8629,321.9,13.2,B-04,3,2025-01-03T09:07:24.460689+00:00,2025-01-03T10:59:36.460689+00:00,2025-01-05T05:23:36.460689+00:00,16.5,12.4,0,41.6,42.4,0,NONE,SHIFT_A (06:00-14:00),1.87
IMO9303457,Maersk Post-Panamax 3457,Maersk,Post-Panamax,10337,303.4,13.6,B-04,3,2025-03-11T08:38:10.935421+00:00,2025-03-11T10:20:46.935421+00:00,2025-03-13T08:56:46.935421+00:00,13.7,14.2,0,46.0,46.6,0,NONE,SHIFT_A (06:00-14:00),1.71
IMO9303458,SITC Feeder 3458,SITC,Feeder,2375,133.8,9.2,B-10,2,2025-09-10T16:38:25.012374+00:00,2025-09-10T18:24:37.012374+00:00,2025-09-11T11:24:37.012374+00:00,17.6,10.7,0,17.8,17.0,0,NONE,SHIFT_B (14:00-22:00),1.77
IMO9303459,SITC Panamax 3459,SITC,Panamax,4302,282.9,10.5,B-06,3,2026-03-07T16:33:16.817788+00:00,2026-03-07T18:35:04.817788+00:00,2026-03-08T18:35:04.817788+00:00,11.8,5.1,0,23.4,24.0,0,NONE,SHIFT_B (14:00-22:00),2.03
IMO9303460,ZIM Post-Panamax 3460,ZIM,Post-Panamax,9655,334.9,13.5,B-05,3,2025-04-24T10:35:52.941941+00:00,2025-04-24T10:35:52.941941+00:00,2025-04-26T04:35:52.941941+00:00,12.9,16.4,0,42.6,42.0,0,NONE,SHIFT_A (06:00-14:00),0.0
IMO9303461,HMM Neo-Panamax 3461,HMM,Neo-Panamax,11356,364.4,13.8,B-02,4,2025-11-06T04:20:36.412924+00:00,2025-11-06T05:11:36.412924+00:00,2025-11-08T04:53:36.412924+00:00,14.7,14.2,0,46.2,47.7,88,YARD_CONGESTION,SHIFT_C (22:00-06:00),0.85
IMO9303462,KMTC Handymax 3462,KMTC,Handymax,2321,184.9,10.7,B-06,3,2025-04-03T08:29:27.532368+00:00,2025-04-03T10:12:03.532368+00:00,2025-04-04T07:54:03.532368+00:00,17.7,9.4,0,21.8,21.7,0,NONE,SHIFT_A (06:00-14:00),1.71
IMO9303463,CMA CGM Panamax 3463,CMA CGM,Panamax,3882,240.4,11.4,B-04,3,2025-08-04T16:02:22.302934+00:00,2025-08-04T18:35:22.302934+00:00,2025-08-06T03:11:22.302934+00:00,13.0,13.6,0,32.3,32.6,0,NONE,SHIFT_B (14:00-22:00),2.55
IMO9303464,KMTC Post-Panamax 3464,KMTC,Post-Panamax,7911,324.0,14.3,B-01,4,2025-09-21T20:15:00.691090+00:00,2025-09-21T21:09:00.691090+00:00,2025-09-23T21:33:00.691090+00:00,9.8,8.6,0,49.2,48.4,0,NONE,SHIFT_B (14:00-22:00),0.9
IMO9303465,KMTC Panamax 3465,KMTC,Panamax,4867,250.8,12.0,B-04,3,2025-12-09T20:01:33.840888+00:00,2025-12-09T20:05:09.840888+00:00,2025-12-11T00:23:09.840888+00:00,15.4,15.6,0,28.5,28.3,0,NONE,SHIFT_B (14:00-22:00),0.06
IMO9303466,Evergreen Handymax 3466,Evergreen,Handymax,2309,187.7,9.3,B-06,3,2024-10-12T06:59:19.162866+00:00,2024-10-12T08:01:07.162866+00:00,2024-10-13T06:49:07.162866+00:00,13.4,3.4,0,22.4,22.8,0,NONE,SHIFT_A (06:00-14:00),1.03
IMO9303467,Wan Hai Feeder 3467,Wan Hai,Feeder,1779,146.2,9.5,B-08,2,2024-10-24T12:48:50.885532+00:00,2024-10-24T17:11:38.885532+00:00,2024-10-25T07:35:38.885532+00:00,11.7,36.8,1,14.6,14.4,0,NONE,SHIFT_B (14:00-22:00),4.38
IMO9303468,Maersk Post-Panamax 3468,Maersk,Post-Panamax,10237,322.5,12.6,B-04,3,2025-06-05T05:38:00.479184+00:00,2025-06-05T07:23:36.479184+00:00,2025-06-07T09:35:36.479184+00:00,9.5,32.6,1,41.3,50.2,532,WEATHER,SHIFT_A (06:00-14:00),1.76
IMO9303469,Yang Ming Handymax 3469,Yang Ming,Handymax,2606,202.1,9.0,B-07,3,2026-01-10T05:38:50.075747+00:00,2026-01-10T12:41:14.075747+00:00,2026-01-11T12:41:14.075747+00:00,11.6,30.7,1,23.7,24.0,0,NONE,SHIFT_A (06:00-14:00),7.04
IMO9303470,Evergreen Feeder 3470,Evergreen,Feeder,1626,150.2,7.7,B-09,2,2026-01-25T13:01:02.291827+00:00,2026-01-25T13:01:02.291827+00:00,2026-01-26T12:49:02.291827+00:00,16.6,24.3,0,19.7,23.8,243,CRANE_OUTAGE,SHIFT_A (06:00-14:00),0.0
IMO9303471,SITC Neo-Panamax 3471,SITC,Neo-Panamax,13932,352.3,14.0,B-01,4,2026-01-01T21:25:16.922728+00:00,2026-01-01T21:25:16.922728+00:00,2026-01-04T04:31:16.922728+00:00,13.9,12.7,0,52.5,55.1,155,YARD_CONGESTION,SHIFT_B (14:00-22:00),0.0
IMO9303472,PIL Handymax 3472,PIL,Handymax,2395,195.5,10.8,B-09,2,2024-12-27T18:29:56.281092+00:00,2024-12-27T20:44:20.281092+00:00,2024-12-28T22:50:20.281092+00:00,11.3,17.6,0,23.5,26.1,156,PILOT_UNAVAILABLE,SHIFT_B (14:00-22:00),2.24
IMO9303473,Yang Ming Panamax 3473,Yang Ming,Panamax,4230,249.4,11.7,B-06,3,2025-04-18T14:32:30.756351+00:00,2025-04-18T17:31:54.756351+00:00,2025-04-19T20:25:54.756351+00:00,13.2,7.0,0,27.7,26.9,0,NONE,SHIFT_B (14:00-22:00),2.99
IMO9303474,SITC Panamax 3474,SITC,Panamax,3111,273.3,11.1,B-07,3,2025-02-04T16:46:44.530734+00:00,2025-02-04T16:46:44.530734+00:00,2025-02-06T07:04:44.530734+00:00,13.9,21.9,0,39.0,38.3,0,NONE,SHIFT_B (14:00-22:00),0.0
IMO9303475,Hapag-Lloyd Panamax 3475,Hapag-Lloyd,Panamax,3716,272.9,10.2,B-06,3,2025-10-31T15:20:29.915571+00:00,2025-10-31T17:27:41.915571+00:00,2025-11-02T05:03:41.915571+00:00,13.8,22.1,0,30.0,35.6,337,CRANE_OUTAGE,SHIFT_B (14:00-22:00),2.12
IMO9303476,MSC Neo-Panamax 3476,MSC,Neo-Panamax,14117,355.0,15.0,B-02,4,2026-06-13T11:44:09.765025+00:00,2026-06-13T15:36:21.765025+00:00,2026-06-16T02:30:21.765025+00:00,16.6,7.0,1,52.7,58.9,374,CRANE_OUTAGE,SHIFT_B (14:00-22:00),3.87
IMO9303477,MSC Panamax 3477,MSC,Panamax,4505,227.3,11.8,B-06,3,2024-11-10T16:26:27.860879+00:00,2024-11-10T17:06:39.860879+00:00,2024-11-12T02:00:39.860879+00:00,14.6,13.9,0,33.2,32.9,0,NONE,SHIFT_B (14:00-22:00),0.67
IMO9303478,Yang Ming Feeder 3478,Yang Ming,Feeder,863,132.3,8.8,B-08,2,2025-01-04T05:22:17.847972+00:00,2025-01-04T07:04:53.847972+00:00,2025-01-05T00:22:53.847972+00:00,15.9,11.8,0,18.3,17.3,0,NONE,SHIFT_A (06:00-14:00),1.71
IMO9303479,ONE Post-Panamax 3479,ONE,Post-Panamax,8746,305.9,14.2,B-02,4,2024-11-26T22:20:24.006630+00:00,2024-11-26T22:20:24.006630+00:00,2024-11-28T23:20:24.006630+00:00,16.5,15.1,0,47.2,49.0,106,YARD_CONGESTION,SHIFT_C (22:00-06:00),0.0
IMO9303480,PIL Neo-Panamax 3480,PIL,Neo-Panamax,11065,346.9,14.2,B-03,4,2026-07-21T04:22:39.585577+00:00,2026-07-21T06:49:39.585577+00:00,2026-07-23T03:31:39.585577+00:00,10.6,19.2,0,44.2,44.7,0,NONE,SHIFT_A (06:00-14:00),2.45
IMO9303481,MSC ULCV 3481,MSC,ULCV,20214,386.5,14.6,B-02,4,2026-08-01T20:46:34.758051+00:00,2026-08-01T22:17:10.758051+00:00,2026-08-05T02:05:10.758051+00:00,13.3,19.6,1,73.8,75.8,122,PILOT_UNAVAILABLE,SHIFT_C (22:00-06:00),1.51
IMO9303482,ONE Panamax 3482,ONE,Panamax,3111,275.0,10.1,B-04,3,2025-11-19T14:24:15.949882+00:00,2025-11-19T14:41:03.949882+00:00,2025-11-21T02:11:03.949882+00:00,15.1,15.6,0,32.9,35.5,155,YARD_CONGESTION,SHIFT_B (14:00-22:00),0.28
IMO9303483,KMTC ULCV 3483,KMTC,ULCV,17444,366.6,15.3,B-03,4,2026-02-14T18:36:29.682569+00:00,2026-02-14T18:36:29.682569+00:00,2026-02-17T07:30:29.682569+00:00,10.7,18.5,0,60.8,60.9,0,NONE,SHIFT_B (14:00-22:00),0.0
IMO9303484,COSCO Feeder 3484,COSCO,Feeder,2446,152.3,7.8,B-10,2,2024-10-09T20:37:00.344061+00:00,2024-10-09T22:44:48.344061+00:00,2024-10-10T23:32:48.344061+00:00,13.8,22.1,0,19.6,24.8,311,WEATHER,SHIFT_C (22:00-06:00),2.13
IMO9303485,ZIM Post-Panamax 3485,ZIM,Post-Panamax,10979,333.9,14.5,B-05,3,2025-06-09T18:21:08.043238+00:00,2025-06-09T19:00:44.043238+00:00,2025-06-11T21:24:44.043238+00:00,10.1,2.9,0,50.9,50.4,0,NONE,SHIFT_B (14:00-22:00),0.66
IMO9303486,Wan Hai Handymax 3486,Wan Hai,Handymax,2199,192.9,11.0,B-09,2,2025-08-03T22:40:35.079701+00:00,2025-08-03T22:40:35.079701+00:00,2025-08-04T22:22:35.079701+00:00,14.4,9.3,0,23.3,23.7,0,NONE,SHIFT_C (22:00-06:00),0.0
IMO9303487,ZIM Neo-Panamax 3487,ZIM,Neo-Panamax,14634,342.6,15.3,B-01,4,2025-12-26T06:02:35.669472+00:00,2025-12-26T06:18:11.669472+00:00,2025-12-28T08:06:11.669472+00:00,13.5,9.9,0,44.9,49.8,294,WEATHER,SHIFT_A (06:00-14:00),0.26
IMO9303488,Maersk Panamax 3488,Maersk,Panamax,4475,263.7,11.4,B-05,3,2026-07-28T00:21:53.223406+00:00,2026-07-28T00:48:17.223406+00:00,2026-07-29T08:54:17.223406+00:00,15.8,15.4,0,27.4,32.1,283,WEATHER,SHIFT_C (22:00-06:00),0.44
IMO9303489,MSC Panamax 3489,MSC,Panamax,4066,238.3,12.0,B-05,3,2025-07-20T17:43:54.065654+00:00,2025-07-20T23:00:06.065654+00:00,2025-07-21T21:30:06.065654+00:00,15.2,19.0,0,21.9,22.5,0,NONE,SHIFT_C (22:00-06:00),5.27
IMO9303490,Wan Hai Panamax 3490,Wan Hai,Panamax,3184,253.9,11.6,B-05,3,2025-10-09T01:49:33.370259+00:00,2025-10-09T02:44:45.370259+00:00,2025-10-10T11:26:45.370259+00:00,11.5,9.4,0,33.0,32.7,0,NONE,SHIFT_C (22:00-06:00),0.92
IMO9303491,KMTC Panamax 3491,KMTC,Panamax,5127,259.7,11.4,B-06,3,2026-04-23T12:05:22.994493+00:00,2026-04-23T14:11:58.994493+00:00,2026-04-24T15:11:58.994493+00:00,15.0,14.4,0,26.0,25.0,0,NONE,SHIFT_B (14:00-22:00),2.11
IMO9303492,COSCO Panamax 3492,COSCO,Panamax,3234,284.7,10.0,B-04,3,2025-08-15T21:38:34.471713+00:00,2025-08-15T22:52:58.471713+00:00,2025-08-17T03:04:58.471713+00:00,15.5,10.1,0,29.1,28.2,0,NONE,SHIFT_C (22:00-06:00),1.24
IMO9303493,HMM Feeder 3493,HMM,Feeder,2291,160.9,7.9,B-10,2,2026-07-01T15:28:46.055947+00:00,2026-07-01T18:26:22.055947+00:00,2026-07-02T14:20:22.055947+00:00,10.7,7.5,0,19.1,19.9,49,YARD_CONGESTION,SHIFT_B (14:00-22:00),2.96
IMO9303494,ZIM Neo-Panamax 3494,ZIM,Neo-Panamax,12677,357.6,13.8,B-01,4,2025-05-02T17:38:58.464694+00:00,2025-05-02T20:41:22.464694+00:00,2025-05-05T04:41:22.464694+00:00,13.7,13.0,0,56.5,56.0,0,NONE,SHIFT_B (14:00-22:00),3.04
IMO9303495,SITC ULCV 3495,SITC,ULCV,14959,368.1,16.3,B-03,4,2026-05-03T22:24:33.127001+00:00,2026-05-04T00:05:21.127001+00:00,2026-05-06T17:35:21.127001+00:00,15.7,17.1,1,65.0,65.5,0,NONE,SHIFT_C (22:00-06:00),1.68
IMO9303496,Yang Ming Panamax 3496,Yang Ming,Panamax,3154,231.0,11.5,B-07,3,2025-03-27T22:45:45.617833+00:00,2025-03-27T23:55:21.617833+00:00,2025-03-29T14:31:21.617833+00:00,16.3,27.9,0,36.0,38.6,157,WEATHER,SHIFT_C (22:00-06:00),1.16
IMO9303497,KMTC Feeder 3497,KMTC,Feeder,1857,189.8,8.4,B-08,2,2024-11-27T11:54:03.115171+00:00,2024-11-27T13:30:03.115171+00:00,2024-11-28T09:36:03.115171+00:00,14.0,5.7,0,19.3,20.1,50,PILOT_UNAVAILABLE,SHIFT_A (06:00-14:00),1.6
IMO9303498,SITC Feeder 3498,SITC,Feeder,1555,164.8,8.0,B-10,2,2024-10-08T01:46:02.040927+00:00,2024-10-08T03:25:02.040927+00:00,2024-10-08T21:19:02.040927+00:00,15.5,18.4,0,17.7,17.9,0,NONE,SHIFT_C (22:00-06:00),1.65
IMO9303499,ONE ULCV 3499,ONE,ULCV,18807,379.2,15.1,B-01,4,2026-02-09T02:14:19.658222+00:00,2026-02-09T03:08:19.658222+00:00,2026-02-11T09:32:19.658222+00:00,15.2,22.4,1,54.8,54.4,0,NONE,SHIFT_C (22:00-06:00),0.9
IMO9303500,Maersk Feeder 3500,Maersk,Feeder,815,150.6,8.5,B-10,2,2025-03-17T23:45:16.605683+00:00,2025-03-18T01:08:40.605683+00:00,2025-03-18T19:14:40.605683+00:00,15.6,27.4,0,18.3,18.1,0,NONE,SHIFT_C (22:00-06:00),1.39
